WP_003853449.1	WP_003853449.1	100.000	67	4.99e-43	130
WP_003853460.1	WP_003853460.1	100.000	189	2.58e-140	385
WP_003853486.1	WP_003853486.1	100.000	201	9.75e-151	412
WP_003853486.1	WP_003856246.1	33.010	103	2.80e-11	56.2
WP_003853529.1	WP_003853529.1	100.000	138	1.85e-101	283
WP_003853529.1	WP_011014102.1	32.090	134	1.02e-15	65.9
WP_003853529.1	WP_011014813.1	27.211	147	1.80e-07	45.1
WP_003853541.1	WP_003853541.1	100.000	261	0.0	539
WP_003853634.1	WP_003853634.1	100.000	389	0.0	771
WP_003853634.1	WP_011265531.1	25.758	330	8.82e-10	56.2
WP_003853648.1	WP_003853648.1	100.000	408	0.0	828
WP_003853648.1	WP_011013836.1	24.127	315	1.99e-10	58.5
WP_003853648.1	WP_003862217.1	22.093	172	5.83e-08	51.2
WP_003853677.1	WP_003853677.1	100.000	252	0.0	499
WP_003853689.1	WP_003853689.1	100.000	500	0.0	1037
WP_003853692.1	WP_003853692.1	100.000	263	0.0	544
WP_003853692.1	WP_003860808.1	25.633	316	4.34e-11	58.5
WP_003853699.1	WP_003853699.1	100.000	70	1.53e-48	144
WP_003853704.1	WP_003853704.1	100.000	376	0.0	774
WP_003853708.1	WP_003853708.1	100.000	199	5.37e-147	403
WP_003853711.1	WP_003853711.1	100.000	126	2.00e-89	251
WP_003853720.1	WP_003853720.1	100.000	163	2.11e-116	323
WP_003853720.1	WP_011013520.1	43.299	97	7.61e-17	69.3
WP_003853745.1	WP_003853745.1	100.000	321	0.0	657
WP_003853776.1	WP_003853776.1	100.000	166	7.50e-123	339
WP_003853779.1	WP_003853779.1	100.000	137	1.07e-97	273
WP_003853803.1	WP_003853803.1	100.000	284	0.0	561
WP_003853803.1	WP_003855021.1	35.088	228	8.74e-28	105
WP_003853806.1	WP_003853806.1	100.000	130	2.87e-94	264
WP_003853810.1	WP_003853810.1	100.000	155	6.40e-110	306
WP_003853851.1	WP_003853851.1	100.000	207	9.73e-152	416
WP_003853866.1	WP_003853866.1	100.000	241	1.07e-179	489
WP_003853866.1	WP_011015530.1	60.669	239	1.03e-99	287
WP_003853866.1	WP_011013630.1	40.693	231	2.88e-57	179
WP_003853866.1	WP_011013867.1	38.053	226	5.24e-54	170
WP_003853866.1	WP_003863097.1	37.668	223	2.61e-46	150
WP_003853866.1	WP_011013940.1	37.611	226	6.86e-45	147
WP_003853866.1	WP_011013524.1	37.333	225	3.97e-40	134
WP_003853867.1	WP_003853867.1	100.000	198	6.67e-142	390
WP_003853884.1	WP_003853884.1	100.000	321	0.0	620
WP_003853884.1	WP_003857497.1	33.754	317	7.11e-52	170
WP_003853884.1	WP_011015038.1	33.000	300	1.59e-38	135
WP_003853884.1	WP_011015119.1	29.721	323	6.50e-34	123
WP_003853934.1	WP_003853934.1	100.000	109	5.60e-74	211
WP_003853939.1	WP_003853939.1	100.000	489	0.0	976
WP_003853941.1	WP_003853941.1	100.000	133	7.83e-99	276
WP_003853955.1	WP_003853955.1	100.000	271	0.0	548
WP_003853955.1	WP_011015468.1	27.099	262	5.11e-12	61.2
WP_003854006.1	WP_003854006.1	100.000	229	1.05e-169	463
WP_003854010.1	WP_003854010.1	100.000	81	3.18e-54	159
WP_003854094.1	WP_003854094.1	100.000	530	0.0	1051
WP_003854094.1	WP_003859319.1	30.899	178	4.84e-20	87.4
WP_003854094.1	WP_003861134.1	29.097	299	5.02e-20	87.4
WP_003854117.1	WP_003854117.1	100.000	338	0.0	689
WP_003854128.1	WP_003854128.1	100.000	613	0.0	1253
WP_003854210.1	WP_003854210.1	100.000	128	1.06e-80	229
WP_003854221.1	WP_003854221.1	100.000	122	1.67e-86	244
WP_003854222.1	WP_003854222.1	100.000	155	5.04e-114	316
WP_003854291.1	WP_003854291.1	100.000	101	1.59e-71	204
WP_003854292.1	WP_003854292.1	100.000	218	1.65e-159	436
WP_003854293.1	WP_003854293.1	100.000	218	6.17e-163	445
WP_003854294.1	WP_003854294.1	100.000	101	8.72e-71	202
WP_003854295.1	WP_003854295.1	100.000	280	0.0	566
WP_003854296.1	WP_003854296.1	100.000	92	4.32e-65	187
WP_003854297.1	WP_003854297.1	100.000	120	1.51e-85	241
WP_003854298.1	WP_003854298.1	100.000	248	0.0	499
WP_003854302.1	WP_003854302.1	100.000	138	8.52e-101	281
WP_003854304.1	WP_003854304.1	100.000	76	6.99e-51	150
WP_003854306.1	WP_003854306.1	100.000	92	1.33e-63	184
WP_003854312.1	WP_003854312.1	100.000	122	1.65e-85	241
WP_003854314.1	WP_003854314.1	100.000	104	1.10e-72	207
WP_003854317.1	WP_003854317.1	100.000	191	3.14e-141	388
WP_003854344.1	WP_003854344.1	100.000	132	4.47e-96	269
WP_003854346.1	WP_003854346.1	100.000	134	1.44e-94	265
WP_003854347.1	WP_003854347.1	100.000	211	3.04e-152	417
WP_003854402.1	WP_003854402.1	100.000	440	0.0	875
WP_003854403.1	WP_003854403.1	100.000	181	1.13e-130	360
WP_003854422.1	WP_003854422.1	100.000	72	1.81e-49	146
WP_003854425.1	WP_003854425.1	100.000	122	7.49e-87	244
WP_003854428.1	WP_003854428.1	100.000	134	1.19e-97	273
WP_003854533.1	WP_003854533.1	100.000	96	5.49e-67	192
WP_003854535.1	WP_003854535.1	100.000	147	7.88e-110	305
WP_003854537.1	WP_003854537.1	100.000	182	5.78e-133	366
WP_003854549.1	WP_003854549.1	100.000	165	3.36e-119	330
WP_003854559.1	WP_003854559.1	100.000	99	1.63e-68	196
WP_003854562.1	WP_003854562.1	100.000	99	1.11e-72	207
WP_003854562.1	WP_003858159.1	40.580	69	7.73e-11	50.4
WP_003854562.1	WP_003858209.1	36.923	65	5.99e-08	43.5
WP_003854562.1	WP_003863319.1	35.135	74	5.91e-06	38.5
WP_003854586.1	WP_003854586.1	100.000	230	1.48e-166	455
WP_003854586.1	WP_011014822.1	27.660	235	6.06e-20	81.3
WP_003854586.1	WP_003862544.1	28.033	239	2.27e-19	79.7
WP_003854586.1	WP_011015360.1	25.561	223	6.02e-12	59.3
WP_003854586.1	WP_003855418.1	33.051	118	3.34e-10	54.7
WP_003854586.1	WP_011013940.1	24.664	223	1.99e-07	46.6
WP_003854586.1	WP_011265935.1	38.333	60	3.82e-07	46.6
WP_003854586.1	WP_011015530.1	24.569	232	1.32e-06	44.3
WP_003854586.1	WP_003863097.1	37.879	66	3.11e-06	43.1
WP_003854626.1	WP_003854626.1	100.000	225	4.67e-158	433
WP_003854632.1	WP_003854632.1	100.000	360	0.0	731
WP_003854632.1	WP_003858826.1	42.917	240	2.97e-58	186
WP_003854632.1	WP_003857431.1	40.726	248	3.33e-56	180
WP_003854632.1	WP_003855103.1	40.724	221	1.07e-53	173
WP_003854632.1	WP_003858089.1	41.364	220	7.29e-49	161
WP_003854632.1	WP_011014807.1	34.601	263	8.98e-49	169
WP_003854632.1	WP_011014807.1	31.908	304	4.10e-36	134
WP_003854632.1	WP_011013642.1	35.581	267	1.08e-45	156
WP_003854632.1	WP_011015040.1	39.184	245	2.69e-45	158
WP_003854632.1	WP_011015040.1	31.722	331	9.26e-37	135
WP_003854632.1	WP_011015118.1	38.655	238	9.15e-45	158
WP_003854632.1	WP_011015118.1	36.237	287	6.84e-39	142
WP_003854632.1	WP_011015284.1	40.517	232	1.88e-44	150
WP_003854632.1	WP_011014379.1	36.515	241	2.77e-43	147
WP_003854632.1	WP_003860245.1	37.561	205	2.12e-40	140
WP_003854632.1	WP_011013479.1	35.417	240	5.92e-38	134
WP_003854632.1	WP_011265986.1	33.607	244	8.64e-38	140
WP_003854632.1	WP_003857536.1	35.749	207	2.43e-37	131
WP_003854632.1	WP_011013783.1	33.810	210	1.13e-36	129
WP_003854632.1	WP_011013851.1	31.174	247	3.94e-35	127
WP_003854632.1	WP_011013931.1	38.565	223	8.82e-35	124
WP_003854632.1	WP_011015140.1	29.185	233	2.21e-32	121
WP_003854632.1	WP_011014327.1	28.980	245	5.07e-30	115
WP_003854632.1	WP_011013984.1	32.432	222	5.38e-30	112
WP_003854632.1	WP_011014139.1	34.272	213	6.73e-29	114
WP_003854632.1	WP_011014139.1	28.750	240	3.63e-20	88.6
WP_003854632.1	WP_011015020.1	33.977	259	1.15e-28	113
WP_003854632.1	WP_011014212.1	31.944	216	2.47e-28	107
WP_003854632.1	WP_011015345.1	31.727	249	8.88e-28	107
WP_003854632.1	WP_011015221.1	34.440	241	3.97e-27	104
WP_003854632.1	WP_011014850.1	31.818	220	4.08e-27	105
WP_003854632.1	WP_011013996.1	28.311	219	2.26e-26	103
WP_003854632.1	WP_003861735.1	28.745	247	2.82e-26	102
WP_003854632.1	WP_011014450.1	30.374	214	7.50e-26	102
WP_003854632.1	WP_011013802.1	30.120	249	1.45e-25	100
WP_003854632.1	WP_011013985.1	30.667	225	1.23e-24	97.1
WP_003854632.1	WP_011013712.1	29.362	235	2.36e-24	100
WP_003854632.1	WP_011013712.1	28.054	221	5.86e-15	72.4
WP_003854632.1	WP_011014012.1	32.271	251	2.91e-23	97.4
WP_003854632.1	WP_003856445.1	29.870	231	6.47e-23	93.2
WP_003854632.1	WP_011013807.1	31.907	257	6.48e-23	93.2
WP_003854632.1	WP_011265940.1	30.769	221	1.04e-22	92.4
WP_003854632.1	WP_011014492.1	30.374	214	3.45e-22	90.9
WP_003854632.1	WP_011014011.1	32.143	252	7.40e-22	93.6
WP_003854632.1	WP_011014233.1	29.756	205	5.46e-21	90.5
WP_003854632.1	WP_011014233.1	27.053	207	5.68e-14	69.3
WP_003854632.1	WP_003862124.1	31.535	241	6.18e-21	90.1
WP_003854632.1	WP_003862124.1	36.872	179	4.12e-19	84.7
WP_003854632.1	WP_011014374.1	29.224	219	1.00e-20	86.7
WP_003854632.1	WP_011013698.1	28.571	245	2.67e-20	85.9
WP_003854632.1	WP_011014785.1	30.387	181	6.18e-20	84.0
WP_003854632.1	WP_011013622.1	29.954	217	1.02e-19	84.3
WP_003854632.1	WP_004567959.1	32.178	202	1.44e-18	81.6
WP_003854632.1	WP_011013333.1	29.958	237	1.83e-18	80.5
WP_003854632.1	WP_011014424.1	29.461	241	8.13e-18	81.3
WP_003854632.1	WP_011013906.1	25.926	216	1.95e-17	77.4
WP_003854632.1	WP_011265658.1	28.829	222	3.95e-17	79.0
WP_003854632.1	WP_011013968.1	29.694	229	1.06e-16	77.8
WP_003854632.1	WP_011013968.1	27.236	246	3.83e-13	67.0
WP_003854632.1	WP_003856990.1	26.050	238	2.90e-16	74.3
WP_003854632.1	WP_011014362.1	26.792	265	8.03e-16	75.1
WP_003854632.1	WP_011013338.1	29.064	203	1.19e-15	72.4
WP_003854632.1	WP_011015133.1	28.070	228	1.98e-15	73.9
WP_003854632.1	WP_011015133.1	25.283	265	2.15e-08	52.0
WP_003854632.1	WP_011014216.1	29.044	272	5.05e-15	71.2
WP_003854632.1	WP_011265869.1	27.897	233	8.18e-14	68.9
WP_003854632.1	WP_011014443.1	29.333	225	1.38e-13	68.2
WP_003854632.1	WP_011014443.1	22.467	227	1.01e-09	56.2
WP_003854632.1	WP_011013466.1	27.315	216	2.47e-13	65.9
WP_003854632.1	WP_011013331.1	27.854	219	7.45e-13	63.5
WP_003854632.1	WP_011015261.1	28.512	242	1.96e-12	62.8
WP_003854632.1	WP_011014865.1	36.788	193	4.75e-11	60.1
WP_003854632.1	WP_003856078.1	27.049	244	4.50e-10	55.8
WP_003854632.1	WP_011014540.1	23.902	205	6.42e-10	54.7
WP_003854632.1	WP_011014910.1	25.833	240	3.11e-09	54.7
WP_003854632.1	WP_011014910.1	28.571	182	1.14e-08	52.8
WP_003854632.1	WP_011014351.1	24.537	216	8.34e-09	53.1
WP_003854632.1	WP_020948580.1	44.928	69	2.75e-08	51.6
WP_003854632.1	WP_011014089.1	28.079	203	2.75e-08	51.6
WP_003854638.1	WP_003854638.1	100.000	223	7.65e-166	452
WP_003854638.1	WP_011265961.1	38.554	166	1.31e-31	112
WP_003854638.1	WP_011014753.1	33.333	135	5.70e-19	79.0
WP_003854639.1	WP_003854639.1	100.000	258	0.0	514
WP_003854640.1	WP_003854640.1	100.000	258	0.0	532
WP_003854640.1	WP_162467700.1	28.364	275	1.28e-19	82.4
WP_003854647.1	WP_003854647.1	100.000	157	4.74e-116	321
WP_003854667.1	WP_003854667.1	100.000	437	0.0	886
WP_003854667.1	WP_011015127.1	33.174	419	9.57e-64	207
WP_003854667.1	WP_011015376.1	28.162	419	3.54e-33	125
WP_003854670.1	WP_003854670.1	100.000	67	8.18e-48	142
WP_003854698.1	WP_003854698.1	100.000	424	0.0	839
WP_003854698.1	WP_011015561.1	30.769	403	2.93e-28	111
WP_003854698.1	WP_011014103.1	27.059	425	2.55e-13	67.8
WP_003854698.1	WP_011015098.1	25.275	364	1.35e-08	52.8
WP_003854698.1	WP_003862889.1	24.000	250	8.48e-07	47.0
WP_003854698.1	WP_011014092.1	23.380	355	2.97e-06	45.4
WP_003854698.1	WP_011015083.1	24.121	199	3.88e-06	45.1
WP_003854698.1	WP_003861178.1	25.161	155	5.46e-06	44.7
WP_003854700.1	WP_003854700.1	100.000	219	5.50e-159	435
WP_003854700.1	WP_011013417.1	27.604	192	4.78e-16	70.9
WP_003854734.1	WP_003854734.1	100.000	236	1.26e-169	463
WP_003854741.1	WP_003854741.1	100.000	335	0.0	650
WP_003854741.1	WP_003859383.1	45.938	320	4.16e-96	285
WP_003854745.1	WP_003854745.1	100.000	212	6.67e-161	439
WP_003854761.1	WP_003854761.1	100.000	99	1.32e-69	199
WP_003854772.1	WP_003854772.1	100.000	487	0.0	967
WP_003854772.1	WP_011014147.1	46.875	448	4.27e-142	412
WP_003854772.1	WP_011015308.1	29.009	424	1.58e-48	170
WP_003854772.1	WP_011013615.1	29.773	440	1.33e-46	166
WP_003854772.1	WP_011014299.1	31.605	405	4.31e-46	163
WP_003854772.1	WP_011015248.1	30.843	415	1.09e-44	160
WP_003854772.1	WP_003859734.1	28.636	440	9.80e-42	153
WP_003854772.1	WP_011015167.1	28.118	441	4.81e-37	138
WP_003854772.1	WP_041625642.1	28.012	332	1.42e-22	96.7
WP_003854772.1	WP_011015504.1	25.122	410	3.36e-21	92.8
WP_003854772.1	WP_011013368.1	24.752	404	6.92e-16	76.3
WP_003854772.1	WP_003862889.1	27.500	160	8.66e-10	57.0
WP_003854772.1	WP_011014146.1	25.698	179	1.21e-09	56.6
WP_003854772.1	WP_011014309.1	22.519	262	2.40e-08	52.4
WP_003854772.1	WP_011015577.1	23.560	191	1.40e-06	47.0
WP_003854804.1	WP_003854804.1	100.000	266	0.0	545
WP_003854804.1	WP_011014614.1	27.572	243	8.98e-19	79.7
WP_003854825.1	WP_003854825.1	100.000	101	4.68e-70	201
WP_003854831.1	WP_003854831.1	100.000	157	4.74e-116	321
WP_003854845.1	WP_003854845.1	100.000	271	0.0	530
WP_003854855.1	WP_003854855.1	100.000	80	5.60e-51	151
WP_003854856.1	WP_003854856.1	100.000	270	0.0	537
WP_003854858.1	WP_003854858.1	100.000	149	1.25e-102	287
WP_003854866.1	WP_003854866.1	100.000	358	0.0	725
WP_003854866.1	WP_003863507.1	39.474	342	1.80e-64	206
WP_003854891.1	WP_003854891.1	100.000	259	0.0	527
WP_003854900.1	WP_003854900.1	100.000	445	0.0	886
WP_003854913.1	WP_003854913.1	100.000	179	9.87e-130	358
WP_003854920.1	WP_003854920.1	100.000	284	0.0	595
WP_003854925.1	WP_003854925.1	100.000	295	0.0	610
WP_003854925.1	WP_011015596.1	85.959	292	0.0	526
WP_003854925.1	WP_011015093.1	33.898	177	1.35e-24	97.1
WP_003854925.1	WP_003859237.1	28.571	147	1.45e-10	56.6
WP_003854931.1	WP_003854931.1	100.000	131	1.14e-95	268
WP_003854943.1	WP_003854943.1	100.000	298	0.0	612
WP_003854992.1	WP_003854992.1	100.000	430	0.0	858
WP_003854992.1	WP_003863396.1	31.200	250	4.29e-22	94.4
WP_003854995.1	WP_003854995.1	100.000	193	4.70e-142	390
WP_003854998.1	WP_003854998.1	100.000	156	1.44e-114	317
WP_003855000.1	WP_003855000.1	100.000	164	2.55e-121	335
WP_003855001.1	WP_003855001.1	100.000	213	1.95e-161	441
WP_003855001.1	WP_003858163.1	37.895	190	2.74e-31	110
WP_003855001.1	WP_011013508.1	31.068	206	8.61e-22	85.1
WP_003855001.1	WP_003855298.1	30.899	178	2.62e-21	84.7
WP_003855001.1	WP_011013755.1	31.915	141	2.41e-11	57.0
WP_003855015.1	WP_003855015.1	100.000	55	7.97e-34	105
WP_003855021.1	WP_003855021.1	100.000	277	0.0	555
WP_003855021.1	WP_003853803.1	35.088	228	6.43e-23	92.0
WP_003855053.1	WP_003855053.1	100.000	291	0.0	581
WP_003855053.1	WP_003857458.1	52.653	245	1.09e-80	242
WP_003855074.1	WP_003855074.1	100.000	95	1.26e-64	186
WP_003855075.1	WP_003855075.1	100.000	47	4.20e-29	93.6
WP_003855083.1	WP_003855083.1	100.000	157	1.04e-112	313
WP_003855103.1	WP_003855103.1	100.000	230	2.40e-171	467
WP_003855103.1	WP_003854632.1	40.724	221	7.63e-54	173
WP_003855103.1	WP_003860245.1	40.741	216	3.98e-52	167
WP_003855103.1	WP_011013931.1	38.356	219	8.08e-47	151
WP_003855103.1	WP_003858826.1	39.056	233	9.48e-45	147
WP_003855103.1	WP_011013783.1	34.529	223	4.89e-44	144
WP_003855103.1	WP_003857431.1	40.359	223	2.74e-41	137
WP_003855103.1	WP_003858089.1	36.036	222	3.54e-41	137
WP_003855103.1	WP_003857536.1	32.743	226	4.75e-37	126
WP_003855103.1	WP_011014807.1	37.768	233	2.34e-36	131
WP_003855103.1	WP_011014807.1	34.894	235	2.01e-33	122
WP_003855103.1	WP_011015040.1	39.614	207	6.83e-36	129
WP_003855103.1	WP_011015040.1	36.538	208	3.52e-34	124
WP_003855103.1	WP_011014379.1	34.934	229	9.69e-34	119
WP_003855103.1	WP_011265986.1	35.622	233	4.34e-33	122
WP_003855103.1	WP_011013851.1	34.146	205	3.94e-31	113
WP_003855103.1	WP_011013479.1	33.333	210	2.44e-30	110
WP_003855103.1	WP_011013642.1	31.390	223	1.51e-29	109
WP_003855103.1	WP_011015118.1	33.476	233	2.59e-29	111
WP_003855103.1	WP_011015118.1	32.558	215	3.59e-27	105
WP_003855103.1	WP_011014850.1	31.250	224	1.74e-27	103
WP_003855103.1	WP_011015284.1	35.644	202	1.41e-26	100
WP_003855103.1	WP_011015140.1	31.633	196	4.26e-26	100
WP_003855103.1	WP_011014212.1	31.674	221	6.92e-26	97.8
WP_003855103.1	WP_011013996.1	31.222	221	2.87e-25	97.4
WP_003855103.1	WP_011014450.1	30.088	226	3.32e-24	95.1
WP_003855103.1	WP_011014374.1	33.333	204	5.00e-24	92.8
WP_003855103.1	WP_011013802.1	32.243	214	1.97e-22	89.0
WP_003855103.1	WP_011013333.1	31.925	213	2.16e-22	88.6
WP_003855103.1	WP_011014327.1	27.149	221	2.29e-22	90.9
WP_003855103.1	WP_011015020.1	32.035	231	3.85e-22	90.9
WP_003855103.1	WP_003861735.1	26.667	210	1.57e-20	84.3
WP_003855103.1	WP_011014785.1	30.387	181	6.31e-20	81.6
WP_003855103.1	WP_011013338.1	30.660	212	1.84e-19	80.9
WP_003855103.1	WP_011013985.1	26.991	226	3.70e-19	79.7
WP_003855103.1	WP_011015221.1	34.343	198	4.20e-19	80.1
WP_003855103.1	WP_011014233.1	28.384	229	5.83e-19	81.6
WP_003855103.1	WP_011014233.1	24.561	228	7.91e-10	54.7
WP_003855103.1	WP_011014139.1	32.367	207	8.54e-19	81.3
WP_003855103.1	WP_011014139.1	28.708	209	1.05e-12	63.5
WP_003855103.1	WP_003862124.1	32.039	206	2.15e-18	79.7
WP_003855103.1	WP_003862124.1	27.604	192	1.80e-10	56.6
WP_003855103.1	WP_003856990.1	27.966	236	2.55e-18	77.8
WP_003855103.1	WP_003856445.1	27.391	230	3.41e-18	77.4
WP_003855103.1	WP_011265940.1	29.596	223	3.87e-18	77.4
WP_003855103.1	WP_011014443.1	28.311	219	4.85e-18	79.0
WP_003855103.1	WP_011013331.1	27.354	223	8.89e-18	75.5
WP_003855103.1	WP_011265869.1	31.863	204	1.85e-16	74.3
WP_003855103.1	WP_011013622.1	26.724	232	2.96e-16	72.4
WP_003855103.1	WP_011013712.1	33.171	205	3.97e-16	73.2
WP_003855103.1	WP_011013712.1	25.333	225	1.61e-10	56.6
WP_003855103.1	WP_011014492.1	29.680	219	4.12e-16	71.6
WP_003855103.1	WP_011013698.1	29.000	200	2.48e-15	69.7
WP_003855103.1	WP_011014012.1	28.774	212	2.72e-15	70.9
WP_003855103.1	WP_011015345.1	24.895	237	6.23e-15	68.9
WP_003855103.1	WP_011013984.1	25.000	216	1.15e-14	67.4
WP_003855103.1	WP_011014865.1	32.642	193	3.56e-14	67.4
WP_003855103.1	WP_011013906.1	25.728	206	5.85e-14	65.5
WP_003855103.1	WP_011013807.1	30.622	209	6.95e-14	65.5
WP_003855103.1	WP_011015261.1	29.717	212	3.41e-13	63.2
WP_003855103.1	WP_011014011.1	26.549	226	5.92e-13	63.9
WP_003855103.1	WP_011013466.1	24.747	198	7.31e-13	62.8
WP_003855103.1	WP_011014000.1	35.294	102	1.36e-12	62.8
WP_003855103.1	WP_011014540.1	24.155	207	6.96e-12	58.9
WP_003855103.1	WP_020948580.1	48.387	62	1.15e-11	60.1
WP_003855103.1	WP_011014216.1	26.702	191	1.69e-10	56.2
WP_003855103.1	WP_004567959.1	25.592	211	2.07e-10	55.8
WP_003855103.1	WP_011265741.1	38.824	85	2.33e-10	56.2
WP_003855103.1	WP_011014424.1	21.596	213	2.71e-09	53.1
WP_003855103.1	WP_011013968.1	25.967	181	3.43e-09	52.8
WP_003855103.1	WP_011013968.1	27.374	179	4.49e-09	52.4
WP_003855103.1	WP_011014362.1	24.891	229	2.63e-08	50.1
WP_003855103.1	WP_011015133.1	25.424	236	3.42e-08	49.7
WP_003855103.1	WP_011014110.1	29.703	101	9.42e-08	48.5
WP_003855103.1	WP_003856078.1	26.778	239	2.21e-07	46.6
WP_003855103.1	WP_011265658.1	25.592	211	3.44e-07	46.6
WP_003855103.1	WP_011265694.1	37.838	74	7.09e-07	45.8
WP_003855103.1	WP_011014319.1	32.653	98	9.68e-06	42.4
WP_003855107.1	WP_003855107.1	100.000	363	0.0	741
WP_003855155.1	WP_003855155.1	100.000	241	6.99e-179	487
WP_003855171.1	WP_003855171.1	100.000	170	3.13e-119	330
WP_003855176.1	WP_003855176.1	100.000	208	3.17e-154	422
WP_003855176.1	WP_011265665.1	33.333	192	8.17e-18	77.8
WP_003855176.1	WP_011013761.1	28.780	205	9.51e-09	50.8
WP_003855176.1	WP_011014478.1	35.821	67	1.43e-06	44.3
WP_003855178.1	WP_003855178.1	100.000	348	0.0	701
WP_003855195.1	WP_003855195.1	100.000	116	1.15e-82	234
WP_003855203.1	WP_003855203.1	100.000	112	2.69e-81	230
WP_003855203.1	WP_011265756.1	34.328	67	3.31e-06	39.7
WP_003855208.1	WP_003855208.1	100.000	51	9.77e-34	105
WP_003855208.1	WP_011015592.1	69.231	52	7.09e-18	65.5
WP_003855208.1	WP_011015593.1	66.071	56	1.70e-16	62.0
WP_003855212.1	WP_003855212.1	100.000	60	6.02e-40	121
WP_003855212.1	WP_011014401.1	71.111	45	2.01e-15	61.2
WP_003855213.1	WP_003855213.1	100.000	508	0.0	1008
WP_003855213.1	WP_011265978.1	36.441	472	8.55e-87	272
WP_003855225.1	WP_003855225.1	100.000	335	0.0	681
WP_003855225.1	WP_011014888.1	34.911	338	9.75e-41	142
WP_003855225.1	WP_011015602.1	31.392	309	3.98e-39	138
WP_003855225.1	WP_011013436.1	23.387	248	7.37e-13	65.1
WP_003855225.1	WP_011013439.1	25.208	361	1.31e-07	48.9
WP_003855225.1	WP_011013443.1	28.141	199	8.52e-06	43.5
WP_003855276.1	WP_003855276.1	100.000	67	2.99e-42	128
WP_003855276.1	WP_003860938.1	71.642	67	7.14e-30	97.1
WP_003855276.1	WP_011015540.1	58.462	65	4.78e-21	74.7
WP_003855276.1	WP_011015527.1	42.424	66	3.62e-07	39.7
WP_003855284.1	WP_003855284.1	100.000	494	0.0	1018
WP_003855298.1	WP_003855298.1	100.000	224	4.49e-170	463
WP_003855298.1	WP_003855001.1	30.899	178	2.75e-21	84.7
WP_003855298.1	WP_011013508.1	31.034	145	9.07e-12	58.5
WP_003855298.1	WP_003858163.1	25.490	153	2.32e-09	52.0
WP_003855300.1	WP_003855300.1	100.000	317	0.0	650
WP_003855300.1	WP_011013820.1	25.778	225	5.70e-15	70.9
WP_003855307.1	WP_003855307.1	100.000	379	0.0	757
WP_003855308.1	WP_003855308.1	100.000	307	0.0	629
WP_003855308.1	WP_011014352.1	42.264	265	1.08e-62	197
WP_003855308.1	WP_011013584.1	29.851	134	3.12e-07	47.8
WP_003855308.1	WP_011014134.1	47.170	53	3.94e-06	44.3
WP_003855313.1	WP_003855313.1	100.000	317	0.0	656
WP_003855313.1	WP_011015508.1	29.930	284	4.49e-29	112
WP_003855320.1	WP_003855320.1	100.000	47	1.01e-26	87.4
WP_003855336.1	WP_003855336.1	100.000	394	0.0	796
WP_003855338.1	WP_003855338.1	100.000	178	3.62e-132	364
WP_003855341.1	WP_003855341.1	100.000	193	3.52e-138	380
WP_003855344.1	WP_003855344.1	100.000	87	5.67e-59	171
WP_003855345.1	WP_003855345.1	100.000	69	1.11e-44	134
WP_003855379.1	WP_003855379.1	100.000	341	0.0	663
WP_003855379.1	WP_011014234.1	29.043	303	7.03e-25	99.0
WP_003855408.1	WP_003855408.1	100.000	237	1.19e-176	481
WP_003855411.1	WP_003855411.1	100.000	149	1.66e-109	304
WP_003855418.1	WP_003855418.1	100.000	218	5.95e-158	432
WP_003855418.1	WP_003854586.1	33.051	118	3.17e-10	54.7
WP_003855418.1	WP_011013867.1	33.036	112	5.63e-09	50.8
WP_003855418.1	WP_003863097.1	29.915	117	1.79e-06	43.9
WP_003855465.1	WP_003855465.1	100.000	257	0.0	514
WP_003855480.1	WP_003855480.1	100.000	100	7.82e-72	205
WP_003855480.1	WP_011013354.1	38.333	60	2.61e-10	49.3
WP_003855491.1	WP_003855491.1	100.000	167	3.53e-121	335
WP_003855492.1	WP_003855492.1	100.000	368	0.0	731
WP_003855492.1	WP_011013593.1	25.000	348	5.54e-14	68.6
WP_003855494.1	WP_003855494.1	100.000	568	0.0	1164
WP_003855494.1	WP_011013532.1	30.171	527	3.04e-67	223
WP_003855494.1	WP_011265702.1	25.665	526	1.52e-34	134
WP_003855494.1	WP_003859440.1	25.894	587	1.04e-29	120
WP_003855494.1	WP_011013660.1	27.762	353	4.86e-21	91.7
WP_003855494.1	WP_011015452.1	22.621	557	1.06e-14	73.6
WP_003855494.1	WP_011015325.1	25.410	366	7.21e-09	55.1
WP_003855496.1	WP_003855496.1	100.000	248	0.0	506
WP_003855496.1	WP_003859329.1	30.000	190	2.86e-12	60.8
WP_003855497.1	WP_003855497.1	100.000	413	0.0	839
WP_003855497.1	WP_179300924.1	32.203	236	5.17e-26	106
WP_003855497.1	WP_011015245.1	32.889	225	9.96e-25	102
WP_003855497.1	WP_011015529.1	28.947	228	2.23e-23	97.4
WP_003855497.1	WP_011013941.1	31.556	225	5.30e-21	90.9
WP_003855497.1	WP_011013525.1	30.041	243	2.50e-20	89.4
WP_003855497.1	WP_011015290.1	28.936	235	2.27e-17	79.7
WP_003855504.1	WP_003855504.1	100.000	268	0.0	520
WP_003855505.1	WP_003855505.1	100.000	270	0.0	539
WP_003855509.1	WP_003855509.1	100.000	63	9.10e-43	129
WP_003855542.1	WP_003855542.1	100.000	33	1.92e-15	58.2
WP_003855543.1	WP_003855543.1	100.000	355	0.0	725
WP_003855543.1	WP_011013545.1	31.783	258	4.28e-35	126
WP_003855543.1	WP_003860289.1	25.243	206	7.45e-06	43.9
WP_003855545.1	WP_003855545.1	100.000	78	1.94e-53	157
WP_003855552.1	WP_003855552.1	100.000	294	0.0	597
WP_003855552.1	WP_011013662.1	26.820	261	1.02e-14	69.3
WP_003855552.1	WP_011014757.1	32.000	150	5.71e-12	61.6
WP_003855552.1	WP_011015499.1	38.554	83	1.57e-11	60.1
WP_003855552.1	WP_011015253.1	27.604	192	2.49e-07	47.0
WP_003855552.1	WP_011013484.1	34.286	105	2.73e-07	47.0
WP_003855552.1	WP_011013318.1	32.143	84	6.97e-07	46.2
WP_003855552.1	WP_011013760.1	26.490	151	9.38e-07	45.8
WP_003855583.1	WP_003855583.1	100.000	202	7.70e-154	421
WP_003855583.1	WP_011014086.1	29.496	139	1.13e-13	63.9
WP_003855585.1	WP_003855585.1	100.000	207	7.69e-155	424
WP_003855590.1	WP_003855590.1	100.000	337	0.0	677
WP_003855600.1	WP_003855600.1	100.000	288	0.0	593
WP_003855650.1	WP_003855650.1	100.000	159	5.71e-115	319
WP_003855650.1	WP_011013788.1	32.000	100	3.22e-10	52.4
WP_003855650.1	WP_011014471.1	34.483	116	4.94e-08	47.4
WP_003855652.1	WP_003855652.1	100.000	67	1.27e-41	126
WP_003855676.1	WP_003855676.1	100.000	103	1.07e-70	202
WP_003855724.1	WP_003855724.1	100.000	421	0.0	847
WP_003855791.1	WP_003855791.1	100.000	51	2.10e-34	107
WP_003855793.1	WP_003855793.1	100.000	153	3.24e-106	296
WP_003855793.1	WP_011013655.1	38.562	153	4.35e-31	106
WP_003855810.1	WP_003855810.1	100.000	227	2.52e-169	462
WP_003855810.1	WP_011014175.1	24.074	216	3.54e-14	65.9
WP_003855827.1	WP_003855827.1	100.000	66	9.75e-42	126
WP_003855829.1	WP_003855829.1	100.000	99	9.90e-68	194
WP_003855892.1	WP_003855892.1	100.000	154	6.94e-109	303
WP_003855899.1	WP_003855899.1	100.000	363	0.0	721
WP_003855899.1	WP_003855936.1	31.250	144	5.94e-09	53.5
WP_003855910.1	WP_003855910.1	100.000	760	0.0	1574
WP_003855910.1	WP_011014279.1	33.333	126	5.59e-13	64.7
WP_003855910.1	WP_011014177.1	27.419	124	3.63e-06	45.1
WP_003855924.1	WP_003855924.1	100.000	216	1.03e-155	426
WP_003855936.1	WP_003855936.1	100.000	459	0.0	923
WP_003855936.1	WP_003855899.1	31.250	144	1.03e-08	53.1
WP_003855936.1	WP_011013499.1	22.848	302	4.52e-07	48.5
WP_003855936.1	WP_011265753.1	27.551	98	8.78e-06	44.3
WP_003855958.1	WP_003855958.1	100.000	101	5.38e-71	203
WP_003855958.1	WP_011265756.1	36.986	73	7.83e-12	53.9
WP_003855958.1	WP_011013515.1	36.364	77	1.16e-10	50.8
WP_003855958.1	WP_020948644.1	36.765	68	2.25e-06	39.7
WP_003855958.1	WP_011013963.1	39.706	68	4.66e-06	38.9
WP_003855973.1	WP_003855973.1	100.000	187	5.96e-139	382
WP_003855988.1	WP_003855988.1	100.000	190	4.19e-140	385
WP_003855993.1	WP_003855993.1	100.000	95	6.48e-68	195
WP_003856000.1	WP_003856000.1	100.000	407	0.0	825
WP_003856004.1	WP_003856004.1	100.000	169	7.14e-125	345
WP_003856004.1	WP_003862894.1	40.462	173	1.16e-36	122
WP_003856016.1	WP_003856016.1	100.000	422	0.0	855
WP_003856018.1	WP_003856018.1	100.000	159	5.79e-114	316
WP_003856023.1	WP_003856023.1	100.000	309	0.0	633
WP_003856053.1	WP_003856053.1	100.000	360	0.0	727
WP_003856078.1	WP_003856078.1	100.000	252	0.0	514
WP_003856078.1	WP_011265986.1	25.581	215	5.22e-14	67.8
WP_003856078.1	WP_011014850.1	31.183	186	8.43e-12	60.5
WP_003856078.1	WP_011015118.1	29.596	223	3.13e-11	59.3
WP_003856078.1	WP_011015118.1	23.932	234	3.17e-10	56.2
WP_003856078.1	WP_011014807.1	30.000	220	3.16e-11	59.3
WP_003856078.1	WP_011014807.1	26.389	216	1.13e-08	51.6
WP_003856078.1	WP_011014450.1	24.057	212	3.23e-11	58.9
WP_003856078.1	WP_011014089.1	29.167	192	4.57e-11	58.9
WP_003856078.1	WP_003858826.1	25.000	232	1.26e-10	56.6
WP_003856078.1	WP_003857536.1	26.697	221	2.00e-10	55.8
WP_003856078.1	WP_011013698.1	27.679	224	2.32e-10	55.8
WP_003856078.1	WP_011015284.1	28.972	214	3.07e-10	55.5
WP_003856078.1	WP_003854632.1	27.049	244	3.49e-10	55.8
WP_003856078.1	WP_011013783.1	26.512	215	4.07e-09	52.0
WP_003856078.1	WP_011014327.1	26.066	211	5.30e-09	52.4
WP_003856078.1	WP_011013802.1	25.907	193	7.36e-09	51.6
WP_003856078.1	WP_011013479.1	29.358	218	8.61e-09	51.6
WP_003856078.1	WP_011014012.1	27.315	216	1.11e-08	51.6
WP_003856078.1	WP_003860245.1	23.923	209	1.18e-08	50.8
WP_003856078.1	WP_011013642.1	29.091	165	2.00e-08	50.4
WP_003856078.1	WP_011013712.1	29.091	220	2.23e-08	50.8
WP_003856078.1	WP_011015020.1	27.803	223	3.04e-08	50.4
WP_003856078.1	WP_003861735.1	24.201	219	3.19e-08	49.7
WP_003856078.1	WP_011015221.1	30.256	195	3.96e-08	49.3
WP_003856078.1	WP_011013931.1	28.095	210	4.02e-08	48.9
WP_003856078.1	WP_011013985.1	24.885	217	5.52e-08	48.5
WP_003856078.1	WP_011014212.1	25.926	189	5.83e-08	48.5
WP_003856078.1	WP_011014540.1	24.737	190	8.79e-08	47.8
WP_003856078.1	WP_003856990.1	23.721	215	1.07e-07	48.1
WP_003856078.1	WP_011014011.1	25.664	226	1.10e-07	48.5
WP_003856078.1	WP_011013968.1	24.272	206	1.75e-07	48.1
WP_003856078.1	WP_003855103.1	26.778	239	2.42e-07	46.6
WP_003856078.1	WP_011265869.1	24.038	208	2.43e-07	47.4
WP_003856078.1	WP_011013851.1	26.500	200	5.16e-07	46.2
WP_003856078.1	WP_003857431.1	25.701	214	5.91e-07	45.8
WP_003856078.1	WP_011013807.1	26.582	237	7.14e-07	45.4
WP_003856078.1	WP_011013333.1	24.885	217	1.63e-06	44.3
WP_003856078.1	WP_011014443.1	26.214	206	1.68e-06	45.1
WP_003856078.1	WP_011265940.1	26.768	198	1.87e-06	44.3
WP_003856078.1	WP_004567959.1	24.561	228	2.47e-06	43.9
WP_003856078.1	WP_003856445.1	26.316	171	3.08e-06	43.5
WP_003856078.1	WP_011014374.1	25.134	187	3.42e-06	43.5
WP_003856078.1	WP_011014233.1	20.283	212	4.06e-06	43.9
WP_003856078.1	WP_011015040.1	23.223	211	6.23e-06	43.1
WP_003856078.1	WP_011013338.1	25.904	166	8.08e-06	42.4
WP_003856078.1	WP_011015140.1	26.147	218	8.29e-06	42.7
WP_003856080.1	WP_003856080.1	100.000	149	1.04e-111	310
WP_003856083.1	WP_003856083.1	100.000	137	1.47e-101	283
WP_003856096.1	WP_003856096.1	100.000	462	0.0	920
WP_003856097.1	WP_003856097.1	100.000	89	3.21e-62	180
WP_003856101.1	WP_003856101.1	100.000	188	5.28e-139	382
WP_003856101.1	WP_011015595.1	34.483	58	1.03e-07	46.6
WP_003856101.1	WP_011013937.1	25.472	106	1.09e-06	43.9
WP_003856119.1	WP_003856119.1	100.000	177	1.05e-130	360
WP_003856120.1	WP_003856120.1	100.000	144	3.81e-98	275
WP_003856127.1	WP_003856127.1	100.000	293	0.0	580
WP_003856129.1	WP_003856129.1	100.000	126	2.41e-89	251
WP_003856149.1	WP_003856149.1	100.000	281	0.0	562
WP_003856159.1	WP_003856159.1	100.000	278	0.0	578
WP_003856159.1	WP_011013879.1	27.857	280	9.10e-11	58.5
WP_003856167.1	WP_003856167.1	100.000	64	7.44e-42	127
WP_003856190.1	WP_003856190.1	100.000	187	3.01e-134	370
WP_003856192.1	WP_003856192.1	100.000	270	0.0	554
WP_003856198.1	WP_003856198.1	100.000	63	1.16e-41	126
WP_003856199.1	WP_003856199.1	100.000	205	5.64e-143	393
WP_003856205.1	WP_003856205.1	100.000	158	3.40e-117	324
WP_003856229.1	WP_003856229.1	100.000	194	1.11e-143	394
WP_003856236.1	WP_003856236.1	100.000	448	0.0	896
WP_003856236.1	WP_011013876.1	41.620	358	7.65e-78	245
WP_003856236.1	WP_011014161.1	37.644	348	9.24e-63	213
WP_003856236.1	WP_011013953.1	24.123	228	3.92e-07	48.5
WP_003856236.1	WP_011013925.1	28.796	191	5.19e-06	45.4
WP_003856246.1	WP_003856246.1	100.000	170	2.64e-123	341
WP_003856246.1	WP_003853486.1	37.500	80	2.49e-11	56.2
WP_003856248.1	WP_003856248.1	100.000	191	1.54e-141	389
WP_003856252.1	WP_003856252.1	100.000	252	0.0	509
WP_003856253.1	WP_003856253.1	100.000	143	2.48e-104	291
WP_003856253.1	WP_011265452.1	32.222	90	1.03e-07	46.2
WP_003856281.1	WP_003856281.1	100.000	554	0.0	1139
WP_003856296.1	WP_003856296.1	100.000	273	0.0	542
WP_003856298.1	WP_003856298.1	100.000	54	1.33e-34	107
WP_003856330.1	WP_003856330.1	100.000	230	1.85e-170	465
WP_003856346.1	WP_003856346.1	100.000	158	1.80e-111	310
WP_003856346.1	WP_011265930.1	36.667	90	2.16e-08	47.0
WP_003856367.1	WP_003856367.1	100.000	94	8.01e-68	194
WP_003856385.1	WP_003856385.1	100.000	447	0.0	928
WP_003856390.1	WP_003856390.1	100.000	132	2.19e-95	267
WP_003856406.1	WP_003856406.1	100.000	261	0.0	535
WP_003856413.1	WP_003856413.1	100.000	258	0.0	513
WP_003856413.1	WP_003856418.1	26.587	252	8.54e-22	87.8
WP_003856418.1	WP_003856418.1	100.000	246	3.83e-180	491
WP_003856418.1	WP_003856413.1	28.986	207	2.85e-21	86.3
WP_003856445.1	WP_003856445.1	100.000	266	0.0	543
WP_003856445.1	WP_011013802.1	40.637	251	7.41e-57	180
WP_003856445.1	WP_011013338.1	36.437	247	9.32e-46	151
WP_003856445.1	WP_011013698.1	37.295	244	1.55e-45	150
WP_003856445.1	WP_011013906.1	31.452	248	5.30e-38	130
WP_003856445.1	WP_011014492.1	35.223	247	1.08e-37	130
WP_003856445.1	WP_011013622.1	34.553	246	2.18e-37	129
WP_003856445.1	WP_011013807.1	36.145	249	2.64e-37	129
WP_003856445.1	WP_011013851.1	34.211	228	2.01e-30	112
WP_003856445.1	WP_011015140.1	33.043	230	3.63e-30	112
WP_003856445.1	WP_011014327.1	29.845	258	6.09e-27	104
WP_003856445.1	WP_011014379.1	28.897	263	3.45e-26	100
WP_003856445.1	WP_003858089.1	29.825	228	3.62e-26	99.4
WP_003856445.1	WP_011265940.1	30.738	244	8.34e-24	93.6
WP_003856445.1	WP_011013783.1	29.333	225	1.24e-23	92.8
WP_003856445.1	WP_011013996.1	29.630	243	4.04e-23	92.8
WP_003856445.1	WP_011015261.1	32.389	247	4.16e-23	90.9
WP_003856445.1	WP_003854632.1	29.870	231	5.07e-23	93.2
WP_003856445.1	WP_003857536.1	35.079	191	1.11e-22	90.1
WP_003856445.1	WP_003858826.1	30.568	229	2.42e-22	89.7
WP_003856445.1	WP_011014850.1	30.472	233	3.61e-22	89.7
WP_003856445.1	WP_003860245.1	31.050	219	9.99e-22	88.6
WP_003856445.1	WP_011015284.1	29.187	209	1.71e-21	87.4
WP_003856445.1	WP_011015118.1	32.127	221	2.92e-21	89.4
WP_003856445.1	WP_011015118.1	30.364	247	4.87e-21	88.6
WP_003856445.1	WP_011265986.1	28.455	246	3.19e-21	89.4
WP_003856445.1	WP_011013931.1	32.444	225	5.66e-21	85.1
WP_003856445.1	WP_003857431.1	28.293	205	7.63e-21	85.1
WP_003856445.1	WP_011013642.1	29.851	268	9.63e-21	86.7
WP_003856445.1	WP_011014807.1	29.150	247	2.47e-20	86.7
WP_003856445.1	WP_011014807.1	29.032	248	8.44e-20	85.1
WP_003856445.1	WP_011013712.1	30.252	238	2.96e-20	86.3
WP_003856445.1	WP_011013712.1	29.148	223	1.37e-18	81.6
WP_003856445.1	WP_011014450.1	31.532	222	4.65e-20	84.7
WP_003856445.1	WP_011013479.1	28.821	229	8.19e-20	83.6
WP_003856445.1	WP_003855103.1	27.391	230	3.95e-18	77.4
WP_003856445.1	WP_011015040.1	27.155	232	1.53e-17	78.2
WP_003856445.1	WP_011015040.1	27.839	273	1.56e-16	75.5
WP_003856445.1	WP_011013333.1	29.004	231	1.23e-16	73.9
WP_003856445.1	WP_011014139.1	30.870	230	1.68e-16	75.5
WP_003856445.1	WP_011014139.1	26.786	224	5.63e-12	62.0
WP_003856445.1	WP_011013331.1	30.476	210	3.46e-16	72.0
WP_003856445.1	WP_003856990.1	30.942	223	9.44e-16	71.6
WP_003856445.1	WP_011014374.1	28.821	229	2.85e-15	70.1
WP_003856445.1	WP_004567959.1	29.258	229	9.11e-15	69.3
WP_003856445.1	WP_011014011.1	27.059	255	2.05e-14	69.3
WP_003856445.1	WP_011014212.1	28.972	214	2.97e-14	67.0
WP_003856445.1	WP_011015020.1	28.571	231	1.11e-13	67.0
WP_003856445.1	WP_011013968.1	29.778	225	4.73e-13	65.1
WP_003856445.1	WP_011013968.1	29.885	174	8.11e-11	58.5
WP_003856445.1	WP_011014216.1	26.556	241	2.80e-12	62.0
WP_003856445.1	WP_011014233.1	24.891	229	8.60e-12	61.2
WP_003856445.1	WP_011014233.1	25.210	238	3.59e-10	56.2
WP_003856445.1	WP_011013985.1	25.000	240	9.22e-12	59.7
WP_003856445.1	WP_011015221.1	27.753	227	1.15e-11	59.7
WP_003856445.1	WP_003861735.1	25.108	231	1.73e-11	59.7
WP_003856445.1	WP_003862124.1	28.509	228	1.86e-11	60.1
WP_003856445.1	WP_003862124.1	38.889	72	1.70e-07	48.1
WP_003856445.1	WP_011015133.1	28.729	181	7.40e-11	58.5
WP_003856445.1	WP_011265869.1	28.415	183	7.52e-11	58.5
WP_003856445.1	WP_011014110.1	35.593	118	1.21e-09	55.1
WP_003856445.1	WP_011014012.1	25.532	188	1.22e-09	54.7
WP_003856445.1	WP_011014910.1	27.536	207	1.27e-09	54.7
WP_003856445.1	WP_011014443.1	28.365	208	1.63e-09	54.3
WP_003856445.1	WP_011014443.1	28.571	224	5.30e-07	46.6
WP_003856445.1	WP_011265658.1	28.814	236	8.32e-09	52.4
WP_003856445.1	WP_011013984.1	25.641	234	2.83e-08	49.7
WP_003856445.1	WP_020948580.1	35.227	88	3.56e-08	50.4
WP_003856445.1	WP_011014351.1	27.160	243	9.21e-08	48.9
WP_003856445.1	WP_011014351.1	30.159	189	1.80e-07	48.1
WP_003856445.1	WP_011014865.1	30.857	175	1.90e-07	48.1
WP_003856445.1	WP_011265741.1	45.455	55	2.98e-07	47.4
WP_003856445.1	WP_011014089.1	31.176	170	4.99e-07	47.0
WP_003856445.1	WP_011265694.1	30.144	209	8.36e-07	46.2
WP_003856445.1	WP_011014424.1	25.000	264	1.10e-06	45.8
WP_003856445.1	WP_011014362.1	25.941	239	1.16e-06	45.8
WP_003856445.1	WP_011014785.1	29.126	103	2.39e-06	43.9
WP_003856445.1	WP_003856078.1	26.316	171	3.25e-06	43.5
WP_003856445.1	WP_011015345.1	25.778	225	8.60e-06	42.7
WP_003856451.1	WP_003856451.1	100.000	147	4.21e-110	305
WP_003856451.1	WP_003861566.1	35.577	104	6.35e-19	73.9
WP_003856459.1	WP_003856459.1	100.000	341	0.0	700
WP_003856460.1	WP_003856460.1	100.000	43	3.35e-27	88.6
WP_003856473.1	WP_003856473.1	100.000	401	0.0	823
WP_003856488.1	WP_003856488.1	100.000	310	0.0	629
WP_003856488.1	WP_011013558.1	29.231	260	1.73e-19	83.2
WP_003856488.1	WP_011015513.1	23.913	230	3.28e-08	50.4
WP_003856516.1	WP_003856516.1	100.000	152	1.88e-110	307
WP_003856539.1	WP_003856539.1	100.000	521	0.0	1043
WP_003856539.1	WP_231838297.1	30.928	194	1.15e-08	53.5
WP_003856539.1	WP_011014925.1	26.471	374	3.09e-06	45.8
WP_003856549.1	WP_003856549.1	100.000	143	9.66e-105	291
WP_003856553.1	WP_003856553.1	100.000	187	4.86e-142	389
WP_003856558.1	WP_003856558.1	100.000	123	1.47e-88	249
WP_003856581.1	WP_003856581.1	100.000	462	0.0	959
WP_003856583.1	WP_003856583.1	100.000	168	3.84e-127	350
WP_003856609.1	WP_003856609.1	100.000	539	0.0	1092
WP_003856623.1	WP_003856623.1	100.000	114	3.52e-82	232
WP_003856625.1	WP_003856625.1	100.000	174	5.63e-127	350
WP_003856628.1	WP_003856628.1	100.000	253	0.0	506
WP_003856628.1	WP_011015148.1	30.045	223	6.51e-16	71.6
WP_003856628.1	WP_011015125.1	28.085	235	3.12e-14	66.6
WP_003856628.1	WP_011014905.1	32.243	214	3.81e-10	55.5
WP_003856628.1	WP_011015298.1	33.898	118	2.27e-09	53.1
WP_003856628.1	WP_011013534.1	28.452	239	1.25e-08	51.2
WP_003856628.1	WP_011013843.1	25.359	209	1.32e-08	50.8
WP_003856628.1	WP_011013723.1	26.702	191	8.81e-08	48.1
WP_003856628.1	WP_011014065.1	31.461	89	2.85e-07	46.2
WP_003856631.1	WP_003856631.1	100.000	131	1.66e-93	262
WP_003856633.1	WP_003856633.1	100.000	251	0.0	506
WP_003856634.1	WP_003856634.1	100.000	348	0.0	723
WP_003856680.1	WP_003856680.1	100.000	294	0.0	561
WP_003856716.1	WP_003856716.1	100.000	44	8.28e-28	90.1
WP_003856746.1	WP_003856746.1	100.000	70	3.85e-45	135
WP_003856756.1	WP_003856756.1	100.000	425	0.0	860
WP_003856773.1	WP_003856773.1	100.000	161	2.41e-118	327
WP_003856779.1	WP_003856779.1	100.000	106	6.85e-76	216
WP_003856785.1	WP_003856785.1	100.000	256	0.0	526
WP_003856785.1	WP_011015010.1	36.325	234	6.89e-43	142
WP_003856790.1	WP_003856790.1	100.000	434	0.0	885
WP_003856795.1	WP_003856795.1	100.000	131	2.11e-93	262
WP_003856814.1	WP_003856814.1	100.000	469	0.0	953
WP_003856814.1	WP_011014409.1	39.262	461	2.31e-98	302
WP_003856814.1	WP_011014843.1	28.049	328	3.01e-13	67.8
WP_003856814.1	WP_011014337.1	27.230	213	2.74e-11	61.6
WP_003856814.1	WP_172820771.1	24.453	274	5.16e-07	48.1
WP_003856821.1	WP_003856821.1	100.000	188	1.16e-141	389
WP_003856821.1	WP_011015486.1	36.000	175	1.00e-35	120
WP_003856830.1	WP_003856830.1	100.000	335	0.0	681
WP_003856839.1	WP_003856839.1	100.000	81	1.03e-56	165
WP_003856918.1	WP_003856918.1	100.000	114	1.67e-81	231
WP_003856936.1	WP_003856936.1	100.000	157	8.59e-110	305
WP_003856940.1	WP_003856940.1	100.000	55	2.07e-36	112
WP_003856962.1	WP_003856962.1	100.000	446	0.0	929
WP_003856962.1	WP_011014960.1	34.746	472	1.33e-75	241
WP_003856969.1	WP_003856969.1	100.000	60	7.46e-41	124
WP_003856970.1	WP_003856970.1	100.000	431	0.0	878
WP_003856980.1	WP_003856980.1	100.000	218	2.75e-166	453
WP_003856990.1	WP_003856990.1	100.000	263	0.0	527
WP_003856990.1	WP_011013783.1	31.839	223	5.43e-26	99.0
WP_003856990.1	WP_003857431.1	31.466	232	3.28e-25	97.1
WP_003856990.1	WP_011013851.1	33.632	223	3.02e-24	95.9
WP_003856990.1	WP_011013642.1	32.456	228	3.13e-23	93.6
WP_003856990.1	WP_003858826.1	31.507	219	1.42e-22	90.1
WP_003856990.1	WP_011014327.1	29.864	221	4.61e-22	90.9
WP_003856990.1	WP_011013802.1	29.960	247	1.22e-20	85.1
WP_003856990.1	WP_003855103.1	29.237	236	1.96e-20	84.0
WP_003856990.1	WP_011013338.1	29.918	244	4.02e-20	83.6
WP_003856990.1	WP_011014379.1	27.206	272	6.71e-20	83.2
WP_003856990.1	WP_003858089.1	30.901	233	7.97e-20	82.0
WP_003856990.1	WP_011015140.1	28.378	222	8.76e-20	84.3
WP_003856990.1	WP_011013712.1	31.373	204	9.86e-20	84.7
WP_003856990.1	WP_011013712.1	24.107	224	9.62e-11	58.2
WP_003856990.1	WP_003857536.1	30.472	233	1.34e-19	81.6
WP_003856990.1	WP_011013985.1	30.736	231	2.30e-19	80.9
WP_003856990.1	WP_011014233.1	28.455	246	6.02e-19	82.4
WP_003856990.1	WP_011014233.1	26.087	207	3.70e-09	53.1
WP_003856990.1	WP_011013984.1	30.806	211	6.74e-19	79.7
WP_003856990.1	WP_003854632.1	27.586	232	1.01e-18	80.9
WP_003856990.1	WP_011013333.1	30.667	225	1.27e-18	79.3
WP_003856990.1	WP_011014850.1	29.808	208	1.35e-18	79.7
WP_003856990.1	WP_011013479.1	31.718	227	2.04e-18	79.7
WP_003856990.1	WP_011013931.1	32.051	234	2.56e-18	77.8
WP_003856990.1	WP_003856445.1	30.769	221	3.11e-18	78.6
WP_003856990.1	WP_003862124.1	30.153	262	9.03e-18	79.0
WP_003856990.1	WP_003862124.1	31.034	203	2.59e-10	56.6
WP_003856990.1	WP_011014212.1	28.509	228	1.20e-17	76.6
WP_003856990.1	WP_011013807.1	28.700	223	3.05e-16	72.8
WP_003856990.1	WP_011013698.1	30.986	213	3.43e-16	72.8
WP_003856990.1	WP_011015040.1	26.087	230	3.54e-16	74.3
WP_003856990.1	WP_011015040.1	28.372	215	1.55e-12	63.5
WP_003856990.1	WP_003860245.1	26.636	214	3.90e-16	72.8
WP_003856990.1	WP_011015118.1	28.899	218	5.77e-16	73.6
WP_003856990.1	WP_011015118.1	25.116	215	1.87e-11	60.1
WP_003856990.1	WP_011014450.1	28.980	245	9.55e-16	72.4
WP_003856990.1	WP_011014807.1	28.571	217	2.27e-15	72.0
WP_003856990.1	WP_011014807.1	29.185	233	8.06e-14	67.4
WP_003856990.1	WP_011265986.1	26.609	233	7.58e-15	70.5
WP_003856990.1	WP_011013996.1	27.049	244	1.96e-14	68.2
WP_003856990.1	WP_011015284.1	26.906	223	3.65e-14	67.0
WP_003856990.1	WP_011014011.1	25.877	228	5.27e-14	67.8
WP_003856990.1	WP_011015221.1	32.057	209	1.06e-13	65.5
WP_003856990.1	WP_011014012.1	27.477	222	4.62e-13	65.1
WP_003856990.1	WP_011013622.1	26.512	215	1.90e-12	62.4
WP_003856990.1	WP_011015020.1	25.654	191	2.47e-12	62.8
WP_003856990.1	WP_011265940.1	27.650	217	2.53e-12	61.6
WP_003856990.1	WP_011014139.1	24.885	217	2.84e-12	62.8
WP_003856990.1	WP_011014139.1	26.852	216	1.97e-11	60.5
WP_003856990.1	WP_011014216.1	28.372	215	3.79e-12	61.6
WP_003856990.1	WP_003861735.1	25.475	263	4.69e-12	61.2
WP_003856990.1	WP_011014374.1	28.302	212	4.75e-12	60.8
WP_003856990.1	WP_011015345.1	27.615	239	5.34e-12	61.2
WP_003856990.1	WP_004567959.1	27.619	210	1.59e-11	59.7
WP_003856990.1	WP_011014424.1	27.477	222	2.86e-11	59.7
WP_003856990.1	WP_011014492.1	23.790	248	7.35e-11	57.4
WP_003856990.1	WP_011013331.1	29.358	218	1.20e-10	56.2
WP_003856990.1	WP_011013466.1	30.047	213	1.95e-10	56.2
WP_003856990.1	WP_011015261.1	26.238	202	2.75e-10	55.5
WP_003856990.1	WP_011013906.1	26.471	238	7.31e-10	54.3
WP_003856990.1	WP_011014362.1	24.171	211	1.74e-09	54.3
WP_003856990.1	WP_003856078.1	25.743	202	2.39e-08	50.1
WP_003856990.1	WP_011014351.1	27.624	181	1.81e-07	48.1
WP_003856990.1	WP_011265658.1	23.188	207	1.88e-07	48.1
WP_003856990.1	WP_011014540.1	23.037	191	3.41e-07	46.2
WP_003856990.1	WP_011013968.1	26.636	214	3.66e-07	47.4
WP_003856990.1	WP_011265869.1	24.651	215	4.91e-07	46.6
WP_003856990.1	WP_011014910.1	27.830	212	6.14e-07	46.6
WP_003856990.1	WP_011014910.1	28.409	176	2.37e-06	44.7
WP_003856992.1	WP_003856992.1	100.000	296	0.0	569
WP_003856994.1	WP_003856994.1	100.000	330	0.0	651
WP_003856997.1	WP_003856997.1	100.000	124	7.94e-92	258
WP_003856997.1	WP_011013693.1	32.143	112	7.49e-06	40.0
WP_003857008.1	WP_003857008.1	100.000	142	7.21e-104	289
WP_003857011.1	WP_003857011.1	100.000	269	0.0	548
WP_003857029.1	WP_003857029.1	100.000	633	0.0	1307
WP_003857033.1	WP_003857033.1	100.000	81	5.11e-57	166
WP_003857047.1	WP_003857047.1	100.000	461	0.0	959
WP_003857049.1	WP_003857049.1	100.000	123	5.03e-87	245
WP_003857049.1	WP_011013963.1	38.462	78	7.82e-11	52.0
WP_003857049.1	WP_003858445.1	38.889	90	1.90e-07	42.7
WP_003857049.1	WP_011265756.1	37.705	61	3.49e-06	39.7
WP_003857068.1	WP_003857068.1	100.000	281	0.0	567
WP_003857068.1	WP_003862544.1	38.961	77	4.29e-07	46.2
WP_003857068.1	WP_011014822.1	42.623	61	9.06e-07	45.1
WP_003857137.1	WP_003857137.1	100.000	291	0.0	587
WP_003857138.1	WP_003857138.1	100.000	318	0.0	655
WP_003857138.1	WP_011014310.1	24.265	272	7.42e-08	49.3
WP_003857140.1	WP_003857140.1	100.000	253	0.0	507
WP_003857140.1	WP_003862621.1	32.203	236	4.59e-20	83.2
WP_003857140.1	WP_011015515.1	31.818	66	7.65e-06	40.8
WP_003857162.1	WP_003857162.1	100.000	284	0.0	577
WP_003857164.1	WP_003857164.1	100.000	97	3.35e-69	198
WP_003857183.1	WP_003857183.1	100.000	136	2.08e-95	268
WP_003857192.1	WP_003857192.1	100.000	252	5.30e-175	478
WP_003857230.1	WP_003857230.1	100.000	445	0.0	874
WP_003857246.1	WP_003857246.1	100.000	105	4.41e-74	211
WP_003857248.1	WP_003857248.1	100.000	122	2.78e-84	238
WP_003857322.1	WP_003857322.1	100.000	112	1.11e-81	231
WP_003857322.1	WP_011014735.1	58.261	115	1.86e-45	139
WP_003857328.1	WP_003857328.1	100.000	136	1.70e-101	283
WP_003857344.1	WP_003857344.1	100.000	97	2.61e-68	196
WP_003857354.1	WP_003857354.1	100.000	179	4.59e-128	353
WP_003857359.1	WP_003857359.1	100.000	79	5.47e-56	163
WP_003857385.1	WP_003857385.1	100.000	150	6.97e-109	303
WP_003857389.1	WP_003857389.1	100.000	253	0.0	512
WP_003857409.1	WP_003857409.1	100.000	89	2.08e-58	170
WP_003857431.1	WP_003857431.1	100.000	242	0.0	495
WP_003857431.1	WP_003858826.1	54.800	250	2.36e-95	276
WP_003857431.1	WP_003854632.1	40.726	248	2.89e-56	180
WP_003857431.1	WP_011013851.1	36.818	220	8.66e-42	142
WP_003857431.1	WP_011013479.1	34.764	233	1.35e-41	140
WP_003857431.1	WP_003858089.1	38.424	203	1.57e-41	138
WP_003857431.1	WP_003855103.1	40.359	223	2.89e-41	137
WP_003857431.1	WP_011015221.1	38.889	252	7.66e-41	137
WP_003857431.1	WP_003860245.1	41.176	204	7.25e-40	135
WP_003857431.1	WP_011015284.1	35.242	227	6.31e-39	133
WP_003857431.1	WP_011014379.1	35.865	237	7.56e-39	132
WP_003857431.1	WP_011013931.1	37.443	219	1.54e-37	127
WP_003857431.1	WP_011014327.1	36.323	223	2.48e-37	132
WP_003857431.1	WP_011013642.1	34.599	237	6.01e-36	127
WP_003857431.1	WP_011015140.1	33.790	219	1.58e-35	126
WP_003857431.1	WP_003857536.1	37.438	203	5.81e-34	119
WP_003857431.1	WP_011015040.1	34.177	237	8.32e-34	123
WP_003857431.1	WP_011015040.1	31.696	224	4.26e-23	93.6
WP_003857431.1	WP_011015118.1	34.335	233	5.80e-33	122
WP_003857431.1	WP_011015118.1	34.025	241	1.06e-30	115
WP_003857431.1	WP_011014212.1	34.101	217	9.26e-32	113
WP_003857431.1	WP_011013783.1	35.545	211	2.12e-31	112
WP_003857431.1	WP_011014807.1	32.051	234	8.90e-31	115
WP_003857431.1	WP_011014807.1	33.047	233	1.09e-25	101
WP_003857431.1	WP_011014492.1	32.456	228	2.59e-30	110
WP_003857431.1	WP_011014450.1	32.000	225	9.83e-30	110
WP_003857431.1	WP_011013906.1	30.131	229	3.73e-28	104
WP_003857431.1	WP_011013338.1	27.615	239	2.11e-26	99.8
WP_003857431.1	WP_011265986.1	28.926	242	3.05e-26	103
WP_003857431.1	WP_011265940.1	33.937	221	3.82e-26	99.4
WP_003857431.1	WP_011013333.1	30.769	221	4.80e-26	99.0
WP_003857431.1	WP_011013985.1	31.839	223	4.84e-26	98.2
WP_003857431.1	WP_011014374.1	29.911	224	6.34e-26	98.2
WP_003857431.1	WP_011014233.1	28.261	230	7.85e-26	101
WP_003857431.1	WP_011014233.1	26.214	206	2.24e-15	71.2
WP_003857431.1	WP_011014850.1	30.000	250	9.05e-26	99.0
WP_003857431.1	WP_011014139.1	33.624	229	1.81e-25	101
WP_003857431.1	WP_011014139.1	25.592	211	4.17e-12	62.0
WP_003857431.1	WP_003861735.1	27.230	213	5.61e-25	96.7
WP_003857431.1	WP_011013996.1	29.870	231	8.73e-25	96.7
WP_003857431.1	WP_011013807.1	30.045	223	1.07e-24	95.5
WP_003857431.1	WP_011013802.1	33.484	221	1.44e-24	95.1
WP_003857431.1	WP_011015261.1	34.031	191	1.07e-23	92.0
WP_003857431.1	WP_011015345.1	28.571	217	1.55e-23	93.2
WP_003857431.1	WP_011013698.1	28.972	214	3.18e-23	91.7
WP_003857431.1	WP_003862124.1	32.632	190	8.93e-23	92.4
WP_003857431.1	WP_003862124.1	30.222	225	8.56e-16	72.4
WP_003857431.1	WP_011013984.1	27.273	242	1.48e-22	89.4
WP_003857431.1	WP_003856990.1	30.603	232	8.70e-22	87.8
WP_003857431.1	WP_003856445.1	28.293	205	6.94e-21	85.1
WP_003857431.1	WP_011014011.1	30.357	224	1.29e-20	87.0
WP_003857431.1	WP_011013331.1	30.144	209	8.91e-20	81.3
WP_003857431.1	WP_011013712.1	27.149	221	5.20e-18	79.3
WP_003857431.1	WP_011013712.1	29.870	231	4.52e-16	73.6
WP_003857431.1	WP_011265869.1	31.674	221	2.51e-16	74.3
WP_003857431.1	WP_011014443.1	28.182	220	3.31e-16	73.9
WP_003857431.1	WP_011013622.1	24.434	221	7.01e-16	71.6
WP_003857431.1	WP_011014785.1	29.670	182	2.57e-15	69.3
WP_003857431.1	WP_011014216.1	25.676	222	4.46e-15	69.7
WP_003857431.1	WP_011015020.1	29.108	213	1.07e-14	69.3
WP_003857431.1	WP_011014012.1	30.723	166	4.40e-13	64.7
WP_003857431.1	WP_011015133.1	26.364	220	5.09e-13	64.3
WP_003857431.1	WP_011015133.1	26.809	235	2.23e-10	56.6
WP_003857431.1	WP_011014362.1	26.484	219	6.98e-13	63.9
WP_003857431.1	WP_011014865.1	33.511	188	1.97e-12	62.8
WP_003857431.1	WP_004567959.1	24.215	223	3.23e-12	61.6
WP_003857431.1	WP_011013968.1	24.786	234	8.01e-12	60.8
WP_003857431.1	WP_011013968.1	25.000	196	1.73e-11	60.1
WP_003857431.1	WP_011014540.1	23.445	209	9.08e-12	58.9
WP_003857431.1	WP_011014424.1	25.446	224	2.58e-10	56.2
WP_003857431.1	WP_011013466.1	23.671	207	2.67e-10	55.5
WP_003857431.1	WP_011265694.1	28.571	189	5.45e-10	55.5
WP_003857431.1	WP_020948580.1	40.678	59	6.16e-09	52.4
WP_003857431.1	WP_011014351.1	23.111	225	2.93e-08	50.1
WP_003857431.1	WP_011014351.1	26.667	180	4.23e-06	43.5
WP_003857431.1	WP_011014110.1	24.046	262	5.38e-08	49.7
WP_003857431.1	WP_011265658.1	24.215	223	1.18e-07	48.5
WP_003857431.1	WP_011266014.1	30.435	92	3.09e-07	47.0
WP_003857431.1	WP_011265741.1	56.250	32	3.43e-07	47.0
WP_003857431.1	WP_003856078.1	25.701	214	5.68e-07	45.8
WP_003857431.1	WP_011014089.1	25.269	186	9.58e-07	45.4
WP_003857431.1	WP_011014000.1	30.088	113	1.15e-06	45.4
WP_003857431.1	WP_011014910.1	28.125	160	3.65e-06	43.9
WP_003857444.1	WP_003857444.1	100.000	376	0.0	758
WP_003857447.1	WP_003857447.1	100.000	71	1.12e-48	144
WP_003857452.1	WP_003857452.1	100.000	201	1.03e-135	375
WP_003857456.1	WP_003857456.1	100.000	203	2.55e-145	399
WP_003857458.1	WP_003857458.1	100.000	276	0.0	550
WP_003857458.1	WP_003855053.1	52.653	245	1.04e-80	242
WP_003857466.1	WP_003857466.1	100.000	95	3.21e-68	196
WP_003857475.1	WP_003857475.1	100.000	211	2.37e-156	427
WP_003857482.1	WP_003857482.1	100.000	89	3.09e-61	177
WP_003857486.1	WP_003857486.1	100.000	217	1.81e-162	444
WP_003857487.1	WP_003857487.1	100.000	268	0.0	557
WP_003857487.1	WP_011015488.1	53.962	265	1.39e-105	303
WP_003857497.1	WP_003857497.1	100.000	308	0.0	597
WP_003857497.1	WP_003853884.1	33.754	317	6.82e-52	170
WP_003857497.1	WP_011015038.1	33.333	312	3.72e-35	126
WP_003857497.1	WP_011015119.1	31.392	309	2.88e-34	124
WP_003857497.1	WP_006284211.1	21.721	244	3.66e-07	47.4
WP_003857497.1	WP_003863669.1	26.486	185	5.54e-07	46.6
WP_003857500.1	WP_003857500.1	100.000	588	0.0	1184
WP_003857531.1	WP_003857531.1	100.000	377	0.0	757
WP_003857531.1	WP_011015505.1	38.684	380	1.10e-61	201
WP_003857531.1	WP_101677580.1	27.419	186	2.32e-07	48.5
WP_003857536.1	WP_003857536.1	100.000	230	4.68e-166	454
WP_003857536.1	WP_003860245.1	35.294	221	4.56e-40	135
WP_003857536.1	WP_011013931.1	38.326	227	5.42e-38	128
WP_003857536.1	WP_003854632.1	35.749	207	2.04e-37	130
WP_003857536.1	WP_003855103.1	32.743	226	4.75e-37	126
WP_003857536.1	WP_011013783.1	35.683	227	5.48e-35	121
WP_003857536.1	WP_003857431.1	37.438	203	5.53e-34	119
WP_003857536.1	WP_003858826.1	35.047	214	6.72e-30	108
WP_003857536.1	WP_011014374.1	31.304	230	1.21e-29	107
WP_003857536.1	WP_003858089.1	32.143	224	8.18e-27	99.8
WP_003857536.1	WP_011013479.1	32.843	204	2.53e-26	100
WP_003857536.1	WP_011014850.1	32.850	207	6.21e-26	99.0
WP_003857536.1	WP_011015040.1	32.579	221	2.42e-25	99.8
WP_003857536.1	WP_011015040.1	30.583	206	2.05e-21	88.6
WP_003857536.1	WP_011013642.1	29.258	229	1.30e-24	96.3
WP_003857536.1	WP_011014212.1	34.135	208	1.41e-24	94.4
WP_003857536.1	WP_011015284.1	33.023	215	4.39e-24	93.6
WP_003857536.1	WP_011014379.1	34.197	193	1.18e-23	92.4
WP_003857536.1	WP_011015140.1	30.882	204	2.99e-23	92.8
WP_003857536.1	WP_011013851.1	30.137	219	3.18e-23	92.4
WP_003857536.1	WP_003856445.1	35.079	191	9.59e-23	90.1
WP_003857536.1	WP_011013622.1	33.175	211	1.80e-22	89.4
WP_003857536.1	WP_011013802.1	32.308	195	1.41e-20	84.0
WP_003857536.1	WP_011265986.1	31.081	222	4.08e-20	85.1
WP_003857536.1	WP_011014327.1	28.571	210	8.42e-20	83.6
WP_003857536.1	WP_011013807.1	30.516	213	1.08e-19	81.6
WP_003857536.1	WP_003861735.1	27.907	215	1.96e-19	81.3
WP_003857536.1	WP_011015118.1	29.469	207	2.68e-19	82.4
WP_003857536.1	WP_011015118.1	30.579	242	7.01e-19	81.3
WP_003857536.1	WP_011013996.1	29.680	219	4.20e-18	77.8
WP_003857536.1	WP_011014450.1	27.700	213	4.69e-18	78.2
WP_003857536.1	WP_003856990.1	29.870	231	1.86e-17	75.5
WP_003857536.1	WP_003862124.1	30.736	231	3.66e-17	76.3
WP_003857536.1	WP_003862124.1	30.846	201	1.07e-14	68.9
WP_003857536.1	WP_011014807.1	27.830	212	6.68e-17	75.5
WP_003857536.1	WP_011014807.1	28.440	218	3.67e-16	73.6
WP_003857536.1	WP_011013906.1	27.568	185	1.26e-16	73.2
WP_003857536.1	WP_011014233.1	27.014	211	1.66e-16	74.3
WP_003857536.1	WP_011014233.1	26.432	227	7.91e-10	54.7
WP_003857536.1	WP_011013984.1	28.696	230	7.25e-16	70.9
WP_003857536.1	WP_011015221.1	28.837	215	9.41e-16	70.9
WP_003857536.1	WP_011013712.1	28.095	210	2.06e-15	71.2
WP_003857536.1	WP_011013338.1	30.455	220	2.16e-15	69.7
WP_003857536.1	WP_011014139.1	27.397	219	2.68e-15	71.2
WP_003857536.1	WP_011014139.1	26.606	218	3.18e-12	62.0
WP_003857536.1	WP_011013331.1	31.081	222	3.70e-15	68.6
WP_003857536.1	WP_011013333.1	31.551	187	4.48e-15	68.9
WP_003857536.1	WP_011014492.1	29.412	204	7.13e-15	68.2
WP_003857536.1	WP_011014216.1	27.638	199	1.37e-14	67.8
WP_003857536.1	WP_004567959.1	31.132	212	1.59e-14	67.8
WP_003857536.1	WP_011013698.1	30.973	226	2.09e-14	67.0
WP_003857536.1	WP_011015020.1	24.554	224	4.66e-14	67.4
WP_003857536.1	WP_011015345.1	29.379	177	5.29e-14	66.2
WP_003857536.1	WP_011014011.1	26.872	227	8.72e-14	66.6
WP_003857536.1	WP_011265940.1	31.395	172	9.25e-14	65.1
WP_003857536.1	WP_011013968.1	29.592	196	2.42e-13	65.1
WP_003857536.1	WP_011013968.1	30.729	192	1.67e-12	62.8
WP_003857536.1	WP_011014089.1	32.195	205	2.51e-13	65.1
WP_003857536.1	WP_011015261.1	30.583	206	4.41e-13	62.8
WP_003857536.1	WP_011015133.1	29.762	168	1.29e-12	62.8
WP_003857536.1	WP_011015133.1	28.395	243	3.04e-10	55.8
WP_003857536.1	WP_011014910.1	27.350	234	6.88e-12	60.8
WP_003857536.1	WP_011013985.1	27.419	186	7.86e-12	59.3
WP_003857536.1	WP_011014865.1	31.980	197	1.75e-10	56.6
WP_003857536.1	WP_003856078.1	26.697	221	1.83e-10	55.8
WP_003857536.1	WP_011014424.1	25.455	220	1.90e-10	56.6
WP_003857536.1	WP_011014012.1	28.652	178	2.94e-10	55.8
WP_003857536.1	WP_011014540.1	24.378	201	1.53e-09	52.4
WP_003857536.1	WP_011265869.1	30.275	218	2.10e-09	53.5
WP_003857536.1	WP_011265658.1	24.766	214	6.18e-08	48.9
WP_003857536.1	WP_011014443.1	25.108	231	2.84e-07	47.0
WP_003857536.1	WP_011014351.1	28.492	179	3.87e-07	46.6
WP_003857536.1	WP_011014351.1	28.571	210	6.64e-07	45.8
WP_003857536.1	WP_011014785.1	25.281	178	2.79e-06	43.1
WP_003857536.1	WP_011014362.1	24.138	232	2.98e-06	43.9
WP_003857536.1	WP_011013466.1	22.886	201	6.61e-06	42.4
WP_003857537.1	WP_003857537.1	100.000	393	0.0	793
WP_003857542.1	WP_003857542.1	100.000	147	3.36e-108	301
WP_003857552.1	WP_003857552.1	100.000	297	0.0	597
WP_003857573.1	WP_003857573.1	100.000	101	6.07e-71	203
WP_003857586.1	WP_003857586.1	100.000	65	5.66e-45	134
WP_003857587.1	WP_003857587.1	100.000	260	0.0	522
WP_003857593.1	WP_003857593.1	100.000	325	0.0	658
WP_003857593.1	WP_011013448.1	34.356	326	2.42e-54	177
WP_003857593.1	WP_011014232.1	27.711	332	2.93e-31	117
WP_003857593.1	WP_011014311.1	30.195	308	7.11e-28	107
WP_003857593.1	WP_011013442.1	25.806	341	7.62e-19	82.4
WP_003857593.1	WP_011014889.1	22.330	309	1.17e-15	73.2
WP_003857637.1	WP_003857637.1	100.000	93	6.95e-69	197
WP_003857654.1	WP_003857654.1	100.000	211	1.44e-159	436
WP_003857667.1	WP_003857667.1	100.000	75	1.31e-51	152
WP_003857691.1	WP_003857691.1	100.000	221	8.18e-165	450
WP_003857695.1	WP_003857695.1	100.000	68	2.28e-47	141
WP_003857696.1	WP_003857696.1	100.000	191	1.63e-139	384
WP_003857696.1	WP_011013932.1	66.400	125	1.70e-60	185
WP_003857703.1	WP_003857703.1	100.000	205	2.36e-152	417
WP_003857708.1	WP_003857708.1	100.000	100	1.01e-70	202
WP_003857828.1	WP_003857828.1	100.000	422	0.0	866
WP_003857839.1	WP_003857839.1	100.000	509	0.0	1047
WP_003857839.1	WP_011013398.1	22.319	457	1.54e-10	59.7
WP_003857839.1	WP_011015563.1	20.690	464	6.38e-09	54.3
WP_003857874.1	WP_003857874.1	100.000	516	0.0	1052
WP_003857874.1	WP_003863615.1	48.956	527	1.52e-169	486
WP_003857874.1	WP_011013833.1	47.448	529	2.23e-160	463
WP_003857874.1	WP_011013915.1	23.158	380	2.30e-12	65.5
WP_003857875.1	WP_003857875.1	100.000	121	1.20e-84	239
WP_003857880.1	WP_003857880.1	100.000	228	8.25e-168	458
WP_003857945.1	WP_003857945.1	100.000	40	1.67e-23	79.0
WP_003857948.1	WP_003857948.1	100.000	77	1.92e-54	159
WP_003857948.1	WP_011013923.1	40.984	61	8.04e-08	42.0
WP_003857951.1	WP_003857951.1	100.000	148	4.22e-109	303
WP_003857980.1	WP_003857980.1	100.000	179	8.79e-133	365
WP_003857989.1	WP_003857989.1	100.000	255	0.0	523
WP_003857993.1	WP_003857993.1	100.000	245	0.0	499
WP_003857996.1	WP_003857996.1	100.000	118	2.01e-85	241
WP_003857998.1	WP_003857998.1	100.000	154	6.96e-117	323
WP_003858084.1	WP_003858084.1	100.000	164	3.83e-120	332
WP_003858086.1	WP_003858086.1	100.000	300	0.0	598
WP_003858089.1	WP_003858089.1	100.000	229	1.69e-170	465
WP_003858089.1	WP_003854632.1	41.364	220	4.17e-49	161
WP_003858089.1	WP_003860245.1	37.963	216	4.02e-43	143
WP_003858089.1	WP_011014379.1	37.445	227	8.21e-42	139
WP_003858089.1	WP_003857431.1	38.424	203	1.49e-41	138
WP_003858089.1	WP_003855103.1	36.036	222	3.53e-41	137
WP_003858089.1	WP_011015140.1	37.037	216	8.96e-39	134
WP_003858089.1	WP_011014327.1	39.462	223	1.06e-37	132
WP_003858089.1	WP_003858826.1	36.123	227	4.67e-37	127
WP_003858089.1	WP_011013931.1	38.119	202	2.31e-36	124
WP_003858089.1	WP_011013851.1	38.288	222	3.96e-34	121
WP_003858089.1	WP_011013642.1	38.806	201	1.27e-32	117
WP_003858089.1	WP_011013783.1	36.413	184	1.77e-32	115
WP_003858089.1	WP_011013479.1	33.182	220	1.76e-28	105
WP_003858089.1	WP_003857536.1	32.143	224	8.14e-27	99.8
WP_003858089.1	WP_003856445.1	29.825	228	3.11e-26	99.4
WP_003858089.1	WP_011015040.1	30.137	219	1.00e-23	95.1
WP_003858089.1	WP_011015040.1	31.905	210	8.26e-17	75.1
WP_003858089.1	WP_011014212.1	32.018	228	4.15e-23	90.5
WP_003858089.1	WP_011015284.1	31.624	234	6.57e-23	90.5
WP_003858089.1	WP_011014450.1	27.650	217	2.40e-22	90.1
WP_003858089.1	WP_011013333.1	29.464	224	3.12e-22	88.2
WP_003858089.1	WP_011013712.1	30.732	205	3.80e-22	90.9
WP_003858089.1	WP_011013712.1	24.171	211	7.64e-10	54.7
WP_003858089.1	WP_011014374.1	31.694	183	1.52e-21	86.3
WP_003858089.1	WP_011015345.1	28.767	219	3.38e-21	86.7
WP_003858089.1	WP_011015118.1	32.683	205	4.05e-21	87.8
WP_003858089.1	WP_011015118.1	31.081	222	1.65e-16	74.3
WP_003858089.1	WP_011014850.1	29.000	200	4.54e-21	85.9
WP_003858089.1	WP_011014139.1	29.339	242	5.88e-21	87.8
WP_003858089.1	WP_011014139.1	29.714	175	2.40e-13	65.5
WP_003858089.1	WP_011014807.1	31.068	206	6.29e-21	87.4
WP_003858089.1	WP_011014807.1	30.876	217	1.67e-16	74.3
WP_003858089.1	WP_011013802.1	30.000	220	1.74e-20	84.0
WP_003858089.1	WP_011013698.1	29.858	211	2.68e-19	80.5
WP_003858089.1	WP_011014011.1	27.236	246	8.30e-19	81.3
WP_003858089.1	WP_011015020.1	32.394	213	2.50e-18	79.7
WP_003858089.1	WP_011015221.1	32.804	189	3.51e-18	77.4
WP_003858089.1	WP_011014216.1	28.761	226	5.67e-18	77.4
WP_003858089.1	WP_011013906.1	29.500	200	5.93e-18	76.6
WP_003858089.1	WP_003862124.1	33.918	171	1.05e-17	77.8
WP_003858089.1	WP_003862124.1	33.673	196	3.33e-16	73.2
WP_003858089.1	WP_011265940.1	28.571	217	1.28e-17	75.9
WP_003858089.1	WP_003856990.1	27.542	236	1.65e-17	75.5
WP_003858089.1	WP_011015261.1	30.102	196	2.22e-17	74.7
WP_003858089.1	WP_011014012.1	30.769	182	2.48e-16	73.9
WP_003858089.1	WP_011014492.1	29.557	203	2.84e-16	72.0
WP_003858089.1	WP_003861735.1	27.143	210	3.44e-16	72.4
WP_003858089.1	WP_011265986.1	28.502	207	1.82e-15	71.2
WP_003858089.1	WP_011013622.1	27.907	172	3.26e-15	69.3
WP_003858089.1	WP_011013968.1	31.868	182	5.25e-15	70.1
WP_003858089.1	WP_011013968.1	28.017	232	8.18e-10	54.7
WP_003858089.1	WP_011013996.1	24.651	215	1.31e-14	68.2
WP_003858089.1	WP_011013338.1	24.887	221	2.24e-14	67.0
WP_003858089.1	WP_011013331.1	26.733	202	2.92e-13	63.2
WP_003858089.1	WP_011013807.1	30.918	207	4.38e-13	63.2
WP_003858089.1	WP_011014443.1	30.964	197	4.53e-13	64.3
WP_003858089.1	WP_011013985.1	25.373	201	5.87e-13	62.8
WP_003858089.1	WP_011013984.1	27.041	196	2.11e-12	61.2
WP_003858089.1	WP_004567959.1	26.389	216	2.71e-12	61.2
WP_003858089.1	WP_011014233.1	26.214	206	3.90e-12	61.6
WP_003858089.1	WP_011014233.1	22.439	205	4.75e-09	52.4
WP_003858089.1	WP_011265658.1	23.707	232	4.13e-11	58.5
WP_003858089.1	WP_011015133.1	26.908	249	7.27e-11	57.8
WP_003858089.1	WP_011015133.1	25.532	188	4.22e-09	52.4
WP_003858089.1	WP_011014785.1	26.627	169	5.41e-09	51.2
WP_003858089.1	WP_011014424.1	24.675	231	1.60e-08	50.8
WP_003858089.1	WP_011265694.1	25.381	197	2.88e-08	50.1
WP_003858089.1	WP_011014910.1	24.887	221	4.77e-08	49.3
WP_003858089.1	WP_011014910.1	26.111	180	3.06e-06	43.9
WP_003858089.1	WP_011265869.1	28.125	160	6.31e-08	48.9
WP_003858089.1	WP_011014540.1	26.111	180	1.23e-07	47.0
WP_003858089.1	WP_011014362.1	28.161	174	1.60e-07	47.8
WP_003858089.1	WP_011013466.1	29.487	156	2.01e-07	47.0
WP_003858089.1	WP_011014865.1	28.571	196	2.72e-07	47.0
WP_003858089.1	WP_020948580.1	39.744	78	3.20e-07	47.0
WP_003858089.1	WP_011014351.1	24.737	190	1.12e-06	45.1
WP_003858089.1	WP_011014089.1	30.357	112	3.00e-06	43.9
WP_003858089.1	WP_011014089.1	26.455	189	4.13e-06	43.5
WP_003858105.1	WP_003858105.1	100.000	143	2.48e-104	291
WP_003858105.1	WP_011014682.1	99.301	143	1.95e-103	288
WP_003858105.1	WP_011014578.1	97.902	143	6.77e-102	285
WP_003858105.1	WP_011013445.1	71.631	141	8.05e-74	213
WP_003858119.1	WP_003858119.1	100.000	299	0.0	598
WP_003858126.1	WP_003858126.1	100.000	174	5.37e-123	340
WP_003858132.1	WP_003858132.1	100.000	475	0.0	959
WP_003858145.1	WP_003858145.1	100.000	253	0.0	509
WP_003858157.1	WP_003858157.1	100.000	140	9.93e-100	279
WP_003858159.1	WP_003858159.1	100.000	86	2.33e-61	177
WP_003858159.1	WP_003858209.1	39.683	63	6.09e-13	55.8
WP_003858159.1	WP_003863319.1	40.541	74	4.95e-12	53.9
WP_003858159.1	WP_003854562.1	38.462	78	1.98e-11	52.0
WP_003858161.1	WP_003858161.1	100.000	89	1.28e-62	181
WP_003858163.1	WP_003858163.1	100.000	206	5.89e-156	426
WP_003858163.1	WP_003855001.1	37.895	190	2.65e-31	110
WP_003858163.1	WP_011013508.1	26.087	138	1.30e-11	57.8
WP_003858163.1	WP_003855298.1	25.490	153	2.14e-09	52.0
WP_003858173.1	WP_003858173.1	100.000	168	2.71e-121	335
WP_003858177.1	WP_003858177.1	100.000	127	6.08e-91	255
WP_003858182.1	WP_003858182.1	100.000	221	2.94e-166	454
WP_003858194.1	WP_003858194.1	100.000	203	8.59e-148	405
WP_003858195.1	WP_003858195.1	100.000	478	0.0	989
WP_003858196.1	WP_003858196.1	100.000	117	9.39e-81	229
WP_003858209.1	WP_003858209.1	100.000	104	6.86e-74	211
WP_003858209.1	WP_003858159.1	42.254	71	2.92e-16	64.7
WP_003858209.1	WP_003863319.1	45.588	68	1.95e-13	58.2
WP_003858209.1	WP_003854562.1	37.333	75	4.18e-10	49.3
WP_003858249.1	WP_003858249.1	100.000	165	5.77e-118	327
WP_003858287.1	WP_003858287.1	100.000	530	0.0	1081
WP_003858287.1	WP_011013744.1	26.389	288	3.88e-14	70.9
WP_003858287.1	WP_003863574.1	26.073	303	9.15e-08	50.8
WP_003858287.1	WP_011015199.1	23.543	429	2.20e-07	49.7
WP_003858289.1	WP_003858289.1	100.000	211	2.34e-152	417
WP_003858290.1	WP_003858290.1	100.000	83	3.65e-56	164
WP_003858295.1	WP_003858295.1	100.000	361	0.0	720
WP_003858295.1	WP_011013999.1	33.333	81	1.37e-06	46.2
WP_003858297.1	WP_003858297.1	100.000	339	0.0	641
WP_003858297.1	WP_003859752.1	42.089	316	1.12e-66	210
WP_003858297.1	WP_172820752.1	35.821	335	3.23e-47	159
WP_003858297.1	WP_011014490.1	38.194	288	3.65e-44	152
WP_003858297.1	WP_011013700.1	37.075	294	1.93e-42	147
WP_003858297.1	WP_011013804.1	35.671	328	1.48e-36	131
WP_003858297.1	WP_011013803.1	31.503	346	3.08e-29	111
WP_003858297.1	WP_011013699.1	30.208	288	4.31e-26	103
WP_003858297.1	WP_011013337.1	31.118	331	1.90e-19	84.0
WP_003858297.1	WP_003863480.1	27.431	288	1.35e-15	73.2
WP_003858297.1	WP_003863478.1	26.048	334	1.28e-09	55.5
WP_003858302.1	WP_003858302.1	100.000	557	0.0	1134
WP_003858302.1	WP_011014453.1	26.525	377	1.62e-16	79.3
WP_003858306.1	WP_003858306.1	100.000	63	5.40e-44	132
WP_003858310.1	WP_003858310.1	100.000	127	1.13e-92	260
WP_003858310.1	WP_003862487.1	40.299	67	4.69e-12	53.9
WP_003858310.1	WP_011013551.1	35.821	67	4.21e-09	46.6
WP_003858312.1	WP_003858312.1	100.000	175	4.12e-129	356
WP_003858320.1	WP_003858320.1	100.000	290	0.0	591
WP_003858324.1	WP_003858324.1	100.000	118	1.51e-82	233
WP_003858364.1	WP_003858364.1	100.000	136	3.27e-95	267
WP_003858377.1	WP_003858377.1	100.000	101	5.94e-71	203
WP_003858391.1	WP_003858391.1	100.000	209	4.56e-153	419
WP_003858391.1	WP_011013616.1	28.934	197	8.76e-17	73.6
WP_003858391.1	WP_003862229.1	26.415	106	1.12e-08	50.4
WP_003858407.1	WP_003858407.1	100.000	83	1.09e-57	168
WP_003858439.1	WP_003858439.1	100.000	54	4.40e-36	111
WP_003858441.1	WP_003858441.1	100.000	78	1.03e-54	160
WP_003858445.1	WP_003858445.1	100.000	104	1.49e-74	212
WP_003858445.1	WP_011265756.1	39.130	69	2.48e-08	45.1
WP_003858445.1	WP_020948644.1	35.821	67	2.04e-07	42.7
WP_003858445.1	WP_011013515.1	31.944	72	9.69e-07	40.8
WP_003858445.1	WP_003857049.1	38.571	70	8.51e-06	38.5
WP_003858446.1	WP_003858446.1	100.000	88	7.22e-64	184
WP_003858448.1	WP_003858448.1	100.000	57	3.00e-37	114
WP_003858456.1	WP_003858456.1	100.000	195	2.65e-137	378
WP_003858456.1	WP_011014189.1	31.288	163	8.46e-19	76.3
WP_003858456.1	WP_011013474.1	30.882	136	2.96e-10	53.1
WP_003858460.1	WP_003858460.1	100.000	315	0.0	624
WP_003858460.1	WP_011265539.1	74.919	307	8.01e-166	460
WP_003858460.1	WP_011013572.1	29.832	238	4.95e-18	79.3
WP_003858461.1	WP_003858461.1	100.000	419	0.0	823
WP_003858461.1	WP_011014194.1	26.515	396	1.24e-27	109
WP_003858461.1	WP_011013476.1	25.238	420	1.72e-22	95.1
WP_003858464.1	WP_003858464.1	100.000	337	0.0	665
WP_003858471.1	WP_003858471.1	100.000	223	2.77e-163	446
WP_003858490.1	WP_003858490.1	100.000	374	0.0	744
WP_003858490.1	WP_003862355.1	64.130	92	1.52e-36	128
WP_003858506.1	WP_003858506.1	100.000	264	0.0	541
WP_003858506.1	WP_011015468.1	27.206	272	9.81e-19	80.1
WP_003858512.1	WP_003858512.1	100.000	240	2.71e-174	475
WP_003858512.1	WP_011265963.1	23.394	218	6.21e-11	57.0
WP_003858584.1	WP_003858584.1	100.000	201	1.50e-142	392
WP_003858595.1	WP_003858595.1	100.000	165	1.06e-120	334
WP_003858604.1	WP_003858604.1	100.000	122	1.10e-87	247
WP_003858618.1	WP_003858618.1	100.000	179	2.57e-134	369
WP_003858626.1	WP_003858626.1	100.000	290	0.0	584
WP_003858626.1	WP_011014030.1	31.200	250	1.75e-29	110
WP_003858629.1	WP_003858629.1	100.000	137	8.81e-97	271
WP_003858631.1	WP_003858631.1	100.000	105	6.89e-75	213
WP_003858631.1	WP_011015524.1	89.423	104	2.16e-66	192
WP_003858634.1	WP_003858634.1	100.000	196	1.45e-144	397
WP_003858644.1	WP_003858644.1	100.000	152	3.60e-114	316
WP_003858644.1	WP_011013347.1	76.433	157	2.08e-86	246
WP_003858678.1	WP_003858678.1	100.000	401	0.0	825
WP_003858683.1	WP_003858683.1	100.000	171	5.69e-122	337
WP_003858695.1	WP_003858695.1	100.000	317	0.0	634
WP_003858698.1	WP_003858698.1	100.000	347	0.0	700
WP_003858702.1	WP_003858702.1	100.000	324	0.0	662
WP_003858702.1	WP_011013704.1	67.500	320	9.83e-149	418
WP_003858706.1	WP_003858706.1	100.000	271	0.0	547
WP_003858706.1	WP_003863034.1	28.512	242	2.91e-16	73.6
WP_003858706.1	WP_003862361.1	34.507	142	1.07e-15	71.6
WP_003858719.1	WP_003858719.1	100.000	127	7.91e-91	255
WP_003858721.1	WP_003858721.1	100.000	64	2.32e-40	123
WP_003858732.1	WP_003858732.1	100.000	200	2.96e-149	409
WP_003858732.1	WP_011013561.1	29.381	194	9.28e-16	69.3
WP_003858732.1	WP_011014510.1	29.500	200	4.60e-13	62.0
WP_003858732.1	WP_011013350.1	26.904	197	5.80e-08	48.5
WP_003858781.1	WP_003858781.1	100.000	86	5.95e-56	164
WP_003858785.1	WP_003858785.1	100.000	188	2.76e-135	372
WP_003858787.1	WP_003858787.1	100.000	102	4.38e-69	198
WP_003858795.1	WP_003858795.1	100.000	123	1.18e-90	254
WP_003858795.1	WP_011265799.1	96.748	123	4.26e-88	248
WP_003858795.1	WP_011265876.1	44.355	124	5.34e-27	94.0
WP_003858801.1	WP_003858801.1	100.000	73	5.74e-50	148
WP_003858809.1	WP_003858809.1	100.000	144	6.33e-107	297
WP_003858809.1	WP_011014730.1	97.222	144	1.99e-104	291
WP_003858809.1	WP_011014689.1	96.528	144	5.52e-104	290
WP_003858809.1	WP_011014861.1	47.945	146	2.56e-42	134
WP_003858814.1	WP_003858814.1	100.000	229	2.27e-172	469
WP_003858818.1	WP_003858818.1	100.000	269	0.0	550
WP_003858824.1	WP_003858824.1	100.000	316	0.0	634
WP_003858824.1	WP_011014780.1	37.107	159	9.68e-25	96.7
WP_003858824.1	WP_011014781.1	25.769	260	3.41e-14	68.2
WP_003858826.1	WP_003858826.1	100.000	254	0.0	521
WP_003858826.1	WP_003857431.1	54.800	250	2.47e-95	276
WP_003858826.1	WP_003854632.1	42.917	240	2.54e-58	186
WP_003858826.1	WP_003855103.1	39.056	233	1.05e-44	147
WP_003858826.1	WP_011013931.1	37.611	226	4.67e-39	132
WP_003858826.1	WP_011015221.1	36.122	263	2.21e-38	131
WP_003858826.1	WP_011013851.1	36.325	234	6.95e-38	132
WP_003858826.1	WP_011014212.1	35.537	242	1.31e-37	129
WP_003858826.1	WP_003858089.1	36.123	227	5.18e-37	127
WP_003858826.1	WP_011013479.1	32.283	254	5.66e-37	129
WP_003858826.1	WP_003860245.1	34.934	229	2.65e-36	127
WP_003858826.1	WP_011014807.1	34.568	243	1.09e-34	127
WP_003858826.1	WP_011014807.1	32.806	253	8.52e-29	110
WP_003858826.1	WP_011013783.1	33.613	238	1.11e-34	121
WP_003858826.1	WP_011015040.1	31.890	254	4.48e-34	124
WP_003858826.1	WP_011015040.1	31.356	236	6.43e-23	93.6
WP_003858826.1	WP_011015140.1	33.191	235	1.23e-33	122
WP_003858826.1	WP_011013642.1	32.035	231	2.49e-32	117
WP_003858826.1	WP_011014327.1	33.333	255	2.09e-31	116
WP_003858826.1	WP_011015284.1	31.250	240	2.54e-31	113
WP_003858826.1	WP_011015118.1	32.479	234	3.90e-31	117
WP_003858826.1	WP_011015118.1	33.198	247	3.16e-29	111
WP_003858826.1	WP_003857536.1	35.047	214	7.43e-30	108
WP_003858826.1	WP_011014379.1	32.218	239	1.66e-29	108
WP_003858826.1	WP_011013985.1	30.769	247	3.07e-29	107
WP_003858826.1	WP_011013333.1	30.488	246	7.27e-29	106
WP_003858826.1	WP_011014450.1	29.258	229	2.39e-28	107
WP_003858826.1	WP_011014492.1	31.224	237	3.81e-28	104
WP_003858826.1	WP_011013338.1	30.380	237	1.12e-27	103
WP_003858826.1	WP_011013906.1	28.862	246	1.12e-26	100
WP_003858826.1	WP_011013712.1	28.390	236	4.07e-26	103
WP_003858826.1	WP_011013712.1	31.111	225	5.46e-21	88.2
WP_003858826.1	WP_003861735.1	27.753	227	1.50e-25	98.6
WP_003858826.1	WP_011014374.1	28.390	236	2.18e-25	97.4
WP_003858826.1	WP_011014850.1	29.004	231	3.03e-25	97.8
WP_003858826.1	WP_011013802.1	29.412	238	3.33e-25	97.4
WP_003858826.1	WP_011013807.1	31.197	234	7.69e-25	95.9
WP_003858826.1	WP_011265986.1	30.204	245	1.62e-24	98.6
WP_003858826.1	WP_011013698.1	30.380	237	2.81e-24	94.7
WP_003858826.1	WP_011265940.1	28.689	244	7.70e-24	93.6
WP_003858826.1	WP_011013996.1	27.311	238	3.05e-23	92.8
WP_003858826.1	WP_003856445.1	30.568	229	2.31e-22	89.7
WP_003858826.1	WP_003862124.1	30.594	219	1.89e-21	89.4
WP_003858826.1	WP_003862124.1	29.130	230	8.55e-16	72.8
WP_003858826.1	WP_011015345.1	27.753	227	1.95e-21	87.8
WP_003858826.1	WP_011014233.1	26.818	220	2.42e-21	89.4
WP_003858826.1	WP_011014233.1	26.066	211	2.03e-11	60.1
WP_003858826.1	WP_011014139.1	28.807	243	7.88e-20	85.1
WP_003858826.1	WP_011014139.1	27.632	228	1.39e-16	75.5
WP_003858826.1	WP_003856990.1	29.224	219	4.99e-19	80.5
WP_003858826.1	WP_011014011.1	26.906	223	2.13e-18	80.9
WP_003858826.1	WP_011015020.1	29.279	222	9.58e-18	78.6
WP_003858826.1	WP_011014012.1	29.565	230	1.14e-17	78.6
WP_003858826.1	WP_011014216.1	27.692	260	2.77e-17	75.9
WP_003858826.1	WP_011013984.1	27.197	239	3.29e-17	75.1
WP_003858826.1	WP_011014443.1	27.803	223	5.15e-17	76.6
WP_003858826.1	WP_011014443.1	24.229	227	2.97e-06	44.3
WP_003858826.1	WP_011013622.1	26.971	241	4.32e-16	72.4
WP_003858826.1	WP_004567959.1	22.511	231	1.98e-15	70.9
WP_003858826.1	WP_011014785.1	28.000	200	3.71e-15	69.3
WP_003858826.1	WP_011013331.1	29.817	218	1.28e-14	67.4
WP_003858826.1	WP_011015261.1	26.699	206	3.65e-14	66.2
WP_003858826.1	WP_011013968.1	25.301	249	1.68e-13	66.2
WP_003858826.1	WP_011013968.1	24.883	213	7.78e-11	58.2
WP_003858826.1	WP_011015133.1	26.984	252	4.07e-13	65.1
WP_003858826.1	WP_011015133.1	23.364	214	9.22e-12	60.8
WP_003858826.1	WP_011014362.1	25.620	242	2.61e-12	62.8
WP_003858826.1	WP_011014424.1	26.190	252	3.55e-12	62.4
WP_003858826.1	WP_011265694.1	28.796	191	9.32e-12	60.8
WP_003858826.1	WP_011014910.1	24.701	251	2.17e-11	59.7
WP_003858826.1	WP_003856078.1	25.000	232	1.27e-10	56.6
WP_003858826.1	WP_011014110.1	30.303	132	2.20e-10	57.0
WP_003858826.1	WP_011013466.1	21.429	238	6.03e-10	54.7
WP_003858826.1	WP_011014865.1	29.940	167	9.65e-10	54.7
WP_003858826.1	WP_011265869.1	24.017	229	4.62e-09	52.8
WP_003858826.1	WP_020948580.1	36.111	72	2.73e-08	50.4
WP_003858826.1	WP_011014319.1	31.111	135	2.29e-07	47.8
WP_003858826.1	WP_011014000.1	38.889	72	2.50e-07	47.4
WP_003858826.1	WP_011265741.1	56.250	32	6.28e-07	46.2
WP_003858826.1	WP_011266014.1	33.333	72	1.94e-06	44.7
WP_003858828.1	WP_003858828.1	100.000	160	3.22e-120	332
WP_003858829.1	WP_003858829.1	100.000	194	1.57e-142	391
WP_003858832.1	WP_003858832.1	100.000	71	4.60e-48	143
WP_003858832.1	WP_011013816.1	40.000	60	2.35e-07	42.4
WP_003858849.1	WP_003858849.1	100.000	332	0.0	673
WP_003858864.1	WP_003858864.1	100.000	159	2.52e-117	325
WP_003858893.1	WP_003858893.1	100.000	315	0.0	636
WP_003858893.1	WP_011014239.1	29.452	292	8.35e-23	93.6
WP_003858893.1	WP_011265758.1	24.765	319	4.47e-19	82.4
WP_003858893.1	WP_011014301.1	25.517	290	4.50e-09	53.1
WP_003858945.1	WP_003858945.1	100.000	381	0.0	785
WP_003858985.1	WP_003858985.1	100.000	50	4.18e-30	96.3
WP_003859211.1	WP_003859211.1	100.000	157	3.41e-116	322
WP_003859215.1	WP_003859215.1	100.000	83	5.48e-59	171
WP_003859220.1	WP_003859220.1	100.000	197	1.93e-148	406
WP_003859220.1	WP_003859221.1	52.941	170	2.24e-54	169
WP_003859221.1	WP_003859221.1	100.000	208	2.65e-156	427
WP_003859221.1	WP_003859220.1	52.941	170	7.11e-60	183
WP_003859226.1	WP_003859226.1	100.000	512	0.0	1052
WP_003859226.1	WP_011015425.1	27.586	203	8.68e-12	63.2
WP_003859226.1	WP_003859269.1	24.771	218	1.79e-08	52.4
WP_003859234.1	WP_003859234.1	100.000	97	2.96e-70	201
WP_003859237.1	WP_003859237.1	100.000	230	2.21e-175	477
WP_003859237.1	WP_004567634.1	29.139	151	3.19e-13	62.8
WP_003859237.1	WP_011015596.1	29.139	151	1.06e-10	56.6
WP_003859237.1	WP_003854925.1	28.571	147	1.13e-10	56.6
WP_003859237.1	WP_011015093.1	29.545	132	1.66e-06	44.3
WP_003859243.1	WP_003859243.1	100.000	122	4.07e-89	250
WP_003859243.1	WP_011014077.1	31.579	76	6.03e-08	44.3
WP_003859251.1	WP_003859251.1	100.000	408	0.0	818
WP_003859254.1	WP_003859254.1	100.000	247	0.0	499
WP_003859257.1	WP_003859257.1	100.000	211	1.53e-157	431
WP_003859269.1	WP_003859269.1	100.000	325	0.0	676
WP_003859269.1	WP_003859226.1	24.771	218	1.37e-08	52.4
WP_003859290.1	WP_003859290.1	100.000	155	2.24e-114	317
WP_003859291.1	WP_003859291.1	100.000	114	1.74e-83	236
WP_003859291.1	WP_011015215.1	37.931	87	5.78e-17	67.0
WP_003859294.1	WP_003859294.1	100.000	136	1.28e-97	273
WP_003859302.1	WP_003859302.1	100.000	101	8.12e-69	197
WP_003859304.1	WP_003859304.1	100.000	88	7.14e-61	176
WP_003859305.1	WP_003859305.1	100.000	90	1.66e-62	181
WP_003859319.1	WP_003859319.1	100.000	304	0.0	617
WP_003859319.1	WP_003861134.1	43.345	293	1.12e-82	248
WP_003859319.1	WP_003854094.1	30.899	178	2.77e-20	87.4
WP_003859321.1	WP_003859321.1	100.000	432	0.0	873
WP_003859327.1	WP_003859327.1	100.000	157	1.56e-113	315
WP_003859329.1	WP_003859329.1	100.000	236	6.45e-180	489
WP_003859329.1	WP_003859605.1	38.415	164	3.88e-20	84.3
WP_003859329.1	WP_011015472.1	29.167	216	6.40e-15	68.2
WP_003859329.1	WP_003855496.1	30.000	190	2.01e-12	61.2
WP_003859329.1	WP_011014086.1	29.310	174	2.69e-11	58.2
WP_003859343.1	WP_003859343.1	100.000	87	5.63e-58	169
WP_003859345.1	WP_003859345.1	100.000	203	2.92e-150	412
WP_003859360.1	WP_003859360.1	100.000	93	1.39e-64	186
WP_003859360.1	WP_011014003.1	43.902	82	3.96e-16	63.9
WP_003859378.1	WP_003859378.1	100.000	432	0.0	898
WP_003859378.1	WP_011265603.1	31.132	212	4.21e-13	66.2
WP_003859378.1	WP_011013822.1	28.148	270	1.50e-11	61.6
WP_003859383.1	WP_003859383.1	100.000	324	0.0	629
WP_003859383.1	WP_003854741.1	45.938	320	4.03e-96	285
WP_003859391.1	WP_003859391.1	100.000	183	3.43e-136	374
WP_003859408.1	WP_003859408.1	100.000	309	0.0	603
WP_003859408.1	WP_011015084.1	34.076	314	1.30e-49	164
WP_003859410.1	WP_003859410.1	100.000	172	2.09e-128	354
WP_003859432.1	WP_003859432.1	100.000	68	8.51e-45	134
WP_003859434.1	WP_003859434.1	100.000	46	6.85e-28	90.5
WP_003859440.1	WP_003859440.1	100.000	615	0.0	1263
WP_003859440.1	WP_011013532.1	25.506	494	4.22e-34	132
WP_003859440.1	WP_003855494.1	26.065	587	4.44e-30	121
WP_003859440.1	WP_011013660.1	24.165	389	1.03e-13	69.3
WP_003859440.1	WP_011015452.1	24.706	510	1.15e-09	57.4
WP_003859440.1	WP_011265702.1	21.519	474	3.64e-08	52.8
WP_003859442.1	WP_003859442.1	100.000	126	3.96e-92	258
WP_003859444.1	WP_003859444.1	100.000	226	6.23e-164	448
WP_003859450.1	WP_003859450.1	100.000	342	0.0	682
WP_003859459.1	WP_003859459.1	100.000	440	0.0	874
WP_003859459.1	WP_011014371.1	25.307	407	5.19e-25	103
WP_003859459.1	WP_011014192.1	24.675	308	1.44e-19	87.0
WP_003859459.1	WP_011014370.1	20.000	350	4.92e-10	57.0
WP_003859464.1	WP_003859464.1	100.000	242	0.0	503
WP_003859486.1	WP_003859486.1	100.000	493	0.0	999
WP_003859486.1	WP_011013995.1	26.177	531	1.51e-16	78.6
WP_003859505.1	WP_003859505.1	100.000	111	4.00e-78	222
WP_003859561.1	WP_003859561.1	100.000	164	5.37e-121	334
WP_003859582.1	WP_003859582.1	100.000	275	0.0	563
WP_003859582.1	WP_011014344.1	29.885	261	4.25e-27	103
WP_003859586.1	WP_003859586.1	100.000	97	2.52e-66	191
WP_003859595.1	WP_003859595.1	100.000	143	3.52e-100	280
WP_003859605.1	WP_003859605.1	100.000	382	0.0	781
WP_003859605.1	WP_003859329.1	38.415	164	1.29e-25	100
WP_003859605.1	WP_011014086.1	34.409	186	5.30e-22	90.1
WP_003859605.1	WP_011015472.1	27.411	197	2.75e-11	59.3
WP_003859624.1	WP_003859624.1	100.000	160	1.24e-112	313
WP_003859631.1	WP_003859631.1	100.000	131	1.90e-96	270
WP_003859635.1	WP_003859635.1	100.000	178	9.11e-132	363
WP_003859640.1	WP_003859640.1	100.000	539	0.0	1059
WP_003859640.1	WP_011013749.1	40.074	544	1.34e-120	362
WP_003859641.1	WP_003859641.1	100.000	260	0.0	521
WP_003859703.1	WP_003859703.1	100.000	474	0.0	987
WP_003859703.1	WP_011013825.1	39.606	457	2.24e-105	317
WP_003859734.1	WP_003859734.1	100.000	549	0.0	1088
WP_003859734.1	WP_011013615.1	55.945	513	0.0	542
WP_003859734.1	WP_003854772.1	28.326	466	3.04e-42	154
WP_003859734.1	WP_011014147.1	29.612	412	1.49e-38	143
WP_003859734.1	WP_011015504.1	27.928	444	1.52e-31	124
WP_003859734.1	WP_011014299.1	28.899	436	3.08e-29	117
WP_003859734.1	WP_011015308.1	27.387	398	1.01e-25	107
WP_003859734.1	WP_011015248.1	26.144	459	1.04e-25	107
WP_003859734.1	WP_011015167.1	26.328	433	1.57e-21	94.0
WP_003859734.1	WP_011013368.1	27.154	383	2.75e-14	71.6
WP_003859734.1	WP_011014309.1	25.794	252	8.07e-14	70.1
WP_003859734.1	WP_041625642.1	33.628	113	1.27e-13	69.3
WP_003859734.1	WP_003862889.1	31.387	137	1.42e-13	68.9
WP_003859734.1	WP_011014103.1	22.561	164	4.39e-06	45.4
WP_003859734.1	WP_003861178.1	23.214	224	7.89e-06	44.7
WP_003859750.1	WP_003859750.1	100.000	359	0.0	709
WP_003859750.1	WP_011265874.1	23.793	290	6.40e-06	43.9
WP_003859752.1	WP_003859752.1	100.000	358	0.0	689
WP_003859752.1	WP_011013700.1	35.574	357	1.06e-54	180
WP_003859752.1	WP_011014490.1	39.236	288	8.85e-54	177
WP_003859752.1	WP_172820752.1	34.494	316	5.29e-50	167
WP_003859752.1	WP_003858297.1	42.089	316	4.58e-49	165
WP_003859752.1	WP_011013699.1	29.296	355	2.39e-30	115
WP_003859752.1	WP_011013804.1	32.534	292	6.58e-29	110
WP_003859752.1	WP_011013337.1	32.472	271	3.05e-27	106
WP_003859752.1	WP_011013803.1	31.579	342	3.19e-27	106
WP_003859752.1	WP_003863480.1	27.619	315	8.56e-23	94.0
WP_003859752.1	WP_003863478.1	23.563	348	9.02e-08	49.7
WP_003859825.1	WP_003859825.1	100.000	319	0.0	655
WP_003859832.1	WP_003859832.1	100.000	144	3.45e-103	288
WP_003859837.1	WP_003859837.1	100.000	570	0.0	1165
WP_003859852.1	WP_003859852.1	100.000	183	4.43e-134	369
WP_003859862.1	WP_003859862.1	100.000	205	1.35e-150	412
WP_003859878.1	WP_003859878.1	100.000	402	0.0	823
WP_003859881.1	WP_003859881.1	100.000	212	2.13e-161	441
WP_003859882.1	WP_003859882.1	100.000	219	3.18e-159	436
WP_003859886.1	WP_003859886.1	100.000	361	0.0	733
WP_003859886.1	WP_011265689.1	25.558	403	6.66e-12	62.4
WP_003859886.1	WP_011013628.1	27.749	191	3.17e-08	51.2
WP_003859886.1	WP_011014943.1	26.471	238	1.78e-07	48.9
WP_003859886.1	WP_011013672.1	21.558	385	4.86e-06	44.3
WP_003859897.1	WP_003859897.1	100.000	206	1.14e-148	408
WP_003859992.1	WP_003859992.1	100.000	213	8.55e-157	429
WP_003860005.1	WP_003860005.1	100.000	278	0.0	572
WP_003860006.1	WP_003860006.1	100.000	420	0.0	850
WP_003860043.1	WP_003860043.1	100.000	423	0.0	870
WP_003860060.1	WP_003860060.1	100.000	325	0.0	676
WP_003860075.1	WP_003860075.1	100.000	203	1.27e-147	405
WP_003860075.1	WP_011014822.1	27.570	214	1.49e-20	82.0
WP_003860075.1	WP_003862544.1	28.704	216	1.52e-16	71.6
WP_003860075.1	WP_011015360.1	26.108	203	1.73e-13	63.2
WP_003860245.1	WP_003860245.1	100.000	284	0.0	584
WP_003860245.1	WP_011013783.1	47.248	218	4.35e-70	213
WP_003860245.1	WP_003855103.1	40.741	216	4.92e-52	167
WP_003860245.1	WP_011013931.1	42.453	212	2.88e-49	159
WP_003860245.1	WP_003858089.1	37.963	216	4.98e-43	143
WP_003860245.1	WP_003854632.1	37.561	205	1.80e-40	140
WP_003860245.1	WP_003857536.1	35.294	221	5.63e-40	135
WP_003860245.1	WP_003857431.1	41.176	204	8.51e-40	135
WP_003860245.1	WP_011015140.1	38.071	197	1.49e-36	130
WP_003860245.1	WP_003858826.1	34.934	229	2.96e-36	127
WP_003860245.1	WP_011013642.1	34.579	214	9.90e-32	117
WP_003860245.1	WP_011013851.1	32.444	225	1.55e-28	108
WP_003860245.1	WP_011013479.1	33.005	203	2.36e-27	104
WP_003860245.1	WP_011014379.1	31.556	225	5.08e-27	102
WP_003860245.1	WP_011014212.1	32.456	228	5.63e-26	99.4
WP_003860245.1	WP_011014450.1	32.243	214	9.88e-26	100
WP_003860245.1	WP_011014327.1	33.040	227	1.46e-25	101
WP_003860245.1	WP_011013802.1	35.111	225	2.78e-25	98.2
WP_003860245.1	WP_011014850.1	31.336	217	8.36e-25	97.4
WP_003860245.1	WP_011015284.1	30.800	250	9.27e-25	97.1
WP_003860245.1	WP_011013698.1	36.364	209	6.56e-24	94.4
WP_003860245.1	WP_011014807.1	33.649	211	6.82e-24	97.4
WP_003860245.1	WP_011014807.1	32.407	216	1.07e-22	94.0
WP_003860245.1	WP_011015040.1	29.218	243	3.23e-22	92.4
WP_003860245.1	WP_011015040.1	29.126	206	6.65e-14	67.8
WP_003860245.1	WP_003856445.1	31.050	219	1.07e-21	88.6
WP_003860245.1	WP_011015118.1	31.858	226	2.87e-21	89.7
WP_003860245.1	WP_011015118.1	31.609	174	5.02e-17	77.4
WP_003860245.1	WP_011014492.1	30.841	214	3.74e-20	84.0
WP_003860245.1	WP_011014374.1	29.703	202	1.18e-19	82.4
WP_003860245.1	WP_011265986.1	29.258	229	7.61e-19	82.8
WP_003860245.1	WP_011013906.1	29.268	205	1.64e-18	79.3
WP_003860245.1	WP_011013985.1	28.507	221	2.08e-18	79.0
WP_003860245.1	WP_011015221.1	31.674	221	4.56e-18	78.2
WP_003860245.1	WP_011013338.1	29.565	230	1.07e-17	77.4
WP_003860245.1	WP_011013996.1	27.313	227	1.34e-17	77.8
WP_003860245.1	WP_011013807.1	29.327	208	1.65e-17	76.6
WP_003860245.1	WP_011015345.1	29.108	213	2.34e-17	77.0
WP_003860245.1	WP_011015261.1	30.412	194	2.79e-17	75.5
WP_003860245.1	WP_011013712.1	33.636	220	2.96e-17	77.8
WP_003860245.1	WP_011013712.1	29.386	228	1.14e-15	73.2
WP_003860245.1	WP_003861735.1	28.571	224	2.08e-16	73.9
WP_003860245.1	WP_011014443.1	28.634	227	6.53e-16	73.9
WP_003860245.1	WP_011015020.1	26.877	253	1.45e-15	73.2
WP_003860245.1	WP_011013333.1	28.216	241	1.56e-15	71.2
WP_003860245.1	WP_011014785.1	30.508	177	3.01e-15	70.1
WP_003860245.1	WP_011014139.1	25.604	207	5.00e-15	71.6
WP_003860245.1	WP_011014139.1	28.125	256	4.07e-14	68.9
WP_003860245.1	WP_011013331.1	29.167	216	2.68e-14	67.0
WP_003860245.1	WP_011014233.1	29.412	221	4.90e-14	68.2
WP_003860245.1	WP_011014233.1	19.617	209	4.74e-10	56.2
WP_003860245.1	WP_011013622.1	26.761	213	5.06e-14	67.0
WP_003860245.1	WP_011014216.1	28.571	210	7.40e-14	67.0
WP_003860245.1	WP_011265940.1	27.193	228	1.08e-13	65.9
WP_003860245.1	WP_003856990.1	26.168	214	1.14e-13	65.9
WP_003860245.1	WP_011265869.1	32.020	203	1.42e-12	63.9
WP_003860245.1	WP_011014540.1	28.571	196	4.28e-12	60.5
WP_003860245.1	WP_003862124.1	25.490	204	1.24e-11	60.8
WP_003860245.1	WP_003862124.1	32.402	179	1.31e-10	57.8
WP_003860245.1	WP_011014012.1	28.839	267	3.69e-11	59.7
WP_003860245.1	WP_011013968.1	25.346	217	4.14e-11	59.7
WP_003860245.1	WP_011013968.1	26.000	200	8.27e-06	43.1
WP_003860245.1	WP_011015133.1	30.180	222	1.77e-10	57.8
WP_003860245.1	WP_011015133.1	29.050	179	8.87e-10	55.5
WP_003860245.1	WP_011014011.1	24.766	214	6.22e-10	55.8
WP_003860245.1	WP_011014362.1	25.820	244	6.28e-10	55.8
WP_003860245.1	WP_004567959.1	25.455	220	7.21e-10	55.1
WP_003860245.1	WP_011014424.1	25.333	225	1.35e-09	55.1
WP_003860245.1	WP_011014865.1	39.437	71	1.73e-09	54.7
WP_003860245.1	WP_011265658.1	22.785	237	6.73e-09	52.8
WP_003860245.1	WP_011014089.1	28.497	193	6.95e-09	52.8
WP_003860245.1	WP_003856078.1	23.923	209	1.33e-08	50.8
WP_003860245.1	WP_011013466.1	26.344	186	1.57e-08	50.8
WP_003860245.1	WP_011014910.1	26.471	204	1.39e-06	45.8
WP_003860245.1	WP_020948580.1	53.846	39	3.96e-06	44.3
WP_003860245.1	WP_011013984.1	21.186	236	5.64e-06	43.1
WP_003860245.1	WP_011014110.1	30.263	76	6.15e-06	43.9
WP_003860253.1	WP_003860253.1	100.000	108	7.16e-74	211
WP_003860265.1	WP_003860265.1	100.000	278	0.0	571
WP_003860267.1	WP_003860267.1	100.000	457	0.0	928
WP_003860267.1	WP_011013821.1	27.423	423	1.97e-31	122
WP_003860285.1	WP_003860285.1	100.000	162	2.28e-118	328
WP_003860289.1	WP_003860289.1	100.000	433	0.0	865
WP_003860289.1	WP_003855543.1	25.243	206	2.16e-08	52.0
WP_003860289.1	WP_011013545.1	29.825	114	8.00e-06	43.5
WP_003860306.1	WP_003860306.1	100.000	249	3.83e-180	491
WP_003860361.1	WP_003860361.1	100.000	337	0.0	681
WP_003860372.1	WP_003860372.1	100.000	363	0.0	729
WP_003860375.1	WP_003860375.1	100.000	222	4.71e-160	438
WP_003860384.1	WP_003860384.1	100.000	365	0.0	710
WP_003860401.1	WP_003860401.1	100.000	325	0.0	652
WP_003860404.1	WP_003860404.1	100.000	200	4.69e-143	393
WP_003860409.1	WP_003860409.1	100.000	193	9.90e-143	392
WP_003860435.1	WP_003860435.1	100.000	145	1.46e-104	291
WP_003860456.1	WP_003860456.1	100.000	194	2.60e-142	391
WP_003860476.1	WP_003860476.1	100.000	316	0.0	643
WP_003860476.1	WP_011014792.1	26.936	297	5.01e-12	62.0
WP_003860484.1	WP_003860484.1	100.000	105	1.51e-76	217
WP_003860492.1	WP_003860492.1	100.000	87	4.57e-58	169
WP_003860502.1	WP_003860502.1	100.000	319	0.0	664
WP_003860534.1	WP_003860534.1	100.000	60	4.95e-37	114
WP_003860588.1	WP_003860588.1	100.000	178	2.57e-127	352
WP_003860590.1	WP_003860590.1	100.000	61	2.94e-39	120
WP_003860600.1	WP_003860600.1	100.000	245	0.0	500
WP_003860639.1	WP_003860639.1	100.000	294	0.0	600
WP_003860653.1	WP_003860653.1	100.000	142	3.68e-101	283
WP_003860674.1	WP_003860674.1	100.000	101	9.15e-73	207
WP_003860686.1	WP_003860686.1	100.000	169	1.04e-127	352
WP_003860693.1	WP_003860693.1	100.000	140	4.91e-101	282
WP_003860713.1	WP_003860713.1	100.000	147	9.37e-106	295
WP_003860723.1	WP_003860723.1	100.000	108	9.94e-78	221
WP_003860754.1	WP_003860754.1	100.000	149	2.79e-107	298
WP_003860764.1	WP_003860764.1	100.000	284	0.0	570
WP_003860780.1	WP_003860780.1	100.000	759	0.0	1513
WP_003860791.1	WP_003860791.1	100.000	240	1.10e-178	486
WP_003860791.1	WP_011014044.1	33.333	93	2.82e-11	57.8
WP_003860791.1	WP_011265924.1	23.894	226	5.21e-06	42.7
WP_003860808.1	WP_003860808.1	100.000	304	0.0	626
WP_003860808.1	WP_003853692.1	25.633	316	5.02e-11	58.5
WP_003860810.1	WP_003860810.1	100.000	63	7.43e-39	119
WP_003860838.1	WP_003860838.1	100.000	413	0.0	848
WP_003860847.1	WP_003860847.1	100.000	414	0.0	839
WP_003860878.1	WP_003860878.1	100.000	89	4.84e-64	184
WP_003860887.1	WP_003860887.1	100.000	213	1.49e-153	421
WP_003860938.1	WP_003860938.1	100.000	68	9.53e-44	132
WP_003860938.1	WP_003855276.1	71.642	67	7.25e-30	97.1
WP_003860938.1	WP_011015540.1	55.385	65	2.41e-20	72.8
WP_003860938.1	WP_011015527.1	41.538	65	3.76e-08	42.4
WP_003860953.1	WP_003860953.1	100.000	201	8.21e-149	408
WP_003860977.1	WP_003860977.1	100.000	133	1.66e-96	270
WP_003860996.1	WP_003860996.1	100.000	114	9.04e-78	221
WP_003861074.1	WP_003861074.1	100.000	90	1.79e-62	181
WP_003861086.1	WP_003861086.1	100.000	154	5.19e-111	308
WP_003861134.1	WP_003861134.1	100.000	304	0.0	623
WP_003861134.1	WP_003859319.1	43.345	293	1.12e-82	248
WP_003861134.1	WP_003854094.1	29.097	299	2.88e-20	87.4
WP_003861135.1	WP_003861135.1	100.000	334	0.0	682
WP_003861174.1	WP_003861174.1	100.000	124	4.50e-91	256
WP_003861174.1	WP_011015624.1	41.304	92	4.49e-22	80.9
WP_003861178.1	WP_003861178.1	100.000	439	0.0	859
WP_003861178.1	WP_011014103.1	28.895	353	4.71e-32	123
WP_003861178.1	WP_011015577.1	27.660	423	1.22e-29	116
WP_003861178.1	WP_011015083.1	29.820	389	1.87e-28	113
WP_003861178.1	WP_011013450.1	26.009	446	4.33e-27	109
WP_003861178.1	WP_011015098.1	26.000	400	1.44e-26	107
WP_003861178.1	WP_011014385.1	25.000	416	8.22e-13	66.2
WP_003861178.1	WP_011015598.1	23.641	423	8.30e-12	63.2
WP_003861178.1	WP_011015605.1	26.613	248	3.61e-09	55.1
WP_003861178.1	WP_011014146.1	27.749	191	2.26e-07	48.9
WP_003861178.1	WP_003859734.1	24.460	139	7.31e-06	44.7
WP_003861178.1	WP_011013531.1	28.025	157	9.55e-06	43.9
WP_003861194.1	WP_003861194.1	100.000	63	6.01e-40	122
WP_003861200.1	WP_003861200.1	100.000	313	0.0	635
WP_003861203.1	WP_003861203.1	100.000	165	2.71e-123	340
WP_003861220.1	WP_003861220.1	100.000	165	5.52e-123	340
WP_003861276.1	WP_003861276.1	100.000	162	9.01e-121	333
WP_003861276.1	WP_011015181.1	26.761	142	2.12e-15	66.2
WP_003861284.1	WP_003861284.1	100.000	78	1.33e-54	160
WP_003861284.1	WP_011015535.1	85.897	78	3.90e-48	144
WP_003861284.1	WP_011013619.1	43.860	57	4.85e-10	50.4
WP_003861324.1	WP_003861324.1	100.000	216	4.08e-160	437
WP_003861337.1	WP_003861337.1	100.000	124	1.38e-86	244
WP_003861382.1	WP_003861382.1	100.000	365	0.0	748
WP_003861387.1	WP_003861387.1	100.000	237	0.0	494
WP_003861389.1	WP_003861389.1	100.000	221	6.49e-159	435
WP_003861456.1	WP_003861456.1	100.000	338	0.0	694
WP_003861462.1	WP_003861462.1	100.000	268	0.0	544
WP_003861462.1	WP_004567937.1	32.877	219	1.56e-34	122
WP_003861519.1	WP_003861519.1	100.000	248	0.0	514
WP_003861519.1	WP_011014690.1	95.161	248	7.85e-161	442
WP_003861526.1	WP_003861526.1	100.000	125	1.72e-93	262
WP_003861547.1	WP_003861547.1	100.000	78	1.73e-52	154
WP_003861566.1	WP_003861566.1	100.000	127	3.06e-93	261
WP_003861566.1	WP_003856451.1	35.577	104	5.49e-19	73.9
WP_003861594.1	WP_003861594.1	100.000	134	4.36e-85	241
WP_003861608.1	WP_003861608.1	100.000	59	5.23e-39	119
WP_003861637.1	WP_003861637.1	100.000	223	3.48e-165	451
WP_003861658.1	WP_003861658.1	100.000	107	1.60e-72	207
WP_003861660.1	WP_003861660.1	100.000	201	3.66e-147	404
WP_003861694.1	WP_003861694.1	100.000	149	5.63e-107	298
WP_003861701.1	WP_003861701.1	100.000	332	0.0	670
WP_003861718.1	WP_003861718.1	100.000	338	0.0	704
WP_003861735.1	WP_003861735.1	100.000	285	0.0	578
WP_003861735.1	WP_004567959.1	33.184	223	1.16e-37	132
WP_003861735.1	WP_011014450.1	29.289	239	1.94e-34	124
WP_003861735.1	WP_011013996.1	34.199	231	3.67e-33	120
WP_003861735.1	WP_011015345.1	32.114	246	6.64e-33	119
WP_003861735.1	WP_011014850.1	33.772	228	1.16e-29	110
WP_003861735.1	WP_003854632.1	28.745	247	1.58e-26	103
WP_003861735.1	WP_003858826.1	27.753	227	1.68e-25	98.6
WP_003861735.1	WP_003857431.1	27.230	213	6.61e-25	96.7
WP_003861735.1	WP_011013479.1	27.602	221	1.20e-23	94.4
WP_003861735.1	WP_011013906.1	25.424	236	2.04e-22	90.1
WP_003861735.1	WP_011014374.1	28.571	224	1.06e-21	88.2
WP_003861735.1	WP_011265940.1	30.702	228	1.18e-21	88.2
WP_003861735.1	WP_011013985.1	29.493	217	7.20e-21	85.5
WP_003861735.1	WP_011013698.1	26.471	238	8.12e-21	85.9
WP_003861735.1	WP_011013642.1	27.230	213	1.23e-20	86.7
WP_003861735.1	WP_011013802.1	27.237	257	1.56e-20	85.5
WP_003861735.1	WP_003855103.1	26.667	210	1.94e-20	84.3
WP_003861735.1	WP_011015040.1	29.832	238	6.21e-20	85.9
WP_003861735.1	WP_011015040.1	26.724	232	2.74e-09	53.9
WP_003861735.1	WP_011013807.1	27.234	235	7.59e-20	83.2
WP_003861735.1	WP_011013984.1	25.610	246	1.06e-19	82.4
WP_003861735.1	WP_003857536.1	27.907	215	2.43e-19	81.3
WP_003861735.1	WP_011013851.1	27.459	244	5.52e-19	82.0
WP_003861735.1	WP_011014212.1	30.180	222	8.65e-19	80.1
WP_003861735.1	WP_011014492.1	26.271	236	8.02e-18	77.4
WP_003861735.1	WP_011013331.1	29.954	217	1.10e-17	76.6
WP_003861735.1	WP_011014540.1	30.151	199	6.46e-17	73.9
WP_003861735.1	WP_003860245.1	28.571	224	2.09e-16	73.9
WP_003861735.1	WP_003858089.1	27.143	210	4.28e-16	72.4
WP_003861735.1	WP_011015140.1	25.714	245	6.60e-16	73.6
WP_003861735.1	WP_011013466.1	26.601	203	1.36e-15	71.6
WP_003861735.1	WP_011265986.1	29.183	257	2.10e-15	72.4
WP_003861735.1	WP_011013338.1	26.250	240	2.46e-15	70.5
WP_003861735.1	WP_011014910.1	24.231	260	4.39e-15	71.6
WP_003861735.1	WP_011014233.1	25.000	224	5.49e-15	71.2
WP_003861735.1	WP_011014233.1	25.475	263	1.74e-09	54.7
WP_003861735.1	WP_011013931.1	27.136	199	1.91e-14	67.4
WP_003861735.1	WP_011014216.1	28.636	220	2.59e-14	68.2
WP_003861735.1	WP_011015020.1	26.122	245	2.75e-14	69.3
WP_003861735.1	WP_011014379.1	24.060	266	4.56e-14	67.0
WP_003861735.1	WP_011014327.1	24.885	217	1.27e-13	67.0
WP_003861735.1	WP_011014807.1	23.846	260	2.02e-13	66.6
WP_003861735.1	WP_011014807.1	27.928	222	3.87e-11	59.7
WP_003861735.1	WP_011013333.1	24.545	220	3.07e-13	64.7
WP_003861735.1	WP_011015118.1	23.846	260	4.16e-13	65.5
WP_003861735.1	WP_011015118.1	25.969	258	1.23e-08	52.0
WP_003861735.1	WP_011015221.1	23.923	209	6.91e-13	63.5
WP_003861735.1	WP_011014362.1	28.824	170	1.47e-12	63.9
WP_003861735.1	WP_011014139.1	23.894	226	2.35e-12	63.5
WP_003861735.1	WP_011014139.1	25.571	219	4.53e-10	56.6
WP_003861735.1	WP_011015133.1	24.891	229	3.19e-12	62.8
WP_003861735.1	WP_011015133.1	25.225	222	4.10e-11	59.7
WP_003861735.1	WP_011013712.1	27.876	226	6.71e-12	62.0
WP_003861735.1	WP_011013712.1	21.801	211	4.76e-07	47.0
WP_003861735.1	WP_003862124.1	30.000	190	8.55e-12	61.6
WP_003861735.1	WP_003862124.1	26.364	220	1.18e-06	45.8
WP_003861735.1	WP_011013622.1	23.333	240	9.16e-12	60.5
WP_003861735.1	WP_003856445.1	25.108	231	1.86e-11	59.7
WP_003861735.1	WP_011014011.1	24.658	219	3.75e-11	59.7
WP_003861735.1	WP_011014443.1	27.317	205	3.98e-11	59.7
WP_003861735.1	WP_011014443.1	26.906	223	1.51e-07	48.5
WP_003861735.1	WP_011015284.1	26.396	197	4.47e-10	55.5
WP_003861735.1	WP_003856990.1	25.095	263	7.17e-10	54.7
WP_003861735.1	WP_011014424.1	22.128	235	7.85e-10	55.8
WP_003861735.1	WP_011013968.1	26.512	215	1.52e-09	54.7
WP_003861735.1	WP_011013968.1	27.160	243	4.06e-08	50.4
WP_003861735.1	WP_011014012.1	22.605	261	2.08e-09	54.3
WP_003861735.1	WP_011015261.1	26.108	203	2.80e-09	52.8
WP_003861735.1	WP_003856078.1	24.201	219	3.61e-08	49.7
WP_003861735.1	WP_011013783.1	24.020	204	1.09e-07	48.1
WP_003861735.1	WP_011265869.1	27.624	181	2.39e-07	48.1
WP_003861735.1	WP_011014351.1	23.077	247	3.31e-07	47.4
WP_003861735.1	WP_011265658.1	28.283	99	2.84e-06	44.7
WP_003861735.1	WP_011014089.1	27.962	211	2.86e-06	44.7
WP_003861738.1	WP_003861738.1	100.000	366	0.0	755
WP_003861752.1	WP_003861752.1	100.000	394	0.0	807
WP_003861890.1	WP_003861890.1	100.000	222	2.13e-168	459
WP_003861894.1	WP_003861894.1	100.000	374	0.0	757
WP_003861894.1	WP_011015567.1	21.429	420	3.86e-09	54.3
WP_003861911.1	WP_003861911.1	100.000	116	1.16e-84	239
WP_003861938.1	WP_003861938.1	100.000	247	0.0	504
WP_003861940.1	WP_003861940.1	100.000	178	6.81e-129	355
WP_003861943.1	WP_003861943.1	100.000	263	0.0	515
WP_003861968.1	WP_003861968.1	100.000	275	0.0	561
WP_003861968.1	WP_011013898.1	28.311	219	4.92e-19	80.9
WP_003861968.1	WP_011014746.1	31.609	174	3.56e-13	64.7
WP_003861968.1	WP_011013899.1	27.632	228	4.19e-11	58.5
WP_003861983.1	WP_003861983.1	100.000	202	1.04e-149	410
WP_003861988.1	WP_003861988.1	100.000	217	6.05e-161	440
WP_003862025.1	WP_003862025.1	100.000	77	7.37e-53	155
WP_003862033.1	WP_003862033.1	100.000	436	0.0	890
WP_003862033.1	WP_011014022.1	28.616	318	8.24e-23	94.7
WP_003862103.1	WP_003862103.1	100.000	115	2.72e-82	233
WP_003862124.1	WP_003862124.1	100.000	446	0.0	892
WP_003862124.1	WP_011013712.1	28.931	477	1.97e-49	173
WP_003862124.1	WP_011013712.1	32.143	196	2.03e-16	77.8
WP_003862124.1	WP_011013712.1	24.651	215	1.60e-08	53.1
WP_003862124.1	WP_011015118.1	26.294	483	6.71e-33	127
WP_003862124.1	WP_011015118.1	29.493	217	7.29e-16	76.3
WP_003862124.1	WP_011015040.1	26.846	447	7.17e-29	114
WP_003862124.1	WP_011015040.1	33.158	190	1.07e-15	75.5
WP_003862124.1	WP_011015040.1	32.292	192	9.69e-15	72.4
WP_003862124.1	WP_011014807.1	25.102	490	7.83e-26	106
WP_003862124.1	WP_011014807.1	31.282	195	8.33e-14	69.7
WP_003862124.1	WP_011014807.1	25.877	228	4.29e-10	58.2
WP_003862124.1	WP_003857431.1	32.632	190	2.23e-25	100
WP_003862124.1	WP_003857431.1	30.222	225	5.70e-17	76.6
WP_003862124.1	WP_011014233.1	23.391	466	2.82e-25	104
WP_003862124.1	WP_003858826.1	30.594	219	3.08e-25	100
WP_003862124.1	WP_003858826.1	29.437	231	1.35e-17	79.0
WP_003862124.1	WP_003854632.1	31.535	241	5.63e-23	96.3
WP_003862124.1	WP_003854632.1	36.872	179	7.89e-22	92.8
WP_003862124.1	WP_011013851.1	30.288	208	1.32e-21	91.7
WP_003862124.1	WP_011013851.1	28.125	192	1.52e-11	61.6
WP_003862124.1	WP_011015140.1	32.487	197	4.20e-21	90.9
WP_003862124.1	WP_011015140.1	28.431	204	5.26e-12	63.5
WP_003862124.1	WP_011014327.1	30.769	208	5.82e-21	90.9
WP_003862124.1	WP_011014327.1	28.440	218	6.19e-13	66.6
WP_003862124.1	WP_003858089.1	30.137	219	3.06e-20	85.9
WP_003862124.1	WP_003858089.1	35.165	182	1.90e-17	77.8
WP_003862124.1	WP_011014450.1	34.021	194	4.47e-19	84.7
WP_003862124.1	WP_011014450.1	27.570	214	1.85e-12	64.7
WP_003862124.1	WP_011013985.1	31.282	195	4.88e-19	82.4
WP_003862124.1	WP_011013985.1	30.460	174	6.44e-07	46.6
WP_003862124.1	WP_003855103.1	32.039	206	7.92e-19	81.6
WP_003862124.1	WP_003855103.1	28.646	192	1.91e-12	63.2
WP_003862124.1	WP_011013479.1	30.841	214	9.78e-19	83.2
WP_003862124.1	WP_011013479.1	28.141	199	1.85e-12	64.3
WP_003862124.1	WP_003857536.1	30.736	231	2.19e-18	80.5
WP_003862124.1	WP_003857536.1	32.338	201	3.55e-16	73.9
WP_003862124.1	WP_011014139.1	29.493	217	1.78e-17	81.6
WP_003862124.1	WP_011014139.1	26.939	245	1.60e-12	66.2
WP_003862124.1	WP_011014139.1	25.397	189	6.24e-07	48.1
WP_003862124.1	WP_011013642.1	33.810	210	5.55e-17	78.6
WP_003862124.1	WP_011013642.1	32.308	195	9.17e-14	68.6
WP_003862124.1	WP_011013783.1	31.754	211	5.86e-17	76.6
WP_003862124.1	WP_011013783.1	26.339	224	2.03e-11	60.5
WP_003862124.1	WP_011014850.1	26.172	256	6.42e-17	77.4
WP_003862124.1	WP_011014850.1	30.542	203	2.32e-16	75.9
WP_003862124.1	WP_011013996.1	32.020	203	1.12e-16	77.0
WP_003862124.1	WP_011013996.1	27.556	225	2.62e-10	57.8
WP_003862124.1	WP_003861735.1	30.000	190	3.33e-16	75.1
WP_003862124.1	WP_003861735.1	25.909	220	5.38e-07	47.4
WP_003862124.1	WP_011015284.1	31.148	183	3.71e-16	74.7
WP_003862124.1	WP_011015284.1	27.419	248	4.42e-13	65.9
WP_003862124.1	WP_003856990.1	29.008	262	5.20e-16	74.3
WP_003862124.1	WP_003856990.1	31.188	202	1.32e-11	61.2
WP_003862124.1	WP_011014212.1	31.892	185	5.66e-16	73.9
WP_003862124.1	WP_011014212.1	29.439	214	1.78e-11	60.5
WP_003862124.1	WP_011014379.1	28.947	228	2.39e-15	72.4
WP_003862124.1	WP_011265986.1	29.327	208	3.87e-15	73.9
WP_003862124.1	WP_011265986.1	28.796	191	2.56e-12	65.1
WP_003862124.1	WP_011014492.1	28.866	194	8.06e-15	70.5
WP_003862124.1	WP_011014492.1	28.384	229	1.25e-13	67.0
WP_003862124.1	WP_011015020.1	31.004	229	1.14e-14	72.4
WP_003862124.1	WP_011015020.1	27.551	196	1.95e-08	52.8
WP_003862124.1	WP_011013984.1	29.353	201	1.40e-14	69.7
WP_003862124.1	WP_011013984.1	32.105	190	2.20e-11	60.1
WP_003862124.1	WP_011013333.1	31.658	199	3.36e-14	68.9
WP_003862124.1	WP_011013333.1	28.571	238	3.23e-13	65.9
WP_003862124.1	WP_011014374.1	31.818	176	3.70e-14	68.6
WP_003862124.1	WP_011014374.1	27.638	199	8.91e-09	52.4
WP_003862124.1	WP_011013906.1	30.500	200	7.45e-14	67.8
WP_003862124.1	WP_011013906.1	27.805	205	7.94e-13	64.7
WP_003862124.1	WP_011013698.1	30.348	201	8.00e-14	67.8
WP_003862124.1	WP_011013698.1	27.232	224	2.62e-08	51.2
WP_003862124.1	WP_011013931.1	30.435	184	1.12e-13	66.6
WP_003862124.1	WP_011013931.1	31.651	218	2.16e-13	65.9
WP_003862124.1	WP_003860245.1	32.402	179	1.15e-13	67.8
WP_003862124.1	WP_003860245.1	25.490	204	4.28e-13	65.9
WP_003862124.1	WP_011013802.1	29.224	219	1.38e-13	67.4
WP_003862124.1	WP_011013802.1	30.189	212	2.44e-12	63.5
WP_003862124.1	WP_003856445.1	28.509	228	2.14e-13	66.6
WP_003862124.1	WP_003856445.1	30.500	200	7.29e-13	65.1
WP_003862124.1	WP_011014785.1	29.609	179	2.37e-13	65.9
WP_003862124.1	WP_011014785.1	30.857	175	2.73e-11	59.7
WP_003862124.1	WP_011013338.1	25.339	221	3.32e-13	65.9
WP_003862124.1	WP_011013338.1	30.049	203	2.15e-09	54.7
WP_003862124.1	WP_011015345.1	29.630	189	3.58e-13	66.6
WP_003862124.1	WP_011015345.1	27.363	201	9.59e-08	50.1
WP_003862124.1	WP_011014443.1	32.039	206	5.94e-13	67.0
WP_003862124.1	WP_011014443.1	29.954	217	4.80e-10	57.8
WP_003862124.1	WP_011013807.1	29.719	249	1.08e-12	64.3
WP_003862124.1	WP_011013807.1	28.283	198	1.89e-11	60.8
WP_003862124.1	WP_004567959.1	28.638	213	2.04e-12	63.9
WP_003862124.1	WP_004567959.1	25.604	207	8.68e-06	43.9
WP_003862124.1	WP_011265940.1	30.928	194	5.17e-12	62.4
WP_003862124.1	WP_011265940.1	29.108	213	3.31e-08	50.8
WP_003862124.1	WP_011014011.1	26.695	236	5.58e-12	63.9
WP_003862124.1	WP_011014011.1	27.536	207	8.43e-11	60.5
WP_003862124.1	WP_011013622.1	30.645	186	6.11e-12	62.4
WP_003862124.1	WP_011013622.1	30.151	199	2.17e-10	57.8
WP_003862124.1	WP_011014910.1	30.055	183	6.37e-12	63.9
WP_003862124.1	WP_011014910.1	27.891	147	2.68e-08	52.4
WP_003862124.1	WP_011014910.1	27.885	208	3.93e-08	51.6
WP_003862124.1	WP_011014910.1	25.806	217	2.07e-06	46.2
WP_003862124.1	WP_011266014.1	24.250	400	8.76e-12	62.4
WP_003862124.1	WP_011015133.1	31.472	197	9.38e-12	63.2
WP_003862124.1	WP_011015133.1	32.843	204	2.94e-11	61.6
WP_003862124.1	WP_011015133.1	27.485	171	1.05e-09	56.6
WP_003862124.1	WP_011015133.1	25.431	232	1.10e-08	53.5
WP_003862124.1	WP_011014216.1	31.472	197	5.33e-11	59.7
WP_003862124.1	WP_011013968.1	27.895	190	6.99e-11	60.5
WP_003862124.1	WP_011013968.1	27.473	182	3.01e-10	58.5
WP_003862124.1	WP_011013968.1	28.125	192	2.45e-08	52.4
WP_003862124.1	WP_011013968.1	29.801	151	5.06e-07	48.1
WP_003862124.1	WP_011265694.1	32.961	179	2.11e-10	58.9
WP_003862124.1	WP_011013331.1	26.190	210	2.66e-10	56.6
WP_003862124.1	WP_011013331.1	31.522	184	9.71e-06	43.1
WP_003862124.1	WP_011265869.1	27.179	195	2.73e-10	58.5
WP_003862124.1	WP_011265869.1	31.606	193	6.79e-09	54.3
WP_003862124.1	WP_011014110.1	22.250	400	6.14e-10	57.8
WP_003862124.1	WP_011014110.1	33.793	145	6.60e-09	54.3
WP_003862124.1	WP_011014012.1	24.891	229	1.34e-09	56.6
WP_003862124.1	WP_011014012.1	27.835	194	8.70e-07	47.4
WP_003862124.1	WP_011015261.1	30.208	192	3.67e-09	53.5
WP_003862124.1	WP_011013466.1	26.733	202	3.79e-09	53.9
WP_003862124.1	WP_011013466.1	25.926	189	6.18e-08	50.1
WP_003862124.1	WP_011015221.1	26.147	218	6.19e-09	53.1
WP_003862124.1	WP_011015221.1	26.457	223	4.60e-07	47.4
WP_003862124.1	WP_011014540.1	27.027	185	1.63e-08	51.2
WP_003862124.1	WP_011014540.1	23.626	182	8.73e-08	48.9
WP_003862124.1	WP_011014000.1	29.747	158	2.62e-08	52.0
WP_003862124.1	WP_011265658.1	27.928	222	6.34e-08	51.2
WP_003862124.1	WP_011265658.1	29.508	183	2.35e-06	46.2
WP_003862124.1	WP_011014351.1	24.887	221	1.65e-07	49.7
WP_003862124.1	WP_011014865.1	32.308	195	1.13e-06	47.0
WP_003862124.1	WP_011014865.1	30.939	181	2.96e-06	45.8
WP_003862124.1	WP_011014319.1	35.577	104	3.51e-06	45.8
WP_003862124.1	WP_003856078.1	24.868	189	9.46e-06	43.5
WP_003862208.1	WP_003862208.1	100.000	192	3.41e-137	378
WP_003862210.1	WP_003862210.1	100.000	312	0.0	638
WP_003862210.1	WP_011014335.1	27.019	322	2.28e-18	80.5
WP_003862210.1	WP_011265673.1	29.864	221	6.26e-12	61.2
WP_003862217.1	WP_003862217.1	100.000	1113	0.0	2254
WP_003862217.1	WP_011013816.1	27.797	295	5.47e-12	66.6
WP_003862217.1	WP_011013816.1	22.500	200	1.89e-06	48.5
WP_003862217.1	WP_011013826.1	24.786	234	9.69e-09	55.5
WP_003862217.1	WP_011013826.1	23.849	239	1.19e-08	55.5
WP_003862217.1	WP_003853648.1	22.093	172	1.59e-07	51.2
WP_003862221.1	WP_003862221.1	100.000	106	6.44e-71	203
WP_003862229.1	WP_003862229.1	100.000	315	0.0	631
WP_003862229.1	WP_003858391.1	26.415	106	1.69e-08	50.4
WP_003862248.1	WP_003862248.1	100.000	327	0.0	657
WP_003862250.1	WP_003862250.1	100.000	334	0.0	685
WP_003862250.1	WP_011013988.1	35.608	337	1.04e-62	203
WP_003862252.1	WP_003862252.1	100.000	405	0.0	811
WP_003862263.1	WP_003862263.1	100.000	235	2.14e-170	465
WP_003862284.1	WP_003862284.1	100.000	481	0.0	1001
WP_003862284.1	WP_011014448.1	27.106	273	1.13e-24	102
WP_003862296.1	WP_003862296.1	100.000	454	0.0	934
WP_003862316.1	WP_003862316.1	100.000	142	4.56e-98	275
WP_003862331.1	WP_003862331.1	100.000	203	6.86e-151	413
WP_003862355.1	WP_003862355.1	100.000	193	4.37e-140	385
WP_003862355.1	WP_003858490.1	64.130	92	4.09e-37	129
WP_003862359.1	WP_003862359.1	100.000	447	0.0	852
WP_003862361.1	WP_003862361.1	100.000	276	0.0	555
WP_003862361.1	WP_003863034.1	25.806	248	4.21e-17	76.3
WP_003862361.1	WP_003858706.1	34.507	142	1.09e-15	71.6
WP_003862382.1	WP_003862382.1	100.000	349	0.0	726
WP_003862382.1	WP_011013793.1	29.618	314	2.25e-19	84.7
WP_003862384.1	WP_003862384.1	100.000	142	1.55e-105	293
WP_003862384.1	WP_011014569.1	33.333	138	1.58e-22	84.0
WP_003862384.1	WP_011265797.1	36.145	83	2.04e-07	43.9
WP_003862384.1	WP_003863742.1	26.596	94	8.40e-07	42.7
WP_003862384.1	WP_227747700.1	36.842	57	2.92e-06	40.4
WP_003862386.1	WP_003862386.1	100.000	89	3.37e-64	185
WP_003862391.1	WP_003862391.1	100.000	266	0.0	557
WP_003862394.1	WP_003862394.1	100.000	252	0.0	521
WP_003862394.1	WP_011013899.1	46.154	65	3.71e-11	58.5
WP_003862394.1	WP_011013898.1	32.609	92	6.50e-09	51.6
WP_003862394.1	WP_011014746.1	34.884	86	1.35e-07	47.8
WP_003862398.1	WP_003862398.1	100.000	256	0.0	531
WP_003862398.1	WP_011266054.1	28.571	280	2.06e-19	81.6
WP_003862398.1	WP_011014863.1	26.531	147	6.57e-10	54.7
WP_003862411.1	WP_003862411.1	100.000	169	1.95e-121	336
WP_003862417.1	WP_003862417.1	100.000	284	0.0	563
WP_003862468.1	WP_003862468.1	100.000	296	0.0	609
WP_003862487.1	WP_003862487.1	100.000	67	6.41e-46	137
WP_003862487.1	WP_011013551.1	83.582	67	1.20e-37	116
WP_003862487.1	WP_003858310.1	40.299	67	2.47e-12	53.9
WP_003862490.1	WP_003862490.1	100.000	102	4.29e-72	206
WP_003862521.1	WP_003862521.1	100.000	46	3.74e-28	90.9
WP_003862544.1	WP_003862544.1	100.000	212	3.83e-152	417
WP_003862544.1	WP_011014822.1	57.477	214	1.24e-81	239
WP_003862544.1	WP_011015360.1	33.178	214	9.34e-24	90.9
WP_003862544.1	WP_003854586.1	28.033	239	2.10e-19	79.7
WP_003862544.1	WP_003860075.1	28.704	216	1.59e-16	71.6
WP_003862544.1	WP_011265935.1	43.860	57	3.70e-11	58.5
WP_003862544.1	WP_011015089.1	50.000	48	1.89e-08	50.4
WP_003862544.1	WP_003857068.1	38.961	77	3.72e-07	45.8
WP_003862546.1	WP_003862546.1	100.000	152	4.55e-112	311
WP_003862546.1	WP_011014091.1	36.875	160	9.49e-29	100
WP_003862560.1	WP_003862560.1	100.000	200	1.63e-150	412
WP_003862592.1	WP_003862592.1	100.000	304	0.0	615
WP_003862609.1	WP_003862609.1	100.000	315	0.0	638
WP_003862613.1	WP_003862613.1	100.000	114	2.56e-82	233
WP_003862621.1	WP_003862621.1	100.000	266	0.0	541
WP_003862621.1	WP_003857140.1	32.203	236	4.83e-20	83.2
WP_003862621.1	WP_011015280.1	37.500	72	2.93e-06	43.9
WP_003862621.1	WP_011015487.1	43.396	53	6.70e-06	42.7
WP_003862691.1	WP_003862691.1	100.000	437	0.0	906
WP_003862691.1	WP_011013907.1	30.870	230	2.61e-27	108
WP_003862691.1	WP_006285864.1	25.326	383	2.50e-18	82.4
WP_003862691.1	WP_011013481.1	27.222	180	1.85e-12	64.7
WP_003862691.1	WP_011015029.1	22.222	162	7.78e-12	62.8
WP_003862691.1	WP_011014123.1	29.747	158	2.01e-08	52.4
WP_003862691.1	WP_011014880.1	25.600	250	3.54e-07	48.1
WP_003862692.1	WP_003862692.1	100.000	59	4.41e-40	122
WP_003862692.1	WP_011013698.1	44.643	56	1.04e-11	53.9
WP_003862692.1	WP_011013338.1	42.857	56	1.31e-11	53.5
WP_003862692.1	WP_011014492.1	38.462	52	1.53e-08	45.1
WP_003862692.1	WP_011013802.1	38.000	50	4.31e-08	43.9
WP_003862692.1	WP_011013906.1	29.825	57	1.96e-07	42.0
WP_003862692.1	WP_011013807.1	30.357	56	1.45e-06	39.7
WP_003862769.1	WP_003862769.1	100.000	454	0.0	939
WP_003862775.1	WP_003862775.1	100.000	433	0.0	865
WP_003862775.1	WP_011013696.1	28.295	258	9.06e-21	90.1
WP_003862775.1	WP_011014121.1	36.145	166	1.51e-09	56.2
WP_003862775.1	WP_011014802.1	32.022	178	1.54e-08	53.1
WP_003862775.1	WP_011015054.1	29.333	150	1.62e-08	53.1
WP_003862850.1	WP_003862850.1	100.000	184	7.29e-132	363
WP_003862858.1	WP_003862858.1	100.000	88	4.02e-59	172
WP_003862858.1	WP_011014201.1	69.444	36	1.63e-14	62.0
WP_003862874.1	WP_003862874.1	100.000	397	0.0	808
WP_003862889.1	WP_003862889.1	100.000	398	0.0	778
WP_003862889.1	WP_003859734.1	31.387	137	3.45e-16	76.6
WP_003862889.1	WP_041625642.1	37.500	168	2.79e-15	73.6
WP_003862889.1	WP_011014147.1	33.088	136	1.72e-14	71.2
WP_003862889.1	WP_003854772.1	27.160	162	8.89e-14	68.9
WP_003862889.1	WP_011014309.1	30.288	208	2.42e-12	64.7
WP_003862889.1	WP_011015308.1	26.875	160	1.24e-11	62.4
WP_003862889.1	WP_011015167.1	24.390	164	4.93e-11	60.5
WP_003862889.1	WP_011013615.1	31.387	137	6.25e-11	60.1
WP_003862889.1	WP_011013450.1	32.609	138	1.26e-10	59.3
WP_003862889.1	WP_011014103.1	30.088	113	1.27e-09	55.8
WP_003862889.1	WP_011015504.1	26.994	163	7.99e-08	50.4
WP_003862889.1	WP_011015577.1	37.647	85	1.64e-07	49.3
WP_003862889.1	WP_011015083.1	27.273	132	2.06e-07	48.9
WP_003862889.1	WP_011013368.1	26.506	166	1.81e-06	46.2
WP_003862889.1	WP_011015098.1	29.851	134	3.96e-06	45.1
WP_003862889.1	WP_003861178.1	29.577	142	6.41e-06	44.3
WP_003862889.1	WP_003854698.1	26.500	200	6.81e-06	44.3
WP_003862894.1	WP_003862894.1	100.000	193	1.72e-145	399
WP_003862894.1	WP_003856004.1	40.462	173	1.33e-36	122
WP_003862899.1	WP_003862899.1	100.000	91	5.32e-63	182
WP_003862907.1	WP_003862907.1	100.000	186	2.82e-141	387
WP_003862917.1	WP_003862917.1	100.000	548	0.0	1071
WP_003862917.1	WP_011013754.1	56.522	529	0.0	556
WP_003862924.1	WP_003862924.1	100.000	299	0.0	616
WP_003862924.1	WP_011013972.1	52.033	246	1.39e-89	266
WP_003862931.1	WP_003862931.1	100.000	96	8.61e-67	192
WP_003862931.1	WP_011013352.1	43.750	80	3.84e-18	69.3
WP_003862931.1	WP_011013472.1	36.250	80	1.34e-08	47.0
WP_003862931.1	WP_011013353.1	26.829	82	4.26e-07	42.4
WP_003862939.1	WP_003862939.1	100.000	83	2.27e-54	159
WP_003862941.1	WP_003862941.1	100.000	203	1.86e-151	415
WP_003862946.1	WP_003862946.1	100.000	513	0.0	1033
WP_003863034.1	WP_003863034.1	100.000	313	0.0	636
WP_003863034.1	WP_003862361.1	25.806	248	4.77e-17	76.3
WP_003863034.1	WP_003858706.1	28.512	242	3.36e-16	73.6
WP_003863055.1	WP_003863055.1	100.000	256	0.0	515
WP_003863057.1	WP_003863057.1	100.000	162	1.19e-117	326
WP_003863093.1	WP_003863093.1	100.000	343	0.0	703
WP_003863097.1	WP_003863097.1	100.000	235	1.11e-174	476
WP_003863097.1	WP_011013940.1	49.345	229	2.71e-69	209
WP_003863097.1	WP_011013867.1	38.009	221	3.74e-48	155
WP_003863097.1	WP_011015530.1	39.035	228	1.45e-46	151
WP_003863097.1	WP_003853866.1	37.668	223	2.55e-46	150
WP_003863097.1	WP_011013630.1	35.683	227	1.40e-44	146
WP_003863097.1	WP_011013524.1	34.081	223	1.56e-35	122
WP_003863097.1	WP_011015360.1	30.370	135	8.17e-08	47.8
WP_003863097.1	WP_003855418.1	29.915	117	1.93e-06	43.9
WP_003863097.1	WP_003854586.1	37.879	66	3.18e-06	43.1
WP_003863105.1	WP_003863105.1	100.000	421	0.0	834
WP_003863110.1	WP_003863110.1	100.000	297	0.0	610
WP_003863112.1	WP_003863112.1	100.000	446	0.0	884
WP_003863112.1	WP_011015206.1	28.084	381	1.00e-34	131
WP_003863112.1	WP_011015579.1	24.594	431	7.88e-06	44.3
WP_003863118.1	WP_003863118.1	100.000	223	1.31e-166	454
WP_003863125.1	WP_003863125.1	100.000	125	2.52e-89	251
WP_003863129.1	WP_003863129.1	100.000	358	0.0	719
WP_003863131.1	WP_003863131.1	100.000	71	3.57e-48	143
WP_003863137.1	WP_003863137.1	100.000	229	1.47e-171	468
WP_003863158.1	WP_003863158.1	100.000	294	0.0	581
WP_003863269.1	WP_003863269.1	100.000	368	0.0	746
WP_003863269.1	WP_011015397.1	27.616	344	4.64e-23	95.1
WP_003863269.1	WP_011013571.1	29.101	378	1.36e-19	85.5
WP_003863269.1	WP_011013485.1	30.380	237	1.53e-18	82.0
WP_003863269.1	WP_011015145.1	34.579	107	1.99e-09	54.3
WP_003863269.1	WP_231838278.1	29.839	248	1.26e-06	46.2
WP_003863285.1	WP_003863285.1	100.000	106	3.28e-73	209
WP_003863309.1	WP_003863309.1	100.000	157	9.16e-116	321
WP_003863319.1	WP_003863319.1	100.000	116	1.36e-86	244
WP_003863319.1	WP_003858209.1	44.828	58	2.10e-12	55.5
WP_003863319.1	WP_003858159.1	41.429	70	6.13e-12	53.9
WP_003863319.1	WP_003854562.1	37.838	74	8.23e-09	46.2
WP_003863321.1	WP_003863321.1	100.000	151	2.88e-106	296
WP_003863340.1	WP_003863340.1	100.000	106	2.92e-71	204
WP_003863342.1	WP_003863342.1	100.000	129	2.48e-92	259
WP_003863342.1	WP_011014415.1	66.667	129	6.86e-58	172
WP_003863342.1	WP_011014416.1	34.146	123	2.39e-21	81.6
WP_003863385.1	WP_003863385.1	100.000	250	0.0	501
WP_003863394.1	WP_003863394.1	100.000	164	1.01e-115	321
WP_003863396.1	WP_003863396.1	100.000	436	0.0	856
WP_003863396.1	WP_003854992.1	31.200	250	4.35e-22	94.4
WP_003863405.1	WP_003863405.1	100.000	85	6.32e-59	171
WP_003863416.1	WP_003863416.1	100.000	495	0.0	991
WP_003863438.1	WP_003863438.1	100.000	159	1.69e-115	320
WP_003863441.1	WP_003863441.1	100.000	488	0.0	1005
WP_003863441.1	WP_011015033.1	29.104	134	2.53e-08	52.8
WP_003863441.1	WP_011013737.1	28.472	144	6.21e-08	51.2
WP_003863478.1	WP_003863478.1	100.000	371	0.0	746
WP_003863478.1	WP_011013804.1	35.374	147	3.53e-18	80.9
WP_003863478.1	WP_011013700.1	23.276	348	2.09e-14	70.1
WP_003863478.1	WP_011013803.1	27.114	343	1.46e-13	67.4
WP_003863478.1	WP_003859752.1	23.563	348	7.43e-13	65.5
WP_003863478.1	WP_003858297.1	27.523	327	4.18e-12	63.2
WP_003863478.1	WP_003863480.1	24.355	349	1.11e-10	58.5
WP_003863478.1	WP_011014490.1	29.412	136	3.02e-09	54.3
WP_003863478.1	WP_011013337.1	23.776	286	3.90e-07	47.8
WP_003863478.1	WP_011013699.1	20.769	390	2.13e-06	45.4
WP_003863480.1	WP_003863480.1	100.000	333	0.0	647
WP_003863480.1	WP_003859752.1	27.937	315	1.38e-28	110
WP_003863480.1	WP_011013700.1	25.606	289	5.26e-22	91.7
WP_003863480.1	WP_011014490.1	24.277	346	9.10e-22	91.3
WP_003863480.1	WP_172820752.1	26.984	315	1.04e-17	79.3
WP_003863480.1	WP_011013804.1	29.348	276	1.77e-14	69.7
WP_003863480.1	WP_003858297.1	30.899	178	3.48e-11	59.7
WP_003863480.1	WP_003863478.1	31.624	117	2.55e-09	54.3
WP_003863480.1	WP_011013699.1	23.051	295	1.40e-08	52.0
WP_003863480.1	WP_011013337.1	21.708	281	9.25e-08	49.3
WP_003863507.1	WP_003863507.1	100.000	368	0.0	753
WP_003863507.1	WP_003854866.1	39.329	328	2.82e-57	187
WP_003863539.1	WP_003863539.1	100.000	353	0.0	701
WP_003863558.1	WP_003863558.1	100.000	136	2.48e-95	267
WP_003863558.1	WP_011013405.1	34.043	94	2.79e-09	49.7
WP_003863573.1	WP_003863573.1	100.000	335	0.0	671
WP_003863574.1	WP_003863574.1	100.000	458	0.0	933
WP_003863574.1	WP_011013744.1	27.660	423	6.61e-31	120
WP_003863574.1	WP_011015199.1	26.005	423	2.35e-14	71.6
WP_003863574.1	WP_003858287.1	26.073	303	7.90e-08	50.8
WP_003863575.1	WP_003863575.1	100.000	130	5.17e-96	268
WP_003863577.1	WP_003863577.1	100.000	152	8.45e-110	305
WP_003863600.1	WP_003863600.1	100.000	123	4.14e-86	243
WP_003863600.1	WP_011013719.1	36.170	94	4.50e-13	58.2
WP_003863611.1	WP_003863611.1	100.000	162	7.95e-118	326
WP_003863615.1	WP_003863615.1	100.000	537	0.0	1100
WP_003863615.1	WP_011013833.1	69.811	530	0.0	783
WP_003863615.1	WP_003857874.1	48.577	527	2.02e-163	471
WP_003863615.1	WP_011013915.1	21.856	485	4.14e-11	61.6
WP_003863623.1	WP_003863623.1	100.000	60	4.63e-42	127
WP_003863635.1	WP_003863635.1	100.000	124	3.65e-91	256
WP_003863669.1	WP_003863669.1	100.000	294	0.0	574
WP_003863669.1	WP_011265986.1	33.023	215	3.50e-40	144
WP_003863669.1	WP_011015039.1	36.929	241	1.25e-34	123
WP_003863669.1	WP_006284211.1	32.500	280	2.79e-33	121
WP_003863669.1	WP_003857497.1	26.486	185	5.28e-07	46.6
WP_003863690.1	WP_003863690.1	100.000	130	4.56e-94	263
WP_003863712.1	WP_003863712.1	100.000	111	2.86e-80	227
WP_003863714.1	WP_003863714.1	100.000	260	0.0	494
WP_003863721.1	WP_003863721.1	100.000	114	1.05e-82	234
WP_003863725.1	WP_003863725.1	100.000	207	1.11e-153	421
WP_003863735.1	WP_003863735.1	100.000	132	2.32e-94	265
WP_003863737.1	WP_003863737.1	100.000	250	0.0	498
WP_003863742.1	WP_003863742.1	100.000	161	5.75e-116	322
WP_003863742.1	WP_003862384.1	26.596	94	9.52e-07	42.7
WP_003863745.1	WP_003863745.1	100.000	467	0.0	959
WP_003863756.1	WP_003863756.1	100.000	484	0.0	982
WP_003863762.1	WP_003863762.1	100.000	211	9.86e-157	429
WP_003863764.1	WP_003863764.1	100.000	379	0.0	776
WP_003863766.1	WP_003863766.1	100.000	62	5.77e-41	124
WP_003863776.1	WP_003863776.1	100.000	236	1.81e-170	465
WP_003863777.1	WP_003863777.1	100.000	320	0.0	652
WP_003863780.1	WP_003863780.1	100.000	321	0.0	644
WP_003863790.1	WP_003863790.1	100.000	297	0.0	596
WP_003863790.1	WP_011014126.1	42.953	298	1.31e-65	205
WP_003863794.1	WP_003863794.1	100.000	256	0.0	530
WP_003863794.1	WP_011015078.1	28.161	174	1.47e-07	47.0
WP_003863795.1	WP_003863795.1	100.000	238	5.22e-175	477
WP_003863795.1	WP_011013781.1	34.831	89	6.05e-08	48.5
WP_003863800.1	WP_003863800.1	100.000	213	2.59e-156	428
WP_003863814.1	WP_003863814.1	100.000	115	1.61e-81	231
WP_003863814.1	WP_011014151.1	46.154	104	5.68e-25	87.8
WP_004567523.1	WP_004567523.1	100.000	281	0.0	563
WP_004567523.1	WP_011013848.1	19.931	291	1.55e-17	77.8
WP_004567523.1	WP_011265737.1	30.093	216	4.64e-16	73.2
WP_004567523.1	WP_011014325.1	23.952	167	9.77e-06	42.4
WP_004567531.1	WP_004567531.1	100.000	155	9.42e-114	315
WP_004567537.1	WP_004567537.1	100.000	209	2.36e-152	417
WP_004567596.1	WP_004567596.1	100.000	449	0.0	895
WP_004567634.1	WP_004567634.1	100.000	204	3.88e-151	414
WP_004567634.1	WP_003859237.1	29.139	151	2.83e-13	62.8
WP_004567665.1	WP_004567665.1	100.000	141	3.14e-103	288
WP_004567670.1	WP_004567670.1	100.000	150	1.99e-111	309
WP_004567745.1	WP_004567745.1	100.000	449	0.0	875
WP_004567937.1	WP_004567937.1	100.000	279	0.0	573
WP_004567937.1	WP_003861462.1	32.877	219	1.63e-34	122
WP_004567940.1	WP_004567940.1	100.000	258	0.0	523
WP_004567940.1	WP_011015087.1	26.570	207	2.50e-10	55.8
WP_004567940.1	WP_011266064.1	26.267	217	4.49e-06	43.9
WP_004567953.1	WP_004567953.1	100.000	417	0.0	853
WP_004567954.1	WP_004567954.1	100.000	280	0.0	556
WP_004567959.1	WP_004567959.1	100.000	302	0.0	613
WP_004567959.1	WP_003861735.1	33.184	223	1.23e-37	132
WP_004567959.1	WP_011015345.1	32.215	298	2.28e-36	129
WP_004567959.1	WP_011014450.1	34.579	214	2.21e-35	127
WP_004567959.1	WP_011013996.1	35.096	208	9.67e-34	122
WP_004567959.1	WP_011014374.1	36.111	216	1.63e-31	114
WP_004567959.1	WP_011014850.1	31.364	220	4.08e-25	98.6
WP_004567959.1	WP_011013985.1	28.899	218	4.28e-20	83.6
WP_004567959.1	WP_011014233.1	30.045	223	5.46e-20	86.3
WP_004567959.1	WP_011014233.1	28.444	225	1.40e-11	61.2
WP_004567959.1	WP_011015040.1	28.169	213	6.52e-20	85.9
WP_004567959.1	WP_011015040.1	26.106	226	8.02e-15	70.9
WP_004567959.1	WP_011013479.1	28.070	228	7.43e-20	84.3
WP_004567959.1	WP_011265986.1	30.396	227	9.72e-20	85.9
WP_004567959.1	WP_003854632.1	32.178	202	1.12e-18	81.6
WP_004567959.1	WP_011013807.1	27.477	222	2.87e-18	79.3
WP_004567959.1	WP_011014212.1	32.258	217	5.47e-18	78.2
WP_004567959.1	WP_011013338.1	26.887	212	1.39e-17	77.4
WP_004567959.1	WP_011013642.1	28.037	214	4.74e-17	77.0
WP_004567959.1	WP_011013622.1	29.018	224	5.75e-17	75.9
WP_004567959.1	WP_011013802.1	26.906	223	2.90e-16	73.6
WP_004567959.1	WP_011013333.1	28.507	221	4.33e-16	72.8
WP_004567959.1	WP_011015118.1	28.708	209	5.45e-16	74.7
WP_004567959.1	WP_011015118.1	27.612	268	1.32e-14	70.5
WP_004567959.1	WP_011014807.1	28.814	236	2.24e-15	72.8
WP_004567959.1	WP_011014807.1	25.417	240	3.76e-15	72.0
WP_004567959.1	WP_003858826.1	22.511	231	2.35e-15	70.9
WP_004567959.1	WP_011013698.1	23.256	215	2.41e-15	70.9
WP_004567959.1	WP_011013851.1	29.167	192	2.69e-15	71.6
WP_004567959.1	WP_003856445.1	29.258	229	1.03e-14	69.3
WP_004567959.1	WP_011013984.1	26.496	234	1.82e-14	68.2
WP_004567959.1	WP_003857536.1	31.132	212	2.09e-14	67.8
WP_004567959.1	WP_011265940.1	25.652	230	5.65e-14	67.0
WP_004567959.1	WP_011013968.1	31.638	177	1.99e-13	67.0
WP_004567959.1	WP_011013712.1	30.256	195	2.62e-13	66.6
WP_004567959.1	WP_011013712.1	26.126	222	3.26e-12	63.2
WP_004567959.1	WP_011014351.1	26.754	228	3.49e-13	65.9
WP_004567959.1	WP_011013331.1	23.113	212	3.83e-13	63.9
WP_004567959.1	WP_011014139.1	26.866	201	1.68e-12	64.3
WP_004567959.1	WP_011014139.1	24.000	225	6.51e-08	50.1
WP_004567959.1	WP_003858089.1	26.389	216	3.57e-12	61.2
WP_004567959.1	WP_011015020.1	26.267	217	3.68e-12	63.2
WP_004567959.1	WP_003857431.1	24.215	223	4.03e-12	61.6
WP_004567959.1	WP_011014540.1	23.350	197	5.58e-12	60.5
WP_004567959.1	WP_011013466.1	28.283	198	9.79e-12	60.5
WP_004567959.1	WP_011015261.1	28.723	188	1.15e-11	60.1
WP_004567959.1	WP_011015133.1	28.659	164	1.37e-11	61.2
WP_004567959.1	WP_011015133.1	24.314	255	2.15e-06	45.1
WP_004567959.1	WP_011014327.1	27.778	198	6.82e-11	58.9
WP_004567959.1	WP_011014492.1	24.312	218	8.22e-11	57.8
WP_004567959.1	WP_011015140.1	25.214	234	1.07e-10	58.2
WP_004567959.1	WP_003855103.1	25.592	211	2.72e-10	55.8
WP_004567959.1	WP_003862124.1	27.570	214	3.26e-10	57.0
WP_004567959.1	WP_011014443.1	27.907	215	4.06e-10	56.6
WP_004567959.1	WP_011014443.1	33.088	136	1.61e-06	45.4
WP_004567959.1	WP_011013931.1	28.054	221	4.24e-10	55.1
WP_004567959.1	WP_003856990.1	26.923	208	4.33e-10	55.8
WP_004567959.1	WP_003860245.1	25.455	220	7.67e-10	55.1
WP_004567959.1	WP_011013906.1	21.860	215	1.39e-09	53.9
WP_004567959.1	WP_011014910.1	26.991	226	1.67e-09	54.7
WP_004567959.1	WP_011014910.1	30.921	152	1.94e-08	51.6
WP_004567959.1	WP_011014379.1	23.600	250	1.77e-09	53.9
WP_004567959.1	WP_011015221.1	28.495	186	5.59e-09	52.4
WP_004567959.1	WP_011014011.1	26.794	209	1.05e-08	52.4
WP_004567959.1	WP_011014216.1	27.083	192	2.94e-08	50.4
WP_004567959.1	WP_011015284.1	26.291	213	3.60e-08	50.1
WP_004567959.1	WP_011265694.1	26.506	166	2.37e-07	48.1
WP_004567959.1	WP_011265869.1	26.341	205	4.82e-07	47.4
WP_004567959.1	WP_003856078.1	24.561	228	2.96e-06	43.9
WP_004567959.1	WP_011014362.1	34.328	67	5.70e-06	43.9
WP_004568094.1	WP_004568094.1	100.000	325	0.0	666
WP_004568112.1	WP_004568112.1	100.000	414	0.0	839
WP_004568167.1	WP_004568167.1	100.000	321	0.0	647
WP_004568167.1	WP_011265553.1	25.402	311	2.82e-20	85.9
WP_006283678.1	WP_006283678.1	100.000	370	0.0	776
WP_006283678.1	WP_230622908.1	32.533	375	1.31e-54	181
WP_006283678.1	WP_011015091.1	28.000	375	3.09e-42	148
WP_006283678.1	WP_011015161.1	24.219	384	1.19e-33	125
WP_006283678.1	WP_011014124.1	24.804	383	1.28e-32	122
WP_006283847.1	WP_006283847.1	100.000	381	0.0	766
WP_006283847.1	WP_011013315.1	31.436	369	2.24e-35	129
WP_006284123.1	WP_006284123.1	100.000	202	2.97e-152	417
WP_006284182.1	WP_006284182.1	100.000	243	0.0	496
WP_006284211.1	WP_006284211.1	100.000	344	0.0	695
WP_006284211.1	WP_003863669.1	32.500	280	2.91e-37	132
WP_006284211.1	WP_011015039.1	35.000	260	4.28e-36	128
WP_006284211.1	WP_011265986.1	32.751	229	1.64e-31	121
WP_006284211.1	WP_003857497.1	21.721	244	4.09e-07	47.4
WP_006284777.1	WP_006284777.1	100.000	656	0.0	1343
WP_006285040.1	WP_006285040.1	100.000	192	3.13e-137	378
WP_006285466.1	WP_006285466.1	100.000	527	0.0	1031
WP_006285466.1	WP_011265863.1	26.699	412	2.54e-16	77.8
WP_006285864.1	WP_006285864.1	100.000	369	0.0	758
WP_006285864.1	WP_011014123.1	25.364	343	3.60e-21	90.1
WP_006285864.1	WP_011013907.1	24.302	358	4.03e-21	90.1
WP_006285864.1	WP_003862691.1	25.326	383	2.38e-18	82.4
WP_006285864.1	WP_011013887.1	28.019	207	3.54e-11	60.5
WP_006285864.1	WP_011015029.1	20.388	309	1.45e-09	55.5
WP_006285864.1	WP_011013481.1	27.179	195	1.73e-09	55.1
WP_006285864.1	WP_011014880.1	23.950	238	1.13e-07	49.3
WP_006285928.1	WP_006285928.1	100.000	194	7.03e-144	395
WP_006286028.1	WP_006286028.1	100.000	188	8.75e-139	381
WP_006286028.1	WP_011013601.1	27.737	137	2.21e-07	45.8
WP_006286612.1	WP_006286612.1	100.000	135	6.28e-88	248
WP_006286612.1	WP_011013947.1	39.062	128	5.80e-24	86.7
WP_006286979.1	WP_006286979.1	100.000	172	4.32e-123	340
WP_010991835.1	WP_010991835.1	100.000	467	0.0	949
WP_010991835.1	WP_011015202.1	78.158	467	0.0	749
WP_011013309.1	WP_011013309.1	100.000	524	0.0	1078
WP_011013310.1	WP_011013310.1	100.000	394	0.0	796
WP_011013311.1	WP_011013311.1	100.000	684	0.0	1408
WP_011013312.1	WP_011013312.1	100.000	322	0.0	668
WP_011013314.1	WP_011013314.1	100.000	147	1.39e-104	291
WP_011013315.1	WP_011013315.1	100.000	357	0.0	722
WP_011013315.1	WP_006283847.1	30.882	340	3.71e-27	107
WP_011013318.1	WP_011013318.1	100.000	298	0.0	593
WP_011013318.1	WP_011013662.1	27.604	192	1.84e-13	65.9
WP_011013318.1	WP_011014859.1	30.952	168	1.72e-11	60.1
WP_011013318.1	WP_011015253.1	23.786	206	2.90e-10	55.8
WP_011013318.1	WP_011014757.1	23.034	178	7.66e-10	55.5
WP_011013318.1	WP_011013484.1	24.280	243	9.72e-08	48.5
WP_011013318.1	WP_003855552.1	32.143	84	7.06e-07	46.2
WP_011013319.1	WP_011013319.1	100.000	137	1.18e-95	268
WP_011013320.1	WP_011013320.1	100.000	290	0.0	564
WP_011013322.1	WP_011013322.1	100.000	123	1.08e-89	252
WP_011013323.1	WP_011013323.1	100.000	331	0.0	650
WP_011013325.1	WP_011013325.1	100.000	412	0.0	825
WP_011013325.1	WP_011013569.1	38.874	373	1.41e-63	213
WP_011013326.1	WP_011013326.1	100.000	145	2.17e-105	293
WP_011013327.1	WP_011013327.1	100.000	563	0.0	1147
WP_011013328.1	WP_011013328.1	100.000	426	0.0	859
WP_011013329.1	WP_011013329.1	100.000	318	0.0	640
WP_011013330.1	WP_011013330.1	100.000	283	0.0	543
WP_011013330.1	WP_011015262.1	30.049	203	1.05e-08	51.6
WP_011013331.1	WP_011013331.1	100.000	219	5.97e-163	445
WP_011013331.1	WP_011013906.1	34.545	220	7.72e-36	123
WP_011013331.1	WP_011013479.1	33.906	233	3.13e-31	112
WP_011013331.1	WP_011014492.1	34.389	221	1.27e-30	110
WP_011013331.1	WP_011013802.1	31.304	230	1.39e-30	110
WP_011013331.1	WP_011013807.1	30.088	226	1.04e-28	105
WP_011013331.1	WP_011013698.1	32.093	215	3.72e-28	103
WP_011013331.1	WP_011013338.1	31.878	229	3.58e-27	101
WP_011013331.1	WP_011014850.1	31.401	207	7.48e-26	98.6
WP_011013331.1	WP_011013622.1	31.858	226	8.36e-25	95.1
WP_011013331.1	WP_003857431.1	30.144	209	2.96e-23	90.5
WP_011013331.1	WP_011014450.1	32.536	209	1.78e-22	90.1
WP_011013331.1	WP_003855103.1	27.354	223	3.12e-21	84.7
WP_011013331.1	WP_011014212.1	35.349	215	3.74e-21	84.7
WP_011013331.1	WP_003861735.1	29.954	217	5.25e-21	85.1
WP_011013331.1	WP_003856445.1	30.476	210	8.23e-21	84.3
WP_011013331.1	WP_011013333.1	28.037	214	8.08e-20	81.6
WP_011013331.1	WP_011013931.1	30.804	224	4.70e-19	79.0
WP_011013331.1	WP_011013642.1	28.634	227	6.17e-19	80.5
WP_011013331.1	WP_011013985.1	27.919	197	1.07e-18	78.2
WP_011013331.1	WP_011014540.1	27.692	195	1.14e-18	77.4
WP_011013331.1	WP_003857536.1	31.081	222	2.40e-18	77.0
WP_011013331.1	WP_011014379.1	28.333	240	3.12e-18	77.4
WP_011013331.1	WP_003858826.1	29.817	218	3.29e-18	77.0
WP_011013331.1	WP_011013783.1	28.384	229	3.96e-18	76.6
WP_011013331.1	WP_011015261.1	33.951	162	7.41e-18	75.9
WP_011013331.1	WP_011013996.1	24.561	228	2.22e-17	75.5
WP_011013331.1	WP_011015221.1	28.440	218	3.17e-17	74.7
WP_011013331.1	WP_004567959.1	23.832	214	4.60e-17	74.7
WP_011013331.1	WP_011015040.1	27.619	210	7.56e-17	75.1
WP_011013331.1	WP_011015040.1	29.386	228	5.79e-13	63.5
WP_011013331.1	WP_003860245.1	29.167	216	1.10e-16	73.6
WP_011013331.1	WP_003854632.1	27.854	219	1.11e-16	73.9
WP_011013331.1	WP_011014374.1	27.041	196	2.23e-16	72.0
WP_011013331.1	WP_011015118.1	32.906	234	2.64e-16	73.6
WP_011013331.1	WP_011015118.1	27.358	212	5.55e-14	66.6
WP_011013331.1	WP_011013984.1	29.412	221	9.49e-16	70.1
WP_011013331.1	WP_003858089.1	26.733	202	1.26e-15	69.7
WP_011013331.1	WP_011265940.1	28.774	212	1.70e-15	69.7
WP_011013331.1	WP_011014910.1	27.477	222	3.58e-15	70.1
WP_011013331.1	WP_011015020.1	27.948	229	1.05e-14	68.9
WP_011013331.1	WP_011014012.1	28.829	222	1.62e-14	68.2
WP_011013331.1	WP_011014233.1	25.114	219	3.47e-14	67.4
WP_011013331.1	WP_011014233.1	22.907	227	9.77e-08	48.1
WP_011013331.1	WP_011015345.1	24.528	212	4.70e-14	66.2
WP_011013331.1	WP_011014327.1	27.149	221	8.80e-14	65.9
WP_011013331.1	WP_011013968.1	26.842	190	1.52e-13	65.5
WP_011013331.1	WP_011013851.1	25.943	212	2.04e-13	64.7
WP_011013331.1	WP_011014362.1	29.279	222	4.51e-13	63.9
WP_011013331.1	WP_011014424.1	27.232	224	2.21e-12	62.0
WP_011013331.1	WP_011265869.1	28.837	215	2.22e-12	62.0
WP_011013331.1	WP_011015140.1	25.581	215	7.71e-12	60.1
WP_011013331.1	WP_011014807.1	28.837	215	7.84e-12	60.5
WP_011013331.1	WP_011014807.1	27.885	208	5.36e-11	57.8
WP_011013331.1	WP_011265986.1	30.093	216	9.95e-12	60.1
WP_011013331.1	WP_011015133.1	26.804	194	1.48e-11	59.7
WP_011013331.1	WP_011015133.1	26.400	250	2.41e-11	58.9
WP_011013331.1	WP_011014443.1	26.699	206	2.81e-11	58.9
WP_011013331.1	WP_011014443.1	27.053	207	3.26e-09	52.8
WP_011013331.1	WP_011015284.1	23.502	217	4.03e-11	57.8
WP_011013331.1	WP_011014351.1	31.056	161	1.07e-10	57.0
WP_011013331.1	WP_011014139.1	24.324	222	3.05e-10	55.8
WP_011013331.1	WP_011265658.1	27.650	217	3.29e-10	55.5
WP_011013331.1	WP_011013712.1	26.203	187	3.70e-10	55.5
WP_011013331.1	WP_011013712.1	25.000	212	9.31e-07	45.4
WP_011013331.1	WP_003862124.1	25.359	209	5.77e-10	54.7
WP_011013331.1	WP_003862124.1	30.198	202	7.69e-09	51.2
WP_011013331.1	WP_011014216.1	30.882	136	4.46e-09	51.6
WP_011013331.1	WP_003856990.1	25.893	224	5.02e-09	51.6
WP_011013331.1	WP_011014011.1	25.221	226	6.46e-09	51.6
WP_011013331.1	WP_011014110.1	29.915	117	4.12e-08	49.3
WP_011013331.1	WP_011014785.1	25.000	212	4.14e-08	48.5
WP_011013331.1	WP_011013466.1	26.554	177	6.44e-08	48.1
WP_011013331.1	WP_011265694.1	26.136	176	1.17e-06	45.1
WP_011013331.1	WP_011014000.1	39.474	76	1.35e-06	44.7
WP_011013332.1	WP_011013332.1	100.000	327	0.0	662
WP_011013333.1	WP_011013333.1	100.000	253	0.0	510
WP_011013333.1	WP_011014233.1	34.177	237	3.90e-40	141
WP_011013333.1	WP_011014233.1	28.302	212	6.03e-19	82.0
WP_011013333.1	WP_003858826.1	30.488	246	7.24e-29	106
WP_011013333.1	WP_011013807.1	32.129	249	3.26e-27	102
WP_011013333.1	WP_003857431.1	30.769	221	5.02e-26	99.0
WP_011013333.1	WP_011015284.1	29.461	241	7.11e-26	99.0
WP_011013333.1	WP_011013931.1	32.599	227	1.45e-24	94.4
WP_011013333.1	WP_011014850.1	31.154	260	1.76e-23	93.2
WP_011013333.1	WP_011015140.1	31.797	217	1.78e-23	94.4
WP_011013333.1	WP_011014212.1	30.415	217	1.44e-22	89.7
WP_011013333.1	WP_011013479.1	28.378	222	2.23e-22	90.1
WP_011013333.1	WP_003855103.1	31.925	213	2.37e-22	88.6
WP_011013333.1	WP_003858089.1	29.464	224	3.45e-22	88.2
WP_011013333.1	WP_011013985.1	29.310	232	1.39e-21	86.7
WP_011013333.1	WP_011014327.1	33.180	217	2.34e-21	88.6
WP_011013333.1	WP_011013642.1	31.651	218	2.86e-21	87.8
WP_011013333.1	WP_011013783.1	31.925	213	1.22e-20	84.3
WP_011013333.1	WP_011015221.1	30.493	223	4.25e-20	83.2
WP_011013333.1	WP_011015118.1	31.556	225	2.72e-19	83.2
WP_011013333.1	WP_011015118.1	26.809	235	1.41e-09	54.3
WP_011013333.1	WP_011013851.1	29.954	217	8.13e-19	80.9
WP_011013333.1	WP_011015040.1	29.146	199	8.59e-19	81.6
WP_011013333.1	WP_011015040.1	29.412	187	4.80e-11	58.5
WP_011013333.1	WP_011014379.1	33.508	191	1.13e-18	79.3
WP_011013333.1	WP_003854632.1	29.958	237	1.23e-18	80.5
WP_011013333.1	WP_011013996.1	25.893	224	4.05e-17	75.9
WP_011013333.1	WP_011013331.1	28.037	214	6.00e-17	73.9
WP_011013333.1	WP_003856445.1	29.004	231	1.17e-16	73.9
WP_011013333.1	WP_011014492.1	27.826	230	2.75e-16	72.8
WP_011013333.1	WP_004567959.1	28.507	221	3.63e-16	72.8
WP_011013333.1	WP_011013802.1	28.899	218	5.64e-16	72.0
WP_011013333.1	WP_011013622.1	28.696	230	7.32e-16	71.6
WP_011013333.1	WP_003856990.1	27.778	216	1.28e-15	70.9
WP_011013333.1	WP_003860245.1	28.216	241	1.39e-15	71.2
WP_011013333.1	WP_011014450.1	25.676	222	3.10e-15	70.5
WP_011013333.1	WP_003857536.1	31.551	187	4.93e-15	68.9
WP_011013333.1	WP_011013984.1	28.085	235	8.78e-15	68.2
WP_011013333.1	WP_011013712.1	33.019	212	1.04e-14	69.7
WP_011013333.1	WP_011013712.1	25.000	220	2.23e-11	59.7
WP_011013333.1	WP_011265986.1	29.864	221	1.78e-14	68.9
WP_011013333.1	WP_011013338.1	27.193	228	2.03e-14	67.4
WP_011013333.1	WP_011014807.1	28.194	227	2.62e-14	68.6
WP_011013333.1	WP_011014807.1	28.755	233	1.21e-13	66.6
WP_011013333.1	WP_011013698.1	24.348	230	9.12e-14	65.9
WP_011013333.1	WP_011013906.1	28.311	219	9.50e-14	65.5
WP_011013333.1	WP_003862124.1	31.472	197	1.35e-13	66.2
WP_011013333.1	WP_003862124.1	28.571	238	3.79e-13	65.1
WP_011013333.1	WP_011015020.1	32.317	164	1.56e-13	66.2
WP_011013333.1	WP_003861735.1	24.545	220	2.73e-13	64.7
WP_011013333.1	WP_011014443.1	30.570	193	3.06e-13	65.5
WP_011013333.1	WP_011014443.1	26.190	210	1.03e-08	51.6
WP_011013333.1	WP_011013968.1	26.923	208	1.89e-12	63.2
WP_011013333.1	WP_011014374.1	28.922	204	2.03e-12	61.6
WP_011013333.1	WP_011013466.1	31.034	174	4.89e-12	60.8
WP_011013333.1	WP_011014011.1	27.638	199	2.11e-11	60.1
WP_011013333.1	WP_011015133.1	27.193	228	2.38e-11	59.7
WP_011013333.1	WP_011015133.1	26.136	176	2.21e-09	53.9
WP_011013333.1	WP_011014910.1	25.424	236	6.20e-10	55.5
WP_011013333.1	WP_011015345.1	26.457	223	1.44e-09	53.9
WP_011013333.1	WP_011014362.1	28.000	175	1.99e-09	53.9
WP_011013333.1	WP_011265940.1	28.079	203	3.15e-09	52.4
WP_011013333.1	WP_011014351.1	25.683	183	1.30e-08	51.2
WP_011013333.1	WP_011014351.1	26.136	176	3.72e-07	47.0
WP_011013333.1	WP_011014139.1	27.542	236	1.79e-08	51.2
WP_011013333.1	WP_011014012.1	29.762	168	1.87e-08	50.8
WP_011013333.1	WP_011265694.1	27.473	182	1.98e-08	50.8
WP_011013333.1	WP_011014540.1	23.858	197	1.04e-07	47.4
WP_011013333.1	WP_011014424.1	41.935	62	1.36e-07	48.5
WP_011013333.1	WP_011014216.1	24.255	235	7.61e-07	45.4
WP_011013333.1	WP_011265741.1	37.681	69	1.25e-06	45.4
WP_011013333.1	WP_011014865.1	31.285	179	1.38e-06	45.1
WP_011013333.1	WP_003856078.1	24.885	217	1.64e-06	44.3
WP_011013333.1	WP_011014000.1	40.580	69	1.92e-06	44.7
WP_011013333.1	WP_011265658.1	28.161	174	2.09e-06	44.7
WP_011013333.1	WP_011015261.1	31.481	162	2.63e-06	43.5
WP_011013333.1	WP_020948580.1	44.262	61	4.40e-06	43.9
WP_011013334.1	WP_011013334.1	100.000	270	0.0	519
WP_011013337.1	WP_011013337.1	100.000	318	0.0	605
WP_011013337.1	WP_011013699.1	40.062	322	2.88e-56	184
WP_011013337.1	WP_011013803.1	37.184	277	9.14e-37	131
WP_011013337.1	WP_003859752.1	32.472	271	3.85e-35	127
WP_011013337.1	WP_011014490.1	30.887	327	8.40e-26	102
WP_011013337.1	WP_011013700.1	30.449	312	1.38e-24	98.6
WP_011013337.1	WP_011013804.1	31.683	303	7.19e-19	82.4
WP_011013337.1	WP_172820752.1	26.165	279	9.96e-16	73.2
WP_011013337.1	WP_003858297.1	31.722	331	3.08e-12	62.8
WP_011013338.1	WP_011013338.1	100.000	259	0.0	523
WP_011013338.1	WP_011013802.1	50.388	258	8.91e-92	268
WP_011013338.1	WP_011013698.1	49.412	255	5.56e-91	266
WP_011013338.1	WP_011013906.1	39.381	226	3.71e-58	182
WP_011013338.1	WP_011013807.1	35.178	253	5.41e-49	159
WP_011013338.1	WP_011014492.1	39.316	234	2.44e-47	154
WP_011013338.1	WP_003856445.1	36.437	247	9.07e-46	151
WP_011013338.1	WP_011013622.1	32.751	229	9.72e-34	120
WP_011013338.1	WP_003858826.1	30.380	237	1.14e-27	103
WP_011013338.1	WP_011015040.1	34.201	269	9.68e-27	104
WP_011013338.1	WP_011015040.1	33.175	211	1.82e-18	80.9
WP_011013338.1	WP_003857431.1	27.615	239	2.26e-26	99.8
WP_011013338.1	WP_011265940.1	29.707	239	4.04e-25	97.1
WP_011013338.1	WP_011014450.1	28.194	227	6.79e-24	95.1
WP_011013338.1	WP_011013783.1	33.624	229	8.78e-24	92.8
WP_011013338.1	WP_011014807.1	34.274	248	1.46e-23	95.9
WP_011013338.1	WP_011014807.1	31.050	219	1.56e-21	90.1
WP_011013338.1	WP_011013331.1	31.878	229	7.89e-22	87.0
WP_011013338.1	WP_011014379.1	29.004	231	1.42e-21	87.4
WP_011013338.1	WP_011265986.1	30.303	264	2.33e-21	89.4
WP_011013338.1	WP_011013931.1	34.091	220	3.17e-20	82.8
WP_011013338.1	WP_011014139.1	31.532	222	3.96e-20	86.3
WP_011013338.1	WP_011015284.1	33.816	207	5.32e-20	83.2
WP_011013338.1	WP_003855103.1	30.660	212	2.07e-19	80.9
WP_011013338.1	WP_011013985.1	28.444	225	2.44e-19	80.9
WP_011013338.1	WP_011013642.1	28.627	255	3.44e-19	82.0
WP_011013338.1	WP_011013479.1	29.911	224	5.26e-19	81.3
WP_011013338.1	WP_011015221.1	30.556	252	4.47e-18	77.8
WP_011013338.1	WP_003860245.1	29.565	230	9.77e-18	77.4
WP_011013338.1	WP_011015118.1	28.019	207	1.01e-17	78.6
WP_011013338.1	WP_011015118.1	30.645	248	1.43e-17	78.2
WP_011013338.1	WP_004567959.1	26.887	212	1.19e-17	77.4
WP_011013338.1	WP_003856990.1	29.508	244	1.20e-17	76.6
WP_011013338.1	WP_011015140.1	27.660	235	1.32e-17	77.8
WP_011013338.1	WP_011013851.1	26.667	225	1.97e-17	77.0
WP_011013338.1	WP_011013984.1	27.753	227	5.47e-17	74.7
WP_011013338.1	WP_011014212.1	29.469	207	5.72e-17	74.3
WP_011013338.1	WP_011014850.1	28.390	236	2.40e-16	73.6
WP_011013338.1	WP_011013996.1	27.753	227	3.49e-16	73.2
WP_011013338.1	WP_003854632.1	28.922	204	6.68e-16	72.8
WP_011013338.1	WP_011014233.1	27.434	226	1.34e-15	72.4
WP_011013338.1	WP_011014233.1	23.810	189	5.34e-08	49.7
WP_011013338.1	WP_011014216.1	28.879	232	1.50e-15	71.2
WP_011013338.1	WP_003861735.1	26.250	240	2.24e-15	70.5
WP_011013338.1	WP_003857536.1	30.455	220	2.44e-15	69.7
WP_011013338.1	WP_011014011.1	28.139	231	2.84e-15	71.6
WP_011013338.1	WP_011015133.1	28.054	221	2.91e-15	71.6
WP_011013338.1	WP_011013333.1	27.193	228	2.08e-14	67.4
WP_011013338.1	WP_003858089.1	24.887	221	2.53e-14	67.0
WP_011013338.1	WP_011015020.1	25.664	226	5.98e-14	67.8
WP_011013338.1	WP_011014785.1	29.167	216	2.09e-13	64.3
WP_011013338.1	WP_011014327.1	26.768	198	2.59e-13	65.5
WP_011013338.1	WP_011015345.1	26.786	224	9.31e-13	63.5
WP_011013338.1	WP_011013712.1	26.293	232	3.25e-12	62.4
WP_011013338.1	WP_011013712.1	25.676	222	1.24e-09	54.7
WP_011013338.1	WP_003862124.1	28.111	217	3.88e-12	62.0
WP_011013338.1	WP_003862124.1	30.049	203	1.29e-08	51.6
WP_011013338.1	WP_011014351.1	27.807	187	5.55e-12	61.6
WP_011013338.1	WP_011014012.1	25.424	236	1.00e-11	60.8
WP_011013338.1	WP_011013968.1	25.229	218	1.12e-11	60.8
WP_011013338.1	WP_011015261.1	33.158	190	2.71e-11	58.2
WP_011013338.1	WP_003862692.1	42.857	56	5.73e-11	53.5
WP_011013338.1	WP_011014110.1	35.043	117	1.08e-10	58.2
WP_011013338.1	WP_011014374.1	25.217	230	1.80e-10	56.2
WP_011013338.1	WP_011265869.1	28.634	227	5.12e-10	55.8
WP_011013338.1	WP_011014910.1	26.693	251	1.20e-09	54.7
WP_011013338.1	WP_011014910.1	29.333	150	4.92e-08	49.7
WP_011013338.1	WP_011014540.1	30.000	140	7.89e-09	50.8
WP_011013338.1	WP_011014424.1	24.348	230	1.52e-08	51.2
WP_011013338.1	WP_011014089.1	28.977	176	2.26e-08	50.8
WP_011013338.1	WP_011014865.1	28.814	177	4.79e-07	46.6
WP_011013338.1	WP_020948580.1	41.538	65	7.64e-06	43.1
WP_011013338.1	WP_003856078.1	25.904	166	8.30e-06	42.4
WP_011013338.1	WP_011014000.1	34.667	75	9.35e-06	42.7
WP_011013339.1	WP_011013339.1	100.000	274	0.0	561
WP_011013339.1	WP_011014229.1	23.022	278	1.33e-08	51.2
WP_011013339.1	WP_011014372.1	22.674	172	2.58e-08	50.1
WP_011013339.1	WP_011013902.1	22.564	195	1.16e-06	45.1
WP_011013339.1	WP_011013801.1	25.877	228	3.25e-06	43.9
WP_011013340.1	WP_011013340.1	100.000	646	0.0	1306
WP_011013340.1	WP_011014933.1	38.235	272	8.50e-54	193
WP_011013340.1	WP_011014933.1	31.535	241	5.02e-21	94.0
WP_011013340.1	WP_011013341.1	35.196	358	3.56e-52	183
WP_011013340.1	WP_011015349.1	27.442	215	1.10e-11	64.3
WP_011013341.1	WP_011013341.1	100.000	469	0.0	951
WP_011013341.1	WP_011013340.1	38.745	271	9.02e-52	182
WP_011013341.1	WP_011014933.1	36.604	265	2.97e-49	176
WP_011013341.1	WP_011015349.1	29.208	202	1.91e-14	72.0
WP_011013342.1	WP_011013342.1	100.000	474	0.0	956
WP_011013342.1	WP_011014821.1	30.226	354	2.95e-23	99.4
WP_011013342.1	WP_011014926.1	26.730	419	5.28e-16	77.0
WP_011013342.1	WP_011013529.1	26.062	353	4.82e-09	55.1
WP_011013343.1	WP_011013343.1	100.000	441	0.0	867
WP_011013343.1	WP_011014922.1	27.481	393	1.88e-24	102
WP_011013344.1	WP_011013344.1	100.000	451	0.0	913
WP_011013346.1	WP_011013346.1	100.000	240	0.0	500
WP_011013347.1	WP_011013347.1	100.000	157	7.02e-117	323
WP_011013347.1	WP_003858644.1	76.433	157	2.15e-86	246
WP_011013348.1	WP_011013348.1	100.000	490	0.0	983
WP_011013348.1	WP_011013683.1	48.584	459	8.29e-150	432
WP_011013348.1	WP_011015386.1	37.684	475	7.49e-85	267
WP_011013348.1	WP_011013720.1	33.124	477	8.31e-80	254
WP_011013348.1	WP_011015295.1	35.356	478	3.40e-77	246
WP_011013348.1	WP_011015326.1	34.461	473	5.76e-69	226
WP_011013348.1	WP_011013433.1	31.818	484	1.11e-67	222
WP_011013348.1	WP_172820765.1	23.000	400	1.36e-23	101
WP_011013348.1	WP_011013661.1	25.172	437	9.34e-13	66.6
WP_011013350.1	WP_011013350.1	100.000	456	0.0	941
WP_011013350.1	WP_011014277.1	57.701	461	0.0	576
WP_011013350.1	WP_011013352.1	32.911	79	4.00e-12	58.9
WP_011013350.1	WP_011014510.1	25.000	232	2.68e-10	56.6
WP_011013350.1	WP_011013561.1	24.204	157	6.37e-08	49.7
WP_011013350.1	WP_003862931.1	31.081	74	3.64e-06	42.0
WP_011013351.1	WP_011013351.1	100.000	248	5.22e-166	455
WP_011013351.1	WP_208400692.1	34.222	225	7.65e-25	95.5
WP_011013352.1	WP_011013352.1	100.000	97	2.03e-71	204
WP_011013352.1	WP_003862931.1	43.750	80	3.88e-18	69.3
WP_011013352.1	WP_011014277.1	38.961	77	8.18e-15	64.7
WP_011013352.1	WP_011013350.1	31.081	74	1.30e-10	52.8
WP_011013352.1	WP_011013472.1	34.211	76	6.45e-07	42.4
WP_011013353.1	WP_011013353.1	100.000	197	5.04e-146	400
WP_011013353.1	WP_011013472.1	34.118	85	7.46e-11	56.6
WP_011013353.1	WP_003862931.1	26.829	82	8.74e-07	42.4
WP_011013354.1	WP_011013354.1	100.000	85	7.22e-59	171
WP_011013354.1	WP_003855480.1	38.333	60	2.22e-10	49.3
WP_011013355.1	WP_011013355.1	100.000	285	0.0	578
WP_011013356.1	WP_011013356.1	100.000	280	0.0	581
WP_011013358.1	WP_011013358.1	100.000	373	0.0	764
WP_011013360.1	WP_011013360.1	100.000	230	4.69e-164	449
WP_011013361.1	WP_011013361.1	100.000	458	0.0	927
WP_011013361.1	WP_230582022.1	36.517	178	1.67e-28	111
WP_011013362.1	WP_011013362.1	100.000	128	1.60e-89	252
WP_011013364.1	WP_011013364.1	100.000	551	0.0	1103
WP_011013364.1	WP_011015290.1	31.285	179	8.23e-10	57.0
WP_011013364.1	WP_011015529.1	33.088	136	1.65e-09	56.2
WP_011013365.1	WP_011013365.1	100.000	143	3.90e-99	277
WP_011013366.1	WP_011013366.1	100.000	79	9.00e-58	168
WP_011013368.1	WP_011013368.1	100.000	483	0.0	936
WP_011013368.1	WP_011014147.1	24.365	394	2.20e-16	77.8
WP_011013368.1	WP_003854772.1	24.752	404	5.35e-16	76.6
WP_011013368.1	WP_003859734.1	26.506	415	1.45e-14	72.4
WP_011013368.1	WP_011014299.1	27.231	437	2.78e-13	68.2
WP_011013368.1	WP_011015248.1	24.675	385	6.96e-10	57.4
WP_011013368.1	WP_011013615.1	25.553	407	8.76e-08	50.8
WP_011013368.1	WP_011015504.1	23.706	367	5.41e-07	48.1
WP_011013368.1	WP_011014309.1	24.211	380	8.35e-06	44.3
WP_011013369.1	WP_011013369.1	100.000	415	0.0	857
WP_011013371.1	WP_011013371.1	100.000	186	8.12e-132	363
WP_011013373.1	WP_011013373.1	100.000	324	0.0	663
WP_011013373.1	WP_011013374.1	51.237	283	4.12e-112	324
WP_011013374.1	WP_011013374.1	100.000	300	0.0	619
WP_011013374.1	WP_011013373.1	51.237	283	3.81e-112	324
WP_011013375.1	WP_011013375.1	100.000	277	0.0	567
WP_011013376.1	WP_011013376.1	100.000	171	1.50e-126	349
WP_011013377.1	WP_011013377.1	100.000	162	7.54e-117	324
WP_011013378.1	WP_011013378.1	100.000	570	0.0	1164
WP_011013379.1	WP_011013379.1	100.000	157	5.55e-114	316
WP_011013380.1	WP_011013380.1	100.000	226	2.78e-169	461
WP_011013381.1	WP_011013381.1	100.000	283	0.0	586
WP_011013383.1	WP_011013383.1	100.000	384	0.0	729
WP_011013383.1	WP_011013563.1	25.876	371	3.72e-22	93.6
WP_011013384.1	WP_011013384.1	100.000	925	0.0	1888
WP_011013385.1	WP_011013385.1	100.000	608	0.0	1240
WP_011013386.1	WP_011013386.1	100.000	469	0.0	969
WP_011013388.1	WP_011013388.1	100.000	184	1.24e-134	370
WP_011013389.1	WP_011013389.1	100.000	183	4.49e-127	351
WP_011013391.1	WP_011013391.1	100.000	538	0.0	1060
WP_011013392.1	WP_011013392.1	100.000	462	0.0	949
WP_011013392.1	WP_011013814.1	23.899	318	6.71e-08	50.8
WP_011013394.1	WP_011013394.1	100.000	260	0.0	521
WP_011013394.1	WP_011013397.1	28.099	242	1.12e-19	82.8
WP_011013394.1	WP_011014761.1	29.536	237	2.04e-19	81.6
WP_011013394.1	WP_011014764.1	25.830	271	7.55e-09	51.6
WP_011013395.1	WP_011013395.1	100.000	170	1.06e-127	352
WP_011013396.1	WP_011013396.1	100.000	503	0.0	1038
WP_011013397.1	WP_011013397.1	100.000	282	0.0	568
WP_011013397.1	WP_011013394.1	28.099	242	1.22e-19	82.8
WP_011013397.1	WP_011014761.1	28.750	240	2.15e-17	76.3
WP_011013397.1	WP_011014764.1	24.545	220	3.01e-07	47.0
WP_011013398.1	WP_011013398.1	100.000	460	0.0	920
WP_011013398.1	WP_003857839.1	22.319	457	1.62e-09	56.2
WP_011013399.1	WP_011013399.1	100.000	279	0.0	553
WP_011013399.1	WP_011015311.1	29.851	268	1.26e-15	71.6
WP_011013400.1	WP_011013400.1	100.000	269	0.0	537
WP_011013403.1	WP_011013403.1	100.000	218	4.80e-162	442
WP_011013403.1	WP_011013627.1	45.833	216	8.40e-57	176
WP_011013404.1	WP_011013404.1	100.000	299	0.0	603
WP_011013405.1	WP_011013405.1	100.000	201	2.80e-149	409
WP_011013405.1	WP_003863558.1	34.043	94	8.48e-06	40.4
WP_011013406.1	WP_011013406.1	100.000	186	1.25e-135	373
WP_011013406.1	WP_020948495.1	30.534	131	4.07e-06	42.0
WP_011013408.1	WP_011013408.1	100.000	424	0.0	830
WP_011013412.1	WP_011013412.1	100.000	513	0.0	1034
WP_011013415.1	WP_011013415.1	100.000	355	0.0	730
WP_011013415.1	WP_011265930.1	36.000	75	4.01e-07	45.4
WP_011013416.1	WP_011013416.1	100.000	293	0.0	571
WP_011013416.1	WP_011014902.1	24.779	226	2.08e-08	50.8
WP_011013417.1	WP_011013417.1	100.000	239	2.33e-173	473
WP_011013417.1	WP_003854700.1	29.801	151	3.98e-14	65.9
WP_011013418.1	WP_011013418.1	100.000	553	0.0	1139
WP_011013419.1	WP_011013419.1	100.000	379	0.0	730
WP_011013420.1	WP_011013420.1	100.000	163	4.85e-118	327
WP_011013422.1	WP_011013422.1	100.000	796	0.0	1615
WP_011013422.1	WP_011014759.1	31.920	448	1.23e-55	204
WP_011013424.1	WP_011013424.1	100.000	230	8.46e-173	471
WP_011013426.1	WP_011013426.1	100.000	226	6.78e-158	433
WP_011013426.1	WP_011015055.1	32.701	211	6.75e-33	115
WP_011013426.1	WP_011015285.1	33.083	133	4.08e-18	76.3
WP_011013427.1	WP_011013427.1	100.000	297	0.0	601
WP_011013427.1	WP_011013918.1	43.976	166	1.37e-41	141
WP_011013428.1	WP_011013428.1	100.000	302	0.0	617
WP_011013430.1	WP_011013430.1	100.000	642	0.0	1310
WP_011013431.1	WP_011013431.1	100.000	247	0.0	499
WP_011013432.1	WP_011013432.1	100.000	321	0.0	636
WP_011013433.1	WP_011013433.1	100.000	504	0.0	1024
WP_011013433.1	WP_011013348.1	31.612	484	9.04e-63	209
WP_011013433.1	WP_011015386.1	30.508	472	1.15e-56	193
WP_011013433.1	WP_011013720.1	28.953	487	4.28e-54	186
WP_011013433.1	WP_011013683.1	29.958	474	1.92e-50	175
WP_011013433.1	WP_011015295.1	30.103	485	7.54e-50	174
WP_011013433.1	WP_011015326.1	28.602	472	1.72e-45	163
WP_011013433.1	WP_172820765.1	26.044	407	3.77e-26	109
WP_011013433.1	WP_374197334.1	60.294	68	2.14e-24	92.8
WP_011013433.1	WP_011013661.1	23.659	410	7.02e-09	54.3
WP_011013434.1	WP_011013434.1	100.000	637	0.0	1300
WP_011013434.1	WP_011014246.1	29.175	521	8.65e-34	133
WP_011013434.1	WP_011015247.1	22.222	360	2.48e-07	50.1
WP_011013435.1	WP_011013435.1	100.000	318	0.0	657
WP_011013436.1	WP_011013436.1	100.000	337	0.0	688
WP_011013436.1	WP_011014888.1	26.959	319	1.07e-24	99.0
WP_011013436.1	WP_011015602.1	26.316	304	7.72e-21	88.6
WP_011013436.1	WP_003855225.1	24.684	316	1.85e-18	81.3
WP_011013436.1	WP_011013443.1	27.439	164	2.82e-06	45.1
WP_011013436.1	WP_011015600.1	20.420	333	6.29e-06	43.9
WP_011013437.1	WP_011013437.1	100.000	290	0.0	591
WP_011013439.1	WP_011013439.1	100.000	341	0.0	682
WP_011013439.1	WP_011015602.1	26.866	201	2.91e-08	51.2
WP_011013439.1	WP_003855225.1	25.208	361	1.34e-07	48.9
WP_011013439.1	WP_011014888.1	30.894	123	4.78e-06	44.3
WP_011013440.1	WP_011013440.1	100.000	152	1.11e-109	305
WP_011013442.1	WP_011013442.1	100.000	331	0.0	669
WP_011013442.1	WP_011014889.1	32.344	337	7.34e-41	142
WP_011013442.1	WP_011014232.1	26.748	329	8.47e-21	88.6
WP_011013442.1	WP_003857593.1	25.806	341	7.76e-19	82.4
WP_011013442.1	WP_011014311.1	23.899	318	5.67e-15	71.2
WP_011013442.1	WP_011013448.1	24.179	335	2.14e-11	60.5
WP_011013442.1	WP_011015259.1	36.275	102	1.60e-10	57.8
WP_011013442.1	WP_011015158.1	35.294	68	7.84e-07	44.7
WP_011013442.1	WP_011014235.1	48.889	45	1.31e-06	45.8
WP_011013443.1	WP_011013443.1	100.000	411	0.0	836
WP_011013443.1	WP_003855225.1	28.141	199	3.28e-09	54.3
WP_011013443.1	WP_011014888.1	30.519	154	6.20e-09	53.5
WP_011013443.1	WP_011015600.1	26.562	128	6.90e-06	44.3
WP_011013444.1	WP_011013444.1	100.000	337	0.0	684
WP_011013445.1	WP_011013445.1	100.000	143	1.88e-106	296
WP_011013445.1	WP_003858105.1	71.631	141	8.05e-74	213
WP_011013445.1	WP_011014682.1	70.922	141	5.99e-73	211
WP_011013445.1	WP_011014578.1	70.213	141	2.97e-72	209
WP_011013446.1	WP_011013446.1	100.000	138	4.58e-99	277
WP_011013447.1	WP_011013447.1	100.000	142	2.70e-106	295
WP_011013448.1	WP_011013448.1	100.000	330	0.0	670
WP_011013448.1	WP_003857593.1	34.356	326	2.46e-54	177
WP_011013448.1	WP_011014311.1	28.659	328	1.55e-34	125
WP_011013448.1	WP_011014232.1	27.273	330	2.01e-29	112
WP_011013448.1	WP_011013442.1	24.179	335	2.14e-11	60.5
WP_011013448.1	WP_011014889.1	22.772	303	7.72e-08	49.7
WP_011013448.1	WP_011015158.1	27.523	109	4.52e-07	45.1
WP_011013449.1	WP_011013449.1	100.000	134	8.27e-94	263
WP_011013450.1	WP_011013450.1	100.000	491	0.0	973
WP_011013450.1	WP_011015598.1	56.289	485	1.58e-171	489
WP_011013450.1	WP_003861178.1	25.124	402	1.28e-23	99.8
WP_011013450.1	WP_011015098.1	29.191	346	2.00e-19	87.0
WP_011013450.1	WP_011015577.1	25.510	294	4.32e-15	73.6
WP_011013450.1	WP_011015083.1	25.352	355	1.03e-09	56.6
WP_011013450.1	WP_011014103.1	25.282	443	4.61e-09	54.7
WP_011013450.1	WP_003862889.1	31.481	162	7.60e-08	50.8
WP_011013450.1	WP_011014309.1	28.696	115	1.99e-06	46.6
WP_011013450.1	WP_011015605.1	24.943	437	2.48e-06	46.2
WP_011013452.1	WP_011013452.1	100.000	145	6.71e-105	292
WP_011013453.1	WP_011013453.1	100.000	1510	0.0	3108
WP_011013454.1	WP_011013454.1	100.000	506	0.0	1038
WP_011013454.1	WP_011015351.1	36.000	125	3.47e-10	58.5
WP_011013454.1	WP_011015406.1	27.841	176	1.72e-07	49.7
WP_011013454.1	WP_011015323.1	28.042	189	4.51e-06	45.4
WP_011013456.1	WP_011013456.1	100.000	1146	0.0	2322
WP_011013457.1	WP_011013457.1	100.000	677	0.0	1368
WP_011013458.1	WP_011013458.1	100.000	253	0.0	505
WP_011013458.1	WP_011014397.1	39.113	248	7.21e-47	153
WP_011013458.1	WP_011015148.1	25.000	192	1.40e-07	47.8
WP_011013460.1	WP_011013460.1	100.000	151	3.26e-110	306
WP_011013461.1	WP_011013461.1	100.000	298	0.0	610
WP_011013462.1	WP_011013462.1	100.000	144	3.91e-102	285
WP_011013463.1	WP_011013463.1	100.000	134	1.02e-92	260
WP_011013465.1	WP_011013465.1	100.000	199	1.41e-147	404
WP_011013466.1	WP_011013466.1	100.000	263	0.0	533
WP_011013466.1	WP_011015040.1	33.831	201	3.67e-25	100
WP_011013466.1	WP_011015040.1	28.155	206	1.03e-10	57.8
WP_011013466.1	WP_003861735.1	26.601	203	1.25e-15	71.6
WP_011013466.1	WP_011015140.1	29.143	175	1.79e-14	68.9
WP_011013466.1	WP_003854632.1	27.315	216	1.51e-13	66.2
WP_011013466.1	WP_011014212.1	28.866	194	1.87e-13	64.7
WP_011013466.1	WP_011014910.1	29.070	172	5.01e-13	65.1
WP_011013466.1	WP_011014910.1	28.063	253	6.69e-11	58.5
WP_011013466.1	WP_003855103.1	24.747	198	8.36e-13	62.8
WP_011013466.1	WP_011015345.1	26.630	184	9.38e-13	63.5
WP_011013466.1	WP_011014089.1	29.843	191	1.02e-12	63.9
WP_011013466.1	WP_011014443.1	31.609	174	1.87e-12	63.2
WP_011013466.1	WP_011014443.1	28.194	227	7.49e-12	61.2
WP_011013466.1	WP_011014807.1	26.339	224	2.19e-12	63.2
WP_011013466.1	WP_011013642.1	26.087	207	2.36e-12	62.4
WP_011013466.1	WP_011013479.1	25.000	204	2.69e-12	62.0
WP_011013466.1	WP_011013712.1	32.121	165	3.55e-12	62.4
WP_011013466.1	WP_011013851.1	27.684	177	4.38e-12	61.6
WP_011013466.1	WP_011013333.1	31.034	174	5.08e-12	60.8
WP_011013466.1	WP_004567959.1	28.283	198	8.52e-12	60.5
WP_011013466.1	WP_011014327.1	29.714	175	1.55e-11	60.1
WP_011013466.1	WP_011014850.1	25.789	190	1.87e-11	59.3
WP_011013466.1	WP_011015133.1	28.333	180	6.85e-11	58.5
WP_011013466.1	WP_011015133.1	42.857	42	2.82e-06	44.3
WP_011013466.1	WP_011015284.1	27.273	187	1.43e-10	56.6
WP_011013466.1	WP_011015221.1	25.726	241	1.46e-10	56.6
WP_011013466.1	WP_011014450.1	28.365	208	1.93e-10	56.6
WP_011013466.1	WP_003857431.1	23.671	207	2.90e-10	55.5
WP_011013466.1	WP_011014233.1	23.786	206	5.62e-10	55.8
WP_011013466.1	WP_003858826.1	21.429	238	6.24e-10	54.7
WP_011013466.1	WP_011013985.1	25.000	204	6.62e-10	54.3
WP_011013466.1	WP_011014374.1	24.352	193	1.15e-09	53.9
WP_011013466.1	WP_011014540.1	25.967	181	1.19e-09	53.1
WP_011013466.1	WP_011014139.1	29.952	207	1.27e-09	55.1
WP_011013466.1	WP_011014139.1	28.042	189	2.14e-06	45.1
WP_011013466.1	WP_011013622.1	27.064	218	2.07e-09	53.1
WP_011013466.1	WP_011013996.1	26.214	206	2.77e-09	53.1
WP_011013466.1	WP_011013807.1	23.113	212	4.50e-09	52.4
WP_011013466.1	WP_011013968.1	28.774	212	8.12e-09	52.4
WP_011013466.1	WP_011013968.1	42.857	63	5.20e-07	46.6
WP_011013466.1	WP_003856990.1	28.708	209	8.98e-09	51.2
WP_011013466.1	WP_003862124.1	26.733	202	9.72e-09	52.0
WP_011013466.1	WP_011013802.1	25.352	213	1.09e-08	51.2
WP_011013466.1	WP_011015020.1	25.481	208	1.09e-08	52.0
WP_011013466.1	WP_003860245.1	26.344	186	1.46e-08	50.8
WP_011013466.1	WP_011013783.1	24.339	189	1.50e-08	50.4
WP_011013466.1	WP_011013698.1	25.000	224	2.07e-08	50.4
WP_011013466.1	WP_011015118.1	23.276	232	2.33e-08	50.8
WP_011013466.1	WP_011265986.1	28.019	207	3.11e-08	50.4
WP_011013466.1	WP_011014379.1	23.636	165	1.76e-07	47.4
WP_011013466.1	WP_003858089.1	29.487	156	2.31e-07	47.0
WP_011013466.1	WP_011013906.1	28.019	207	2.41e-07	47.0
WP_011013466.1	WP_011014351.1	32.787	122	2.65e-07	47.8
WP_011013466.1	WP_011014351.1	24.762	210	3.53e-06	44.3
WP_011013466.1	WP_011013984.1	24.444	225	1.76e-06	44.3
WP_011013466.1	WP_011014492.1	44.444	54	3.66e-06	43.5
WP_011013466.1	WP_003857536.1	22.886	201	7.56e-06	42.4
WP_011013466.1	WP_011014012.1	26.220	164	7.60e-06	43.1
WP_011013466.1	WP_011265940.1	23.140	242	9.63e-06	42.4
WP_011013470.1	WP_011013470.1	100.000	175	5.91e-124	343
WP_011013471.1	WP_011013471.1	100.000	297	0.0	600
WP_011013472.1	WP_011013472.1	100.000	357	0.0	709
WP_011013472.1	WP_011014840.1	33.983	359	4.08e-57	186
WP_011013472.1	WP_011013353.1	34.118	85	8.33e-11	57.4
WP_011013472.1	WP_003862931.1	36.250	80	2.94e-08	47.8
WP_011013472.1	WP_011013352.1	34.211	76	2.37e-06	42.4
WP_011013473.1	WP_011013473.1	100.000	152	6.48e-111	308
WP_011013474.1	WP_011013474.1	100.000	153	4.48e-109	303
WP_011013474.1	WP_011014189.1	27.891	147	6.00e-11	54.3
WP_011013474.1	WP_003858456.1	30.882	136	2.33e-10	53.1
WP_011013475.1	WP_011013475.1	100.000	156	1.20e-112	313
WP_011013476.1	WP_011013476.1	100.000	394	0.0	799
WP_011013476.1	WP_011014194.1	33.230	322	5.38e-35	129
WP_011013476.1	WP_003858461.1	25.238	420	2.70e-19	85.5
WP_011013477.1	WP_011013477.1	100.000	279	0.0	547
WP_011013477.1	WP_011015222.1	26.522	230	7.51e-11	58.2
WP_011013477.1	WP_011013847.1	35.135	74	5.94e-08	49.3
WP_011013477.1	WP_011013848.1	23.585	212	2.01e-07	47.8
WP_011013477.1	WP_011265971.1	40.000	60	5.84e-07	46.6
WP_011013478.1	WP_011013478.1	100.000	268	0.0	530
WP_011013479.1	WP_011013479.1	100.000	304	0.0	613
WP_011013479.1	WP_011015140.1	39.819	221	1.42e-50	168
WP_011013479.1	WP_011013851.1	35.593	295	4.53e-48	160
WP_011013479.1	WP_011014327.1	36.471	255	2.25e-47	160
WP_011013479.1	WP_011013642.1	35.865	237	6.70e-44	150
WP_011013479.1	WP_003857431.1	34.764	233	1.70e-41	140
WP_011013479.1	WP_003854632.1	35.417	240	7.05e-38	134
WP_011013479.1	WP_003858826.1	32.283	254	6.77e-37	129
WP_011013479.1	WP_011015040.1	35.065	231	1.13e-33	125
WP_011013479.1	WP_011015040.1	27.570	214	8.82e-16	73.9
WP_011013479.1	WP_011015118.1	34.199	231	3.27e-33	124
WP_011013479.1	WP_011015118.1	34.956	226	3.88e-19	84.0
WP_011013479.1	WP_011014212.1	37.500	208	7.54e-32	115
WP_011013479.1	WP_003855103.1	33.333	210	3.23e-30	110
WP_011013479.1	WP_011013783.1	36.098	205	1.21e-29	109
WP_011013479.1	WP_003858089.1	33.182	220	2.33e-28	105
WP_011013479.1	WP_011013331.1	33.906	233	2.55e-28	105
WP_011013479.1	WP_003860245.1	33.005	203	2.52e-27	104
WP_011013479.1	WP_011014807.1	31.050	219	1.10e-26	106
WP_011013479.1	WP_011014807.1	28.512	242	5.59e-15	71.6
WP_011013479.1	WP_011014492.1	34.335	233	1.19e-26	102
WP_011013479.1	WP_011014379.1	35.294	238	3.20e-26	101
WP_011013479.1	WP_003857536.1	32.843	204	3.34e-26	100
WP_011013479.1	WP_011014850.1	31.278	227	3.98e-26	101
WP_011013479.1	WP_011013906.1	28.390	236	4.79e-26	100
WP_011013479.1	WP_011014374.1	33.495	206	5.43e-26	100
WP_011013479.1	WP_011014450.1	32.174	230	7.39e-26	101
WP_011013479.1	WP_011013931.1	34.842	221	6.43e-25	96.7
WP_011013479.1	WP_011013698.1	30.870	230	1.84e-24	96.3
WP_011013479.1	WP_011013807.1	32.759	232	7.59e-24	94.7
WP_011013479.1	WP_003861735.1	27.602	221	1.28e-23	94.4
WP_011013479.1	WP_011013802.1	31.250	240	1.53e-23	94.0
WP_011013479.1	WP_011013333.1	28.378	222	2.68e-22	90.1
WP_011013479.1	WP_011265940.1	29.961	257	2.79e-22	90.5
WP_011013479.1	WP_011013996.1	29.412	221	4.77e-22	90.5
WP_011013479.1	WP_011013622.1	29.958	237	1.68e-21	88.6
WP_011013479.1	WP_011013968.1	36.041	197	5.89e-21	89.4
WP_011013479.1	WP_011013968.1	28.767	219	7.02e-12	62.4
WP_011013479.1	WP_011015221.1	29.070	258	9.59e-21	85.9
WP_011013479.1	WP_011015345.1	29.439	214	1.73e-20	86.3
WP_011013479.1	WP_011015284.1	28.634	227	4.26e-20	84.7
WP_011013479.1	WP_011015020.1	31.132	212	5.55e-20	86.7
WP_011013479.1	WP_004567959.1	28.070	228	7.48e-20	84.3
WP_011013479.1	WP_003856445.1	28.821	229	9.36e-20	83.6
WP_011013479.1	WP_011014233.1	28.440	218	1.25e-19	85.5
WP_011013479.1	WP_011014233.1	27.184	206	6.71e-13	65.1
WP_011013479.1	WP_011013338.1	29.911	224	6.17e-19	81.3
WP_011013479.1	WP_011013984.1	27.731	238	8.57e-19	80.5
WP_011013479.1	WP_011013712.1	28.464	267	5.71e-18	80.5
WP_011013479.1	WP_011265869.1	32.663	199	1.80e-17	79.0
WP_011013479.1	WP_011013985.1	27.468	233	2.70e-17	75.9
WP_011013479.1	WP_011014012.1	29.956	227	2.95e-16	75.5
WP_011013479.1	WP_011265986.1	27.434	226	3.29e-16	75.5
WP_011013479.1	WP_003856990.1	30.837	227	4.12e-16	73.2
WP_011013479.1	WP_003862124.1	31.193	218	1.56e-15	73.2
WP_011013479.1	WP_003862124.1	29.500	200	1.07e-10	58.5
WP_011013479.1	WP_011015133.1	28.042	189	1.18e-14	70.5
WP_011013479.1	WP_011015133.1	27.607	163	1.36e-13	67.4
WP_011013479.1	WP_011014910.1	26.923	208	1.99e-14	69.7
WP_011013479.1	WP_011014139.1	26.407	231	2.92e-14	69.7
WP_011013479.1	WP_011014139.1	24.215	223	1.37e-12	64.7
WP_011013479.1	WP_011014540.1	27.500	200	2.55e-13	64.3
WP_011013479.1	WP_011014089.1	31.429	175	8.18e-13	65.1
WP_011013479.1	WP_011013466.1	25.000	204	3.11e-12	62.0
WP_011013479.1	WP_011014443.1	29.126	206	3.64e-12	63.2
WP_011013479.1	WP_011014362.1	28.261	230	5.17e-12	62.8
WP_011013479.1	WP_011014216.1	27.461	193	9.02e-12	60.8
WP_011013479.1	WP_011015261.1	27.230	213	3.81e-11	58.5
WP_011013479.1	WP_011014351.1	29.101	189	3.91e-11	59.7
WP_011013479.1	WP_011014011.1	22.764	246	1.44e-09	55.1
WP_011013479.1	WP_011265658.1	25.214	234	3.66e-09	53.9
WP_011013479.1	WP_011014424.1	25.439	228	5.88e-09	53.1
WP_011013479.1	WP_003856078.1	29.358	218	1.04e-08	51.6
WP_011013479.1	WP_011265694.1	29.586	169	1.12e-08	52.4
WP_011013479.1	WP_011014865.1	34.043	188	7.20e-07	46.6
WP_011013479.1	WP_011014000.1	31.959	97	2.80e-06	44.7
WP_011013480.1	WP_011013480.1	100.000	140	2.23e-95	268
WP_011013481.1	WP_011013481.1	100.000	341	0.0	695
WP_011013481.1	WP_011014880.1	29.464	336	4.16e-30	114
WP_011013481.1	WP_003862691.1	27.222	180	1.80e-12	64.3
WP_011013481.1	WP_006285864.1	27.801	241	1.03e-11	61.6
WP_011013481.1	WP_011013907.1	26.772	254	2.72e-11	60.5
WP_011013481.1	WP_011014123.1	25.101	247	2.18e-09	54.7
WP_011013482.1	WP_011013482.1	100.000	302	0.0	624
WP_011013482.1	WP_011014653.1	30.705	241	6.98e-36	127
WP_011013483.1	WP_011013483.1	100.000	94	1.61e-66	191
WP_011013484.1	WP_011013484.1	100.000	254	0.0	514
WP_011013484.1	WP_011015253.1	27.536	207	1.04e-11	59.7
WP_011013484.1	WP_011014757.1	28.144	167	1.58e-10	57.0
WP_011013484.1	WP_011013318.1	24.280	243	8.28e-08	48.5
WP_011013484.1	WP_011015499.1	23.462	260	1.65e-07	47.8
WP_011013484.1	WP_003855552.1	34.286	105	2.36e-07	47.0
WP_011013484.1	WP_011013662.1	43.077	65	2.60e-06	43.9
WP_011013485.1	WP_011013485.1	100.000	339	0.0	692
WP_011013485.1	WP_011013571.1	31.395	344	2.15e-54	178
WP_011013485.1	WP_011015397.1	31.056	322	2.41e-47	160
WP_011013485.1	WP_003863269.1	28.692	237	2.99e-17	78.2
WP_011013485.1	WP_231838278.1	24.784	347	4.21e-09	53.5
WP_011013485.1	WP_011265496.1	26.772	254	2.10e-08	51.2
WP_011013485.1	WP_011015197.1	25.243	206	2.71e-08	51.2
WP_011013485.1	WP_020948586.1	28.054	221	2.16e-07	48.1
WP_011013486.1	WP_011013486.1	100.000	267	0.0	537
WP_011013487.1	WP_011013487.1	100.000	340	0.0	692
WP_011013488.1	WP_011013488.1	100.000	117	1.42e-82	233
WP_011013489.1	WP_011013489.1	100.000	801	0.0	1602
WP_011013489.1	WP_011013977.1	43.187	822	0.0	546
WP_011013489.1	WP_011013775.1	25.660	530	4.61e-25	107
WP_011013489.1	WP_011015449.1	31.250	272	1.48e-23	102
WP_011013489.1	WP_011015449.1	27.597	308	1.03e-18	87.4
WP_011013490.1	WP_011013490.1	100.000	418	0.0	865
WP_011013491.1	WP_011013491.1	100.000	360	0.0	726
WP_011013493.1	WP_011013493.1	100.000	293	0.0	598
WP_011013493.1	WP_011265718.1	34.091	264	1.95e-34	127
WP_011013494.1	WP_011013494.1	100.000	330	0.0	674
WP_011013499.1	WP_011013499.1	100.000	775	0.0	1553
WP_011013499.1	WP_011013555.1	35.484	155	4.52e-15	74.3
WP_011013500.1	WP_011013500.1	100.000	218	1.90e-158	434
WP_011013501.1	WP_011013501.1	100.000	250	0.0	496
WP_011013502.1	WP_011013502.1	100.000	423	0.0	853
WP_011013503.1	WP_011013503.1	100.000	360	0.0	731
WP_011013505.1	WP_011013505.1	100.000	289	0.0	568
WP_011013506.1	WP_011013506.1	100.000	344	0.0	694
WP_011013507.1	WP_011013507.1	100.000	478	0.0	971
WP_011013508.1	WP_011013508.1	100.000	193	6.72e-139	382
WP_011013508.1	WP_003855001.1	31.068	206	7.81e-22	85.1
WP_011013508.1	WP_003855298.1	31.034	145	7.82e-12	58.5
WP_011013508.1	WP_003858163.1	26.087	138	1.22e-11	57.8
WP_011013510.1	WP_011013510.1	100.000	97	3.40e-61	178
WP_011013510.1	WP_011013514.1	44.578	83	8.23e-10	48.1
WP_011013513.1	WP_011013513.1	100.000	108	2.70e-73	209
WP_011013513.1	WP_011015618.1	35.165	91	8.28e-08	43.5
WP_011013514.1	WP_011013514.1	100.000	97	3.14e-65	188
WP_011013515.1	WP_011013515.1	100.000	115	3.10e-83	235
WP_011013515.1	WP_011265756.1	70.093	107	2.96e-54	162
WP_011013515.1	WP_003855958.1	36.364	77	1.32e-10	50.8
WP_011013515.1	WP_011013656.1	30.263	76	2.70e-10	50.4
WP_011013515.1	WP_003858445.1	31.944	72	1.07e-06	40.8
WP_011013515.1	WP_020948644.1	30.263	76	2.22e-06	40.0
WP_011013516.1	WP_011013516.1	100.000	345	0.0	672
WP_011013516.1	WP_011265757.1	77.419	341	0.0	542
WP_011013516.1	WP_011014387.1	22.917	288	6.21e-08	50.1
WP_011013517.1	WP_011013517.1	100.000	90	3.15e-60	175
WP_011013518.1	WP_011013518.1	100.000	151	1.02e-110	307
WP_011013520.1	WP_011013520.1	100.000	127	5.96e-90	253
WP_011013520.1	WP_003853720.1	43.299	97	5.93e-17	69.3
WP_011013521.1	WP_011013521.1	100.000	964	0.0	1902
WP_011013521.1	WP_011015337.1	31.984	1013	3.80e-116	377
WP_011013521.1	WP_011265998.1	28.783	337	5.37e-28	116
WP_011013521.1	WP_172820762.1	24.723	271	2.75e-15	76.3
WP_011013522.1	WP_011013522.1	100.000	492	0.0	955
WP_011013522.1	WP_011014501.1	29.412	187	2.26e-13	68.6
WP_011013523.1	WP_011013523.1	100.000	288	0.0	598
WP_011013523.1	WP_011013631.1	62.676	284	5.17e-132	373
WP_011013523.1	WP_011013618.1	40.071	282	3.14e-64	200
WP_011013524.1	WP_011013524.1	100.000	222	7.44e-163	445
WP_011013524.1	WP_011013630.1	35.498	231	3.66e-42	139
WP_011013524.1	WP_011013940.1	37.004	227	9.64e-42	138
WP_011013524.1	WP_003853866.1	37.333	225	3.66e-40	134
WP_011013524.1	WP_011015530.1	36.000	225	3.08e-39	132
WP_011013524.1	WP_011013867.1	37.668	223	1.33e-37	127
WP_011013524.1	WP_003863097.1	34.081	223	1.48e-35	122
WP_011013525.1	WP_011013525.1	100.000	489	0.0	985
WP_011013525.1	WP_179300924.1	33.106	293	9.41e-35	132
WP_011013525.1	WP_011013941.1	30.120	332	6.47e-31	121
WP_011013525.1	WP_011015245.1	30.820	305	9.74e-31	120
WP_011013525.1	WP_011015529.1	27.815	302	2.96e-27	109
WP_011013525.1	WP_011015290.1	26.897	290	4.20e-22	94.4
WP_011013525.1	WP_003855497.1	30.041	243	2.96e-20	89.4
WP_011013527.1	WP_011013527.1	100.000	206	1.06e-148	408
WP_011013527.1	WP_011015124.1	28.188	149	5.18e-16	70.9
WP_011013528.1	WP_011013528.1	100.000	302	0.0	623
WP_011013529.1	WP_011013529.1	100.000	795	0.0	1621
WP_011013529.1	WP_011015547.1	27.915	609	3.33e-47	176
WP_011013529.1	WP_011013342.1	26.062	353	9.31e-12	64.3
WP_011013531.1	WP_011013531.1	100.000	451	0.0	888
WP_011013531.1	WP_011014385.1	34.452	447	5.97e-67	218
WP_011013531.1	WP_011013638.1	31.193	436	2.73e-63	208
WP_011013531.1	WP_011015489.1	35.446	426	8.60e-61	201
WP_011013531.1	WP_011015605.1	30.732	410	2.71e-34	130
WP_011013531.1	WP_011015577.1	24.107	224	2.91e-07	48.9
WP_011013531.1	WP_011266071.1	29.577	142	9.28e-06	43.5
WP_011013532.1	WP_011013532.1	100.000	512	0.0	1045
WP_011013532.1	WP_003855494.1	30.171	527	2.74e-67	223
WP_011013532.1	WP_011265702.1	25.498	502	2.50e-39	147
WP_011013532.1	WP_003859440.1	26.113	494	4.00e-33	129
WP_011013532.1	WP_011013660.1	26.571	350	2.43e-20	89.4
WP_011013532.1	WP_011015452.1	23.596	534	3.62e-19	87.0
WP_011013532.1	WP_011015325.1	25.577	520	1.48e-15	76.3
WP_011013534.1	WP_011013534.1	100.000	311	0.0	627
WP_011013534.1	WP_011015298.1	31.855	248	5.36e-26	100
WP_011013534.1	WP_011013723.1	30.952	252	2.69e-23	92.8
WP_011013534.1	WP_011014905.1	29.921	254	2.50e-21	88.6
WP_011013534.1	WP_011013843.1	29.843	191	3.34e-16	73.6
WP_011013534.1	WP_011015096.1	24.521	261	6.38e-10	55.5
WP_011013534.1	WP_003856628.1	28.452	239	1.00e-06	45.4
WP_011013534.1	WP_011015148.1	25.414	181	3.39e-06	43.9
WP_011013535.1	WP_011013535.1	100.000	314	0.0	650
WP_011013536.1	WP_011013536.1	100.000	398	0.0	819
WP_011013538.1	WP_011013538.1	100.000	61	2.68e-40	122
WP_011013539.1	WP_011013539.1	100.000	260	0.0	540
WP_011013539.1	WP_011015296.1	28.042	189	2.29e-14	67.8
WP_011013540.1	WP_011013540.1	100.000	186	4.10e-134	369
WP_011013541.1	WP_011013541.1	100.000	247	0.0	506
WP_011013542.1	WP_011013542.1	100.000	398	0.0	790
WP_011013543.1	WP_011013543.1	100.000	331	0.0	663
WP_011013544.1	WP_011013544.1	100.000	183	1.42e-132	365
WP_011013545.1	WP_011013545.1	100.000	280	0.0	582
WP_011013545.1	WP_003855543.1	31.783	258	3.27e-35	126
WP_011013546.1	WP_011013546.1	100.000	353	0.0	694
WP_011013547.1	WP_011013547.1	100.000	377	0.0	749
WP_011013548.1	WP_011013548.1	100.000	258	0.0	512
WP_011013549.1	WP_011013549.1	100.000	191	3.86e-136	375
WP_011013550.1	WP_011013550.1	100.000	785	0.0	1600
WP_011013550.1	WP_011013925.1	27.338	417	2.79e-15	76.6
WP_011013550.1	WP_011013876.1	25.255	392	1.01e-12	67.4
WP_011013550.1	WP_011013853.1	27.119	236	7.47e-12	65.5
WP_011013550.1	WP_011013853.1	27.103	107	3.22e-09	57.0
WP_011013550.1	WP_011013858.1	37.681	69	2.13e-07	51.2
WP_011013550.1	WP_011013858.1	28.378	148	2.01e-06	47.8
WP_011013550.1	WP_011013953.1	26.087	161	9.46e-07	48.5
WP_011013551.1	WP_011013551.1	100.000	67	7.23e-46	137
WP_011013551.1	WP_003862487.1	83.582	67	1.20e-37	116
WP_011013551.1	WP_003858310.1	35.821	67	2.22e-09	46.6
WP_011013552.1	WP_011013552.1	100.000	996	0.0	2022
WP_011013555.1	WP_011013555.1	100.000	419	0.0	854
WP_011013555.1	WP_011013499.1	35.484	155	7.04e-16	76.3
WP_011013556.1	WP_011013556.1	100.000	148	1.57e-109	304
WP_011013557.1	WP_011013557.1	100.000	187	1.71e-139	383
WP_011013558.1	WP_011013558.1	100.000	294	0.0	591
WP_011013558.1	WP_003856488.1	29.231	260	6.95e-22	90.1
WP_011013558.1	WP_011015513.1	26.271	236	1.32e-08	51.6
WP_011013561.1	WP_011013561.1	100.000	211	9.53e-158	431
WP_011013561.1	WP_011014510.1	32.195	205	2.18e-25	95.1
WP_011013561.1	WP_003858732.1	30.000	160	1.17e-10	55.5
WP_011013561.1	WP_011013350.1	24.204	157	2.68e-08	49.7
WP_011013562.1	WP_011013562.1	100.000	223	1.12e-158	434
WP_011013562.1	WP_011013843.1	25.984	254	9.99e-07	44.7
WP_011013563.1	WP_011013563.1	100.000	410	0.0	810
WP_011013563.1	WP_011013383.1	25.474	369	1.36e-22	95.1
WP_011013563.1	WP_011015098.1	43.836	73	5.06e-07	47.8
WP_011013564.1	WP_011013564.1	100.000	311	0.0	628
WP_011013564.1	WP_011014754.1	32.362	309	1.18e-37	133
WP_011013564.1	WP_011013574.1	27.640	322	1.22e-27	106
WP_011013564.1	WP_011265533.1	32.800	125	3.76e-07	47.8
WP_011013565.1	WP_011013565.1	100.000	125	2.05e-88	249
WP_011013566.1	WP_011013566.1	100.000	236	2.90e-179	488
WP_011013567.1	WP_011013567.1	100.000	340	0.0	693
WP_011013568.1	WP_011013568.1	100.000	345	0.0	704
WP_011013568.1	WP_020948530.1	26.749	243	4.01e-10	56.6
WP_011013569.1	WP_011013569.1	100.000	694	0.0	1392
WP_011013569.1	WP_011013325.1	37.440	414	1.06e-71	235
WP_011013569.1	WP_231838301.1	54.348	184	1.86e-55	184
WP_011013570.1	WP_011013570.1	100.000	117	3.67e-83	235
WP_011013571.1	WP_011013571.1	100.000	353	0.0	718
WP_011013571.1	WP_011013485.1	31.395	344	4.49e-59	191
WP_011013571.1	WP_011015397.1	30.514	331	1.23e-45	155
WP_011013571.1	WP_003863269.1	28.954	373	2.44e-22	93.2
WP_011013571.1	WP_020948586.1	31.973	147	2.04e-11	60.5
WP_011013571.1	WP_011265496.1	28.049	246	3.40e-11	60.1
WP_011013571.1	WP_011015145.1	43.617	94	4.71e-11	59.3
WP_011013572.1	WP_011013572.1	100.000	285	0.0	575
WP_011013572.1	WP_003858460.1	29.832	238	4.48e-18	79.3
WP_011013572.1	WP_011013863.1	25.000	252	1.94e-15	72.0
WP_011013572.1	WP_011265539.1	28.571	266	3.14e-15	70.9
WP_011013573.1	WP_011013573.1	100.000	453	0.0	928
WP_011013574.1	WP_011013574.1	100.000	339	0.0	710
WP_011013574.1	WP_011013564.1	27.640	322	1.33e-27	106
WP_011013574.1	WP_011014754.1	28.165	316	1.74e-25	101
WP_011013575.1	WP_011013575.1	100.000	193	1.81e-141	389
WP_011013576.1	WP_011013576.1	100.000	315	0.0	638
WP_011013576.1	WP_011015613.1	38.739	333	6.59e-64	202
WP_011013576.1	WP_011013903.1	36.531	271	6.40e-51	167
WP_011013576.1	WP_011265861.1	28.462	260	5.42e-34	123
WP_011013576.1	WP_011013789.1	31.923	260	8.01e-24	96.3
WP_011013576.1	WP_011014237.1	26.471	306	1.31e-10	57.8
WP_011013576.1	WP_011013805.1	31.788	151	8.76e-10	55.5
WP_011013577.1	WP_011013577.1	100.000	213	4.53e-157	430
WP_011013578.1	WP_011013578.1	100.000	416	0.0	786
WP_011013579.1	WP_011013579.1	100.000	460	0.0	944
WP_011013579.1	WP_011015108.1	26.646	319	1.03e-13	69.7
WP_011013580.1	WP_011013580.1	100.000	668	0.0	1357
WP_011013580.1	WP_011015237.1	23.262	374	2.42e-20	92.0
WP_011013583.1	WP_011013583.1	100.000	365	0.0	747
WP_011013583.1	WP_011013975.1	41.424	309	5.29e-74	234
WP_011013583.1	WP_011014938.1	41.100	309	1.71e-73	233
WP_011013583.1	WP_011014060.1	30.612	294	1.00e-40	144
WP_011013583.1	WP_011015455.1	30.943	265	7.96e-33	125
WP_011013583.1	WP_011015457.1	30.208	288	1.15e-24	99.8
WP_011013584.1	WP_011013584.1	100.000	478	0.0	953
WP_011013584.1	WP_003855308.1	29.851	134	4.60e-07	47.8
WP_011013584.1	WP_011014134.1	33.708	89	2.96e-06	45.4
WP_011013584.1	WP_011014352.1	21.782	202	6.14e-06	44.3
WP_011013585.1	WP_011013585.1	100.000	201	1.91e-147	404
WP_011013585.1	WP_011265906.1	34.444	90	4.98e-08	47.4
WP_011013588.1	WP_011013588.1	100.000	385	0.0	789
WP_011013589.1	WP_011013589.1	100.000	204	1.54e-152	417
WP_011013591.1	WP_011013591.1	100.000	497	0.0	979
WP_011013592.1	WP_011013592.1	100.000	438	0.0	890
WP_011013592.1	WP_011015212.1	30.947	433	1.09e-36	135
WP_011013593.1	WP_011013593.1	100.000	335	0.0	682
WP_011013593.1	WP_003855492.1	25.000	348	5.05e-14	68.6
WP_011013594.1	WP_011013594.1	100.000	345	0.0	707
WP_011013594.1	WP_011013600.1	29.064	203	2.00e-18	80.5
WP_011013595.1	WP_011013595.1	100.000	50	1.57e-34	107
WP_011013595.1	WP_011015071.1	58.491	53	2.62e-16	66.6
WP_011013595.1	WP_011014093.1	58.491	53	2.67e-16	66.6
WP_011013596.1	WP_011013596.1	100.000	390	0.0	809
WP_011013596.1	WP_011013830.1	26.250	400	2.95e-27	110
WP_011013597.1	WP_011013597.1	100.000	331	0.0	662
WP_011013597.1	WP_011013830.1	32.727	330	1.39e-39	144
WP_011013598.1	WP_011013598.1	100.000	387	0.0	783
WP_011013598.1	WP_011015433.1	29.973	367	1.75e-35	131
WP_011013599.1	WP_011013599.1	100.000	403	0.0	792
WP_011013600.1	WP_011013600.1	100.000	274	0.0	568
WP_011013600.1	WP_011013594.1	29.064	203	1.59e-18	80.5
WP_011013601.1	WP_011013601.1	100.000	215	2.48e-157	431
WP_011013601.1	WP_006286028.1	27.737	137	2.53e-07	45.8
WP_011013602.1	WP_011013602.1	100.000	469	0.0	959
WP_011013602.1	WP_011014816.1	30.818	477	1.06e-60	202
WP_011013602.1	WP_011013815.1	28.302	477	2.56e-50	174
WP_011013602.1	WP_041625711.1	28.200	461	3.94e-47	165
WP_011013602.1	WP_011015323.1	29.717	212	6.83e-08	50.8
WP_011013606.1	WP_011013606.1	100.000	673	0.0	1403
WP_011013607.1	WP_011013607.1	100.000	249	0.0	513
WP_011013608.1	WP_011013608.1	100.000	109	1.60e-78	223
WP_011013610.1	WP_011013610.1	100.000	325	0.0	660
WP_011013612.1	WP_011013612.1	100.000	140	2.38e-96	270
WP_011013613.1	WP_011013613.1	100.000	101	1.26e-69	199
WP_011013615.1	WP_011013615.1	100.000	544	0.0	1075
WP_011013615.1	WP_003859734.1	53.761	545	0.0	556
WP_011013615.1	WP_003854772.1	30.159	441	4.13e-51	179
WP_011013615.1	WP_011014147.1	30.465	430	3.62e-43	156
WP_011013615.1	WP_011015248.1	27.546	432	4.65e-30	119
WP_011013615.1	WP_011015504.1	27.115	461	3.80e-29	117
WP_011013615.1	WP_011015308.1	26.355	406	2.96e-27	111
WP_011013615.1	WP_011014299.1	25.229	436	7.14e-24	101
WP_011013615.1	WP_011015167.1	25.980	408	3.50e-20	89.7
WP_011013615.1	WP_011014309.1	27.059	255	3.62e-14	71.2
WP_011013615.1	WP_041625642.1	26.073	303	3.47e-13	68.2
WP_011013615.1	WP_003862889.1	31.387	137	2.28e-10	58.9
WP_011013615.1	WP_011013368.1	25.553	407	5.15e-10	58.2
WP_011013616.1	WP_011013616.1	100.000	304	0.0	634
WP_011013616.1	WP_003858391.1	28.934	197	1.27e-16	73.6
WP_011013618.1	WP_011013618.1	100.000	289	0.0	587
WP_011013618.1	WP_011013523.1	40.299	268	3.42e-62	195
WP_011013618.1	WP_011013631.1	40.141	284	7.32e-62	194
WP_011013619.1	WP_011013619.1	100.000	755	0.0	1524
WP_011013619.1	WP_011015537.1	39.773	528	8.30e-100	318
WP_011013619.1	WP_011015526.1	35.303	694	6.41e-93	303
WP_011013619.1	WP_011014176.1	40.351	513	1.20e-88	288
WP_011013619.1	WP_011013648.1	28.034	824	8.44e-69	239
WP_011013619.1	WP_011013685.1	30.254	552	2.33e-58	206
WP_011013619.1	WP_011014439.1	31.319	182	2.76e-15	76.3
WP_011013619.1	WP_011014439.1	24.697	413	6.93e-14	71.6
WP_011013619.1	WP_011015535.1	45.614	57	7.92e-10	52.4
WP_011013619.1	WP_003861284.1	43.860	57	4.69e-09	50.4
WP_011013620.1	WP_011013620.1	100.000	150	6.85e-107	298
WP_011013621.1	WP_011013621.1	100.000	613	0.0	1208
WP_011013621.1	WP_011013623.1	31.551	187	1.30e-20	89.7
WP_011013621.1	WP_011013623.1	24.457	184	1.14e-09	56.6
WP_011013621.1	WP_011013624.1	26.939	245	5.79e-17	78.2
WP_011013621.1	WP_011013624.1	26.442	208	9.54e-11	59.3
WP_011013621.1	WP_011015434.1	24.837	153	1.45e-06	46.6
WP_011013622.1	WP_011013622.1	100.000	271	0.0	541
WP_011013622.1	WP_011013807.1	40.316	253	7.61e-52	167
WP_011013622.1	WP_011014492.1	39.381	226	7.83e-48	156
WP_011013622.1	WP_011013698.1	36.555	238	1.72e-46	153
WP_011013622.1	WP_011013906.1	34.728	239	8.48e-44	145
WP_011013622.1	WP_003856445.1	34.959	246	4.00e-39	134
WP_011013622.1	WP_011013802.1	32.231	242	9.36e-39	133
WP_011013622.1	WP_011013338.1	32.751	229	1.15e-35	125
WP_011013622.1	WP_011014450.1	29.333	225	4.46e-25	98.6
WP_011013622.1	WP_011014216.1	27.203	261	4.98e-25	97.8
WP_011013622.1	WP_011013479.1	30.702	228	1.72e-23	93.6
WP_011013622.1	WP_011014374.1	31.707	205	2.70e-23	92.0
WP_011013622.1	WP_011013996.1	31.527	203	3.56e-23	92.8
WP_011013622.1	WP_003857536.1	32.227	211	5.55e-23	90.9
WP_011013622.1	WP_011015020.1	31.556	225	1.04e-21	90.9
WP_011013622.1	WP_003854632.1	29.493	217	1.19e-21	89.4
WP_011013622.1	WP_011015040.1	28.261	230	2.39e-21	89.4
WP_011013622.1	WP_011015040.1	27.650	217	3.62e-17	77.4
WP_011013622.1	WP_011014233.1	30.180	222	2.58e-21	89.7
WP_011013622.1	WP_011014233.1	25.346	217	2.82e-09	53.5
WP_011013622.1	WP_011014379.1	27.935	247	4.41e-21	86.7
WP_011013622.1	WP_011265940.1	28.750	240	1.60e-20	84.7
WP_011013622.1	WP_011015140.1	29.386	228	1.66e-20	86.3
WP_011013622.1	WP_011013931.1	31.674	221	2.72e-20	83.6
WP_011013622.1	WP_011015284.1	29.302	215	6.11e-20	83.6
WP_011013622.1	WP_004567959.1	29.018	224	9.04e-20	83.6
WP_011013622.1	WP_011013984.1	26.749	243	6.88e-19	80.1
WP_011013622.1	WP_003858826.1	26.971	241	7.52e-19	80.1
WP_011013622.1	WP_011013642.1	30.357	224	9.53e-19	81.3
WP_011013622.1	WP_011013331.1	33.484	221	1.61e-18	78.6
WP_011013622.1	WP_003857431.1	24.434	221	2.43e-18	78.6
WP_011013622.1	WP_011013851.1	30.093	216	3.88e-18	79.3
WP_011013622.1	WP_011014139.1	31.535	241	1.09e-17	79.3
WP_011013622.1	WP_011014139.1	23.108	251	7.69e-11	58.9
WP_011013622.1	WP_011014212.1	32.227	211	2.80e-17	75.5
WP_011013622.1	WP_003855103.1	26.724	232	3.09e-17	75.1
WP_011013622.1	WP_011013333.1	29.694	229	4.15e-17	75.5
WP_011013622.1	WP_003858089.1	24.201	219	1.91e-16	73.2
WP_011013622.1	WP_011013712.1	27.434	226	5.63e-16	73.9
WP_011013622.1	WP_011013712.1	30.882	204	8.62e-15	70.5
WP_011013622.1	WP_011013968.1	32.487	197	6.32e-16	73.9
WP_011013622.1	WP_011013968.1	28.319	226	7.81e-13	64.7
WP_011013622.1	WP_011014327.1	27.984	243	1.02e-15	72.8
WP_011013622.1	WP_011015133.1	30.222	225	1.29e-15	72.8
WP_011013622.1	WP_011015133.1	27.700	213	5.16e-15	70.9
WP_011013622.1	WP_003860245.1	27.230	213	1.65e-15	71.2
WP_011013622.1	WP_011015118.1	25.000	212	4.45e-15	71.2
WP_011013622.1	WP_011015118.1	24.153	236	4.65e-11	59.3
WP_011013622.1	WP_011013783.1	26.341	205	5.78e-15	68.9
WP_011013622.1	WP_011014850.1	26.180	233	1.21e-14	68.9
WP_011013622.1	WP_011014807.1	25.893	224	1.36e-14	69.7
WP_011013622.1	WP_011014807.1	29.091	220	2.04e-14	69.3
WP_011013622.1	WP_011014089.1	28.571	196	2.05e-14	69.3
WP_011013622.1	WP_011015261.1	29.864	221	2.63e-14	67.0
WP_011013622.1	WP_003861735.1	23.529	221	4.64e-14	67.0
WP_011013622.1	WP_003856990.1	26.512	215	1.64e-13	65.5
WP_011013622.1	WP_011014443.1	26.556	241	2.17e-13	66.2
WP_011013622.1	WP_011014443.1	28.934	197	2.80e-11	59.7
WP_011013622.1	WP_011265986.1	27.602	221	2.45e-13	66.2
WP_011013622.1	WP_011013985.1	26.638	229	3.61e-13	63.9
WP_011013622.1	WP_003862124.1	29.648	199	5.53e-12	61.6
WP_011013622.1	WP_003862124.1	30.645	186	8.29e-12	61.2
WP_011013622.1	WP_011014910.1	25.806	248	4.26e-11	59.3
WP_011013622.1	WP_011013466.1	27.064	218	4.90e-11	58.2
WP_011013622.1	WP_011265658.1	28.571	231	6.04e-11	58.9
WP_011013622.1	WP_011014011.1	23.810	231	2.39e-10	57.0
WP_011013622.1	WP_011014012.1	26.695	236	3.31e-10	56.6
WP_011013622.1	WP_011015345.1	23.207	237	4.45e-10	55.5
WP_011013622.1	WP_011014424.1	26.141	241	6.14e-10	55.8
WP_011013622.1	WP_011265869.1	25.701	214	3.86e-09	53.1
WP_011013622.1	WP_011014785.1	25.909	220	4.28e-09	52.0
WP_011013622.1	WP_011014865.1	30.769	195	4.73e-09	53.1
WP_011013622.1	WP_011014362.1	26.641	259	9.32e-09	52.4
WP_011013622.1	WP_011014540.1	22.798	193	1.70e-08	50.1
WP_011013622.1	WP_011265694.1	33.880	183	2.75e-08	50.8
WP_011013622.1	WP_011014110.1	33.663	101	7.64e-08	49.7
WP_011013622.1	WP_011014351.1	30.952	168	6.97e-06	43.1
WP_011013623.1	WP_011013623.1	100.000	319	0.0	641
WP_011013623.1	WP_011013624.1	54.167	216	5.34e-74	226
WP_011013623.1	WP_011013621.1	31.551	187	2.93e-21	90.9
WP_011013623.1	WP_011013621.1	24.457	184	3.02e-10	57.4
WP_011013624.1	WP_011013624.1	100.000	279	0.0	563
WP_011013624.1	WP_011013623.1	44.688	320	4.54e-75	228
WP_011013624.1	WP_011013621.1	26.761	284	1.97e-17	78.6
WP_011013624.1	WP_011013621.1	27.273	209	5.98e-11	58.9
WP_011013625.1	WP_011013625.1	100.000	270	0.0	526
WP_011013626.1	WP_011013626.1	100.000	271	0.0	556
WP_011013627.1	WP_011013627.1	100.000	212	2.29e-158	433
WP_011013627.1	WP_011013403.1	45.833	216	8.17e-57	176
WP_011013628.1	WP_011013628.1	100.000	418	0.0	857
WP_011013628.1	WP_011265689.1	32.907	313	5.12e-31	119
WP_011013628.1	WP_011014943.1	31.455	213	3.51e-19	85.1
WP_011013628.1	WP_011015443.1	30.734	218	1.44e-12	65.1
WP_011013628.1	WP_011013672.1	26.603	312	1.01e-11	62.4
WP_011013628.1	WP_101677576.1	30.000	170	5.35e-11	60.1
WP_011013628.1	WP_003859886.1	27.749	191	3.66e-08	51.2
WP_011013630.1	WP_011013630.1	100.000	232	7.01e-167	456
WP_011013630.1	WP_011013867.1	46.256	227	5.64e-68	205
WP_011013630.1	WP_003853866.1	40.693	231	2.77e-57	179
WP_011013630.1	WP_011015530.1	42.731	227	2.51e-51	163
WP_011013630.1	WP_011013940.1	38.326	227	9.36e-51	162
WP_011013630.1	WP_003863097.1	35.683	227	1.38e-44	146
WP_011013630.1	WP_011013524.1	35.498	231	3.82e-42	139
WP_011013631.1	WP_011013631.1	100.000	293	0.0	612
WP_011013631.1	WP_011013523.1	62.676	284	2.14e-126	358
WP_011013631.1	WP_011013618.1	40.141	284	7.42e-62	194
WP_011013632.1	WP_011013632.1	100.000	856	0.0	1701
WP_011013632.1	WP_011265965.1	35.517	870	2.59e-148	454
WP_011013632.1	WP_011015552.1	29.167	144	1.65e-08	53.9
WP_011013633.1	WP_011013633.1	100.000	301	0.0	623
WP_011013637.1	WP_011013637.1	100.000	302	0.0	605
WP_011013638.1	WP_011013638.1	100.000	467	0.0	933
WP_011013638.1	WP_011015489.1	33.333	417	2.36e-64	211
WP_011013638.1	WP_011013531.1	30.856	444	8.80e-64	209
WP_011013638.1	WP_011014385.1	35.123	447	2.04e-60	201
WP_011013638.1	WP_011015605.1	28.434	415	1.72e-33	129
WP_011013638.1	WP_011266071.1	25.000	248	1.69e-09	55.1
WP_011013639.1	WP_011013639.1	100.000	618	0.0	1264
WP_011013639.1	WP_011015601.1	23.013	239	3.23e-09	55.1
WP_011013639.1	WP_011015147.1	24.034	233	1.10e-07	49.7
WP_011013640.1	WP_011013640.1	100.000	283	0.0	570
WP_011013640.1	WP_011014141.1	34.842	221	9.95e-25	96.7
WP_011013640.1	WP_011014493.1	29.225	284	1.34e-18	80.1
WP_011013641.1	WP_011013641.1	100.000	91	1.16e-62	181
WP_011013642.1	WP_011013642.1	100.000	350	0.0	706
WP_011013642.1	WP_011015140.1	46.218	238	8.53e-70	219
WP_011013642.1	WP_011013851.1	46.552	232	1.13e-63	202
WP_011013642.1	WP_011014327.1	38.019	313	1.18e-61	199
WP_011013642.1	WP_003854632.1	35.581	267	1.23e-45	156
WP_011013642.1	WP_011013479.1	35.865	237	7.72e-44	150
WP_011013642.1	WP_003857431.1	34.599	237	8.70e-36	127
WP_011013642.1	WP_011013931.1	38.462	221	1.58e-34	123
WP_011013642.1	WP_011015118.1	34.426	244	6.81e-34	127
WP_011013642.1	WP_011015118.1	26.848	257	2.60e-17	79.3
WP_011013642.1	WP_003858089.1	38.806	201	1.95e-32	117
WP_011013642.1	WP_003858826.1	32.035	231	3.44e-32	117
WP_011013642.1	WP_011014212.1	38.693	199	8.67e-32	116
WP_011013642.1	WP_003860245.1	34.579	214	1.22e-31	117
WP_011013642.1	WP_011014379.1	33.036	224	1.50e-29	111
WP_011013642.1	WP_003855103.1	31.390	223	2.29e-29	109
WP_011013642.1	WP_011015020.1	32.328	232	2.35e-28	112
WP_011013642.1	WP_011014807.1	33.953	215	2.42e-27	109
WP_011013642.1	WP_011014807.1	30.769	260	6.75e-21	90.1
WP_011013642.1	WP_011015040.1	34.742	213	6.80e-27	107
WP_011013642.1	WP_011015040.1	28.807	243	1.23e-21	92.0
WP_011013642.1	WP_011015284.1	34.177	237	7.82e-27	103
WP_011013642.1	WP_011014850.1	30.380	237	1.30e-26	103
WP_011013642.1	WP_011014450.1	33.333	210	4.28e-26	103
WP_011013642.1	WP_011014374.1	34.804	204	1.13e-25	100
WP_011013642.1	WP_011013783.1	29.902	204	1.29e-24	97.1
WP_011013642.1	WP_003857536.1	29.258	229	1.99e-24	96.3
WP_011013642.1	WP_011014492.1	33.040	227	2.37e-24	96.7
WP_011013642.1	WP_011015221.1	30.980	255	1.08e-23	95.1
WP_011013642.1	WP_011014139.1	35.371	229	1.09e-23	99.0
WP_011013642.1	WP_011014139.1	30.924	249	1.27e-19	87.0
WP_011013642.1	WP_011015345.1	30.208	192	4.39e-22	91.7
WP_011013642.1	WP_011013698.1	30.000	240	4.58e-22	90.5
WP_011013642.1	WP_003856990.1	31.224	237	9.79e-22	89.7
WP_011013642.1	WP_011013996.1	29.528	254	2.02e-21	89.7
WP_011013642.1	WP_011013333.1	31.651	218	3.96e-21	87.8
WP_011013642.1	WP_011013802.1	27.451	255	6.15e-21	87.8
WP_011013642.1	WP_011265940.1	33.333	240	9.20e-21	87.0
WP_011013642.1	WP_011014012.1	29.289	239	1.14e-20	89.7
WP_011013642.1	WP_003856445.1	29.851	268	1.27e-20	86.7
WP_011013642.1	WP_011265986.1	28.033	239	1.34e-20	89.4
WP_011013642.1	WP_003861735.1	27.230	213	1.51e-20	86.7
WP_011013642.1	WP_011013984.1	29.487	234	6.36e-20	84.3
WP_011013642.1	WP_011013985.1	28.788	198	1.17e-19	83.2
WP_011013642.1	WP_011013712.1	29.555	247	2.27e-19	85.5
WP_011013642.1	WP_011013712.1	29.032	217	2.30e-11	61.2
WP_011013642.1	WP_011013338.1	28.627	255	4.65e-19	82.0
WP_011013642.1	WP_011013906.1	25.532	235	1.17e-17	78.2
WP_011013642.1	WP_011013622.1	30.357	224	1.44e-17	78.2
WP_011013642.1	WP_003862124.1	33.014	209	2.53e-17	79.0
WP_011013642.1	WP_003862124.1	31.818	198	7.50e-12	62.4
WP_011013642.1	WP_004567959.1	28.037	214	5.50e-17	77.0
WP_011013642.1	WP_011014785.1	32.000	175	6.64e-16	72.8
WP_011013642.1	WP_011013331.1	28.634	227	6.94e-16	72.4
WP_011013642.1	WP_011014011.1	27.039	233	8.78e-16	74.7
WP_011013642.1	WP_011015261.1	32.174	230	8.96e-16	72.4
WP_011013642.1	WP_011013807.1	29.487	234	2.49e-15	71.6
WP_011013642.1	WP_011014233.1	27.982	218	4.72e-15	72.4
WP_011013642.1	WP_011014233.1	25.743	202	1.12e-13	68.2
WP_011013642.1	WP_011014424.1	28.033	239	1.80e-14	70.9
WP_011013642.1	WP_011014362.1	28.261	230	1.99e-14	70.5
WP_011013642.1	WP_011265658.1	29.954	217	3.21e-14	70.1
WP_011013642.1	WP_011013968.1	31.390	223	6.13e-14	69.3
WP_011013642.1	WP_011013968.1	30.570	193	9.92e-09	53.1
WP_011013642.1	WP_011014351.1	29.004	231	1.39e-13	67.8
WP_011013642.1	WP_011014351.1	28.221	163	6.02e-06	44.3
WP_011013642.1	WP_011015133.1	29.381	194	2.81e-12	63.9
WP_011013642.1	WP_011013466.1	26.087	207	3.14e-12	62.4
WP_011013642.1	WP_011265869.1	28.302	212	3.14e-11	60.8
WP_011013642.1	WP_011014865.1	33.140	172	2.91e-10	57.8
WP_011013642.1	WP_011014443.1	28.646	192	1.71e-09	55.5
WP_011013642.1	WP_011014443.1	27.602	221	8.60e-08	50.1
WP_011013642.1	WP_011014089.1	29.167	192	8.87e-09	53.1
WP_011013642.1	WP_011266014.1	30.935	139	9.46e-09	52.8
WP_011013642.1	WP_011014910.1	28.571	196	9.55e-09	53.1
WP_011013642.1	WP_011014910.1	27.826	230	2.91e-08	51.6
WP_011013642.1	WP_003856078.1	29.091	165	2.77e-08	50.4
WP_011013642.1	WP_011265694.1	29.480	173	4.70e-08	50.8
WP_011013642.1	WP_011014540.1	25.118	211	4.90e-08	49.3
WP_011013642.1	WP_020948580.1	45.902	61	3.77e-07	48.1
WP_011013642.1	WP_011014000.1	43.243	74	9.56e-07	46.6
WP_011013642.1	WP_011265741.1	45.455	55	6.27e-06	44.3
WP_011013644.1	WP_011013644.1	100.000	359	0.0	716
WP_011013645.1	WP_011013645.1	100.000	598	0.0	1201
WP_011013645.1	WP_011014811.1	28.302	265	9.85e-16	73.9
WP_011013646.1	WP_011013646.1	100.000	339	0.0	692
WP_011013647.1	WP_011013647.1	100.000	170	1.07e-123	342
WP_011013648.1	WP_011013648.1	100.000	878	0.0	1773
WP_011013648.1	WP_011013619.1	27.825	823	3.44e-71	246
WP_011013648.1	WP_011015526.1	25.112	669	1.72e-31	128
WP_011013648.1	WP_011015537.1	27.767	515	2.29e-28	117
WP_011013648.1	WP_011014176.1	28.824	510	6.27e-27	113
WP_011013648.1	WP_011013685.1	25.595	504	8.97e-25	106
WP_011013650.1	WP_011013650.1	100.000	448	0.0	877
WP_011013652.1	WP_011013652.1	100.000	268	0.0	516
WP_011013653.1	WP_011013653.1	100.000	541	0.0	1117
WP_011013654.1	WP_011013654.1	100.000	267	0.0	557
WP_011013655.1	WP_011013655.1	100.000	157	7.00e-113	313
WP_011013655.1	WP_003855793.1	38.562	153	1.66e-20	79.3
WP_011013656.1	WP_011013656.1	100.000	119	1.33e-86	244
WP_011013656.1	WP_011265756.1	32.222	90	1.90e-12	56.2
WP_011013656.1	WP_011013515.1	30.263	76	2.80e-10	50.4
WP_011013657.1	WP_011013657.1	100.000	100	1.35e-69	199
WP_011013659.1	WP_011013659.1	100.000	298	0.0	584
WP_011013660.1	WP_011013660.1	100.000	376	0.0	754
WP_011013660.1	WP_003855494.1	27.762	353	3.22e-21	91.7
WP_011013660.1	WP_011013532.1	26.571	350	1.79e-20	89.4
WP_011013660.1	WP_003859440.1	24.165	389	6.84e-14	69.3
WP_011013660.1	WP_011265702.1	24.105	419	3.84e-11	60.8
WP_011013661.1	WP_011013661.1	100.000	520	0.0	1051
WP_011013661.1	WP_011013683.1	27.848	395	1.67e-18	84.3
WP_011013661.1	WP_011015386.1	24.595	370	3.38e-15	74.3
WP_011013661.1	WP_011015295.1	26.107	429	1.40e-11	62.8
WP_011013661.1	WP_011013348.1	25.634	355	2.86e-11	62.0
WP_011013661.1	WP_011013433.1	23.659	410	7.24e-09	54.3
WP_011013662.1	WP_011013662.1	100.000	294	0.0	602
WP_011013662.1	WP_011015253.1	35.227	176	3.95e-26	100
WP_011013662.1	WP_011014757.1	30.400	250	1.94e-23	94.4
WP_011013662.1	WP_003855552.1	26.820	261	1.02e-14	69.3
WP_011013662.1	WP_011015499.1	26.510	298	1.02e-14	69.7
WP_011013662.1	WP_011013318.1	27.604	192	1.82e-13	65.9
WP_011013662.1	WP_011013484.1	43.077	65	3.01e-06	43.9
WP_011013663.1	WP_011013663.1	100.000	250	0.0	503
WP_011013664.1	WP_011013664.1	100.000	139	1.29e-102	286
WP_011013667.1	WP_011013667.1	100.000	93	1.97e-65	188
WP_011013669.1	WP_011013669.1	100.000	338	0.0	671
WP_011013669.1	WP_011015092.1	29.381	194	2.40e-07	48.1
WP_011013670.1	WP_011013670.1	100.000	543	0.0	1084
WP_011013671.1	WP_011013671.1	100.000	147	3.02e-107	298
WP_011013672.1	WP_011013672.1	100.000	407	0.0	830
WP_011013672.1	WP_011013628.1	26.603	312	9.88e-12	62.4
WP_011013672.1	WP_011014943.1	24.377	361	4.71e-10	57.0
WP_011013672.1	WP_101677576.1	24.542	273	2.23e-08	52.0
WP_011013672.1	WP_011265689.1	23.288	219	7.28e-07	47.4
WP_011013672.1	WP_011015443.1	25.616	203	1.92e-06	45.8
WP_011013672.1	WP_003859886.1	21.558	385	5.47e-06	44.3
WP_011013673.1	WP_011013673.1	100.000	453	0.0	895
WP_011013673.1	WP_011014160.1	40.816	392	3.07e-92	284
WP_011013673.1	WP_011014125.1	33.249	394	6.36e-65	213
WP_011013674.1	WP_011013674.1	100.000	230	5.20e-175	476
WP_011013674.1	WP_011014302.1	43.434	99	2.94e-15	69.3
WP_011013674.1	WP_011015241.1	26.946	167	1.56e-06	44.3
WP_011013675.1	WP_011013675.1	100.000	424	0.0	872
WP_011013676.1	WP_011013676.1	100.000	350	0.0	707
WP_011013676.1	WP_011265892.1	30.275	327	2.88e-26	104
WP_011013676.1	WP_306556813.1	23.221	267	3.83e-11	59.7
WP_011013677.1	WP_011013677.1	100.000	111	2.40e-76	217
WP_011013678.1	WP_011013678.1	100.000	318	0.0	632
WP_011013679.1	WP_011013679.1	100.000	145	3.96e-105	293
WP_011013680.1	WP_011013680.1	100.000	236	1.15e-173	473
WP_011013681.1	WP_011013681.1	100.000	504	0.0	1018
WP_011013682.1	WP_011013682.1	100.000	448	0.0	898
WP_011013682.1	WP_011014334.1	33.995	403	3.48e-54	182
WP_011013682.1	WP_011015122.1	32.250	400	1.36e-42	152
WP_011013682.1	WP_011015243.1	27.397	438	2.21e-31	121
WP_011013682.1	WP_011265562.1	26.374	364	3.50e-24	100
WP_011013683.1	WP_011013683.1	100.000	453	0.0	911
WP_011013683.1	WP_011013348.1	48.584	459	1.45e-141	411
WP_011013683.1	WP_011013720.1	33.978	465	1.56e-70	228
WP_011013683.1	WP_011015326.1	32.900	462	2.73e-62	207
WP_011013683.1	WP_011015386.1	32.949	434	9.63e-60	200
WP_011013683.1	WP_011015295.1	31.957	460	1.26e-57	194
WP_011013683.1	WP_011013433.1	29.958	474	1.72e-50	175
WP_011013683.1	WP_172820765.1	25.062	403	2.08e-19	87.8
WP_011013683.1	WP_011013661.1	27.848	395	1.45e-18	84.3
WP_011013684.1	WP_011013684.1	100.000	415	0.0	807
WP_011013685.1	WP_011013685.1	100.000	650	0.0	1292
WP_011013685.1	WP_011015537.1	31.353	606	1.79e-65	223
WP_011013685.1	WP_011014176.1	32.699	578	7.98e-65	221
WP_011013685.1	WP_011013619.1	30.254	552	7.31e-53	191
WP_011013685.1	WP_011015526.1	28.458	629	2.88e-37	144
WP_011013685.1	WP_011013648.1	25.545	505	5.88e-25	106
WP_011013685.1	WP_011014439.1	33.621	116	8.32e-08	52.0
WP_011013686.1	WP_011013686.1	100.000	471	0.0	959
WP_011013686.1	WP_011013773.1	27.757	263	4.52e-06	45.4
WP_011013687.1	WP_011013687.1	100.000	201	4.32e-145	398
WP_011013688.1	WP_011013688.1	100.000	171	2.37e-120	333
WP_011013691.1	WP_011013691.1	100.000	1333	0.0	2734
WP_011013692.1	WP_011013692.1	100.000	260	0.0	534
WP_011013692.1	WP_011014300.1	40.000	265	2.82e-55	177
WP_011013693.1	WP_011013693.1	100.000	231	4.67e-175	476
WP_011013694.1	WP_011013694.1	100.000	709	0.0	1452
WP_011013694.1	WP_011013982.1	25.486	514	2.97e-35	137
WP_011013694.1	WP_011015054.1	35.897	156	1.45e-19	89.4
WP_011013694.1	WP_011015054.1	23.009	226	7.48e-10	58.5
WP_011013694.1	WP_011014121.1	40.441	136	1.86e-19	89.4
WP_011013694.1	WP_011014121.1	26.316	190	8.74e-12	64.7
WP_011013694.1	WP_011014802.1	32.283	127	4.13e-09	56.2
WP_011013694.1	WP_011013696.1	33.077	130	4.96e-06	45.8
WP_011013696.1	WP_011013696.1	100.000	396	0.0	810
WP_011013696.1	WP_003862775.1	27.389	314	2.13e-22	94.7
WP_011013696.1	WP_011014121.1	28.315	279	4.01e-16	76.6
WP_011013696.1	WP_011014802.1	32.927	246	6.84e-14	69.7
WP_011013696.1	WP_011015054.1	29.084	251	3.54e-10	58.2
WP_011013696.1	WP_011013694.1	31.343	134	5.66e-10	57.4
WP_011013696.1	WP_011013982.1	28.846	156	8.29e-09	53.5
WP_011013698.1	WP_011013698.1	100.000	264	0.0	542
WP_011013698.1	WP_011013802.1	55.212	259	4.01e-98	285
WP_011013698.1	WP_011013338.1	49.412	255	5.67e-91	266
WP_011013698.1	WP_011013807.1	37.500	256	5.25e-54	172
WP_011013698.1	WP_011013906.1	38.462	234	1.48e-52	168
WP_011013698.1	WP_011014492.1	37.885	227	5.04e-48	156
WP_011013698.1	WP_003856445.1	37.295	244	1.54e-45	150
WP_011013698.1	WP_011013622.1	36.555	238	1.28e-42	143
WP_011013698.1	WP_011265940.1	26.891	238	1.29e-25	98.6
WP_011013698.1	WP_011013479.1	30.870	230	1.60e-24	96.3
WP_011013698.1	WP_003858826.1	30.380	237	2.92e-24	94.7
WP_011013698.1	WP_003860245.1	36.364	209	6.10e-24	94.4
WP_011013698.1	WP_011013851.1	29.150	247	6.27e-24	95.1
WP_011013698.1	WP_011015140.1	28.049	246	6.56e-24	95.9
WP_011013698.1	WP_003857431.1	28.972	214	3.47e-23	91.7
WP_011013698.1	WP_011014450.1	27.632	228	1.24e-22	91.7
WP_011013698.1	WP_011013642.1	30.000	240	3.45e-22	90.5
WP_011013698.1	WP_011013331.1	32.093	215	2.74e-21	85.9
WP_011013698.1	WP_003861735.1	26.471	238	7.52e-21	85.9
WP_011013698.1	WP_003854632.1	28.571	245	1.90e-20	85.9
WP_011013698.1	WP_011265986.1	29.020	255	2.06e-20	87.0
WP_011013698.1	WP_011013931.1	31.858	226	1.37e-19	81.3
WP_011013698.1	WP_011014807.1	31.278	227	2.00e-19	84.0
WP_011013698.1	WP_011014807.1	31.250	224	1.92e-18	80.9
WP_011013698.1	WP_011014379.1	28.049	246	2.81e-19	81.3
WP_011013698.1	WP_003858089.1	29.858	211	3.09e-19	80.5
WP_011013698.1	WP_011015221.1	28.112	249	7.53e-19	80.1
WP_011013698.1	WP_011014374.1	30.045	223	1.55e-18	79.0
WP_011013698.1	WP_011014327.1	28.821	229	2.27e-18	80.5
WP_011013698.1	WP_011014139.1	29.060	234	2.44e-18	80.9
WP_011013698.1	WP_011015040.1	33.333	201	7.60e-18	79.0
WP_011013698.1	WP_011015040.1	26.549	226	8.80e-17	75.9
WP_011013698.1	WP_011013984.1	27.426	237	3.71e-17	75.1
WP_011013698.1	WP_011014233.1	26.432	227	8.58e-17	76.3
WP_011013698.1	WP_011014233.1	22.072	222	2.62e-09	53.5
WP_011013698.1	WP_011015284.1	27.523	218	1.14e-16	74.3
WP_011013698.1	WP_011014850.1	26.754	228	1.31e-16	74.3
WP_011013698.1	WP_011015261.1	28.829	222	3.83e-16	72.0
WP_011013698.1	WP_011013783.1	28.879	232	4.59e-16	72.0
WP_011013698.1	WP_011014212.1	29.032	217	5.06e-16	72.0
WP_011013698.1	WP_011013996.1	26.991	226	5.23e-16	72.8
WP_011013698.1	WP_011015118.1	29.091	220	7.02e-16	73.6
WP_011013698.1	WP_011015118.1	28.571	210	1.15e-13	67.0
WP_011013698.1	WP_003856990.1	28.972	214	8.98e-16	71.6
WP_011013698.1	WP_011014216.1	28.837	215	1.72e-15	71.2
WP_011013698.1	WP_004567959.1	23.256	215	2.11e-15	70.9
WP_011013698.1	WP_011014012.1	28.205	234	2.34e-15	72.0
WP_011013698.1	WP_003855103.1	29.000	200	2.84e-15	69.7
WP_011013698.1	WP_011015020.1	25.664	226	5.03e-15	70.9
WP_011013698.1	WP_011013712.1	28.395	243	7.31e-15	70.5
WP_011013698.1	WP_011013712.1	26.337	243	7.38e-15	70.5
WP_011013698.1	WP_003857536.1	30.973	226	2.39e-14	67.0
WP_011013698.1	WP_011013985.1	27.074	229	6.17e-14	65.9
WP_011013698.1	WP_011013333.1	24.348	230	9.52e-14	65.9
WP_011013698.1	WP_011015133.1	26.991	226	1.02e-13	67.0
WP_011013698.1	WP_011015133.1	23.457	243	2.50e-07	47.8
WP_011013698.1	WP_011014351.1	29.258	229	1.12e-13	67.0
WP_011013698.1	WP_011014351.1	31.515	165	2.53e-07	47.8
WP_011013698.1	WP_011015345.1	26.389	216	1.43e-13	65.9
WP_011013698.1	WP_011014011.1	26.891	238	2.60e-13	65.9
WP_011013698.1	WP_011014910.1	29.146	199	1.98e-12	63.2
WP_011013698.1	WP_011014910.1	28.796	191	1.06e-09	55.1
WP_011013698.1	WP_011014785.1	26.872	227	3.37e-12	60.8
WP_011013698.1	WP_011265869.1	27.948	229	3.98e-12	62.4
WP_011013698.1	WP_003862124.1	30.348	201	4.17e-12	62.0
WP_011013698.1	WP_003862124.1	27.232	224	1.33e-06	45.4
WP_011013698.1	WP_011014424.1	26.724	232	1.01e-11	61.2
WP_011013698.1	WP_003862692.1	44.643	56	4.64e-11	53.9
WP_011013698.1	WP_011265658.1	26.724	232	6.25e-11	58.5
WP_011013698.1	WP_011014540.1	26.344	186	6.58e-11	57.0
WP_011013698.1	WP_011014362.1	25.105	239	1.72e-10	57.4
WP_011013698.1	WP_011014110.1	25.899	278	1.80e-10	57.4
WP_011013698.1	WP_003856078.1	27.679	224	2.43e-10	55.8
WP_011013698.1	WP_011014443.1	25.234	214	4.35e-10	56.2
WP_011013698.1	WP_011014443.1	26.794	209	1.77e-06	45.1
WP_011013698.1	WP_011013968.1	27.907	215	9.41e-09	52.0
WP_011013698.1	WP_011013968.1	23.000	200	5.50e-07	46.6
WP_011013698.1	WP_011013466.1	25.000	224	2.08e-08	50.4
WP_011013698.1	WP_011014154.1	31.579	209	2.94e-06	44.3
WP_011013698.1	WP_011265694.1	28.718	195	3.14e-06	44.3
WP_011013698.1	WP_011014319.1	32.292	96	4.74e-06	43.9
WP_011013698.1	WP_020948580.1	38.372	86	6.21e-06	43.5
WP_011013699.1	WP_011013699.1	100.000	388	0.0	761
WP_011013699.1	WP_011013337.1	40.062	322	1.87e-55	182
WP_011013699.1	WP_011013803.1	33.721	344	7.91e-43	149
WP_011013699.1	WP_003859752.1	29.296	355	1.40e-33	125
WP_011013699.1	WP_172820752.1	30.743	296	3.64e-25	101
WP_011013699.1	WP_011013700.1	27.707	314	1.27e-21	91.7
WP_011013699.1	WP_011014490.1	29.603	277	3.00e-19	84.7
WP_011013699.1	WP_003858297.1	29.861	288	4.93e-18	80.9
WP_011013699.1	WP_011013804.1	30.061	326	1.72e-17	79.3
WP_011013700.1	WP_011013700.1	100.000	348	0.0	659
WP_011013700.1	WP_011013804.1	42.249	329	1.05e-62	199
WP_011013700.1	WP_003859752.1	35.574	357	1.03e-54	180
WP_011013700.1	WP_011014490.1	36.740	362	1.93e-53	176
WP_011013700.1	WP_172820752.1	33.645	321	2.57e-41	144
WP_011013700.1	WP_003858297.1	37.075	294	2.22e-31	117
WP_011013700.1	WP_011013803.1	31.214	346	3.82e-23	95.1
WP_011013700.1	WP_011013699.1	27.707	314	5.27e-20	86.7
WP_011013700.1	WP_011013337.1	30.449	312	7.38e-20	85.5
WP_011013700.1	WP_003863480.1	25.153	326	1.55e-18	81.6
WP_011013700.1	WP_003863478.1	25.090	279	4.10e-07	47.8
WP_011013702.1	WP_011013702.1	100.000	89	1.74e-59	173
WP_011013703.1	WP_011013703.1	100.000	232	8.00e-174	474
WP_011013704.1	WP_011013704.1	100.000	324	0.0	672
WP_011013704.1	WP_003858702.1	67.500	320	2.72e-152	427
WP_011013705.1	WP_011013705.1	100.000	269	0.0	542
WP_011013705.1	WP_011265932.1	39.764	254	7.20e-59	186
WP_011013705.1	WP_011014301.1	35.271	258	6.61e-47	155
WP_011013705.1	WP_011014076.1	34.137	249	1.90e-45	150
WP_011013705.1	WP_011014239.1	31.169	154	5.80e-08	49.3
WP_011013706.1	WP_011013706.1	100.000	164	4.74e-123	340
WP_011013707.1	WP_011013707.1	100.000	305	0.0	627
WP_011013708.1	WP_011013708.1	100.000	102	1.17e-74	212
WP_011013710.1	WP_011013710.1	100.000	209	8.45e-151	414
WP_011013711.1	WP_011013711.1	100.000	268	0.0	522
WP_011013712.1	WP_011013712.1	100.000	569	0.0	1150
WP_011013712.1	WP_003862124.1	28.931	477	4.08e-42	154
WP_011013712.1	WP_003862124.1	31.282	195	4.96e-12	64.3
WP_011013712.1	WP_003862124.1	24.651	215	2.60e-07	49.7
WP_011013712.1	WP_011014807.1	25.730	548	5.22e-28	114
WP_011013712.1	WP_011014807.1	27.820	266	1.40e-16	79.3
WP_011013712.1	WP_011014807.1	29.185	233	9.98e-15	73.6
WP_011013712.1	WP_003858826.1	28.390	236	9.12e-26	103
WP_011013712.1	WP_003858826.1	31.111	225	1.22e-20	88.2
WP_011013712.1	WP_011015118.1	26.594	549	5.22e-25	105
WP_011013712.1	WP_003854632.1	29.362	235	2.90e-24	100
WP_011013712.1	WP_003854632.1	28.054	221	8.69e-15	72.4
WP_011013712.1	WP_003858089.1	30.732	205	9.44e-22	90.9
WP_011013712.1	WP_003858089.1	24.171	211	1.90e-09	54.7
WP_011013712.1	WP_011015140.1	29.119	261	2.65e-20	89.4
WP_011013712.1	WP_011015140.1	25.214	234	8.92e-08	50.8
WP_011013712.1	WP_003856445.1	30.252	238	6.34e-20	86.3
WP_011013712.1	WP_003856445.1	29.148	223	2.94e-18	81.6
WP_011013712.1	WP_011013642.1	29.555	247	3.69e-19	85.5
WP_011013712.1	WP_011013642.1	29.032	217	3.74e-11	61.2
WP_011013712.1	WP_011015040.1	22.044	499	3.88e-19	86.7
WP_011013712.1	WP_011015040.1	28.986	207	1.86e-14	72.4
WP_011013712.1	WP_011015040.1	27.074	229	3.86e-11	61.6
WP_011013712.1	WP_011015284.1	31.963	219	5.96e-19	83.6
WP_011013712.1	WP_011015284.1	27.876	226	1.35e-13	67.8
WP_011013712.1	WP_011013851.1	29.825	228	1.41e-18	83.6
WP_011013712.1	WP_011013851.1	26.104	249	1.42e-10	59.3
WP_011013712.1	WP_011014379.1	27.444	266	1.63e-18	82.4
WP_011013712.1	WP_011014379.1	25.630	238	3.09e-10	57.8
WP_011013712.1	WP_011014233.1	24.427	524	2.08e-18	84.7
WP_011013712.1	WP_011014233.1	21.277	235	2.94e-08	52.8
WP_011013712.1	WP_011014850.1	29.630	243	3.45e-18	81.6
WP_011013712.1	WP_011014850.1	25.941	239	2.58e-12	64.3
WP_011013712.1	WP_011015020.1	29.231	260	4.11e-18	84.3
WP_011013712.1	WP_011266014.1	25.424	413	4.84e-18	82.0
WP_011013712.1	WP_003856990.1	28.821	229	1.06e-17	79.7
WP_011013712.1	WP_003856990.1	24.554	224	5.58e-09	53.9
WP_011013712.1	WP_011013479.1	28.464	267	1.07e-17	80.5
WP_011013712.1	WP_003857431.1	27.149	221	1.22e-17	79.3
WP_011013712.1	WP_003857431.1	29.870	231	1.06e-15	73.6
WP_011013712.1	WP_011265986.1	28.279	244	1.34e-17	82.8
WP_011013712.1	WP_011265986.1	26.809	235	1.35e-16	79.3
WP_011013712.1	WP_011014327.1	29.648	199	2.66e-17	80.5
WP_011013712.1	WP_011014327.1	28.922	204	5.95e-08	51.6
WP_011013712.1	WP_011013802.1	27.049	244	5.93e-17	77.8
WP_011013712.1	WP_011013802.1	27.426	237	3.78e-14	69.3
WP_011013712.1	WP_003860245.1	33.636	220	5.93e-17	77.8
WP_011013712.1	WP_003860245.1	29.386	228	2.28e-15	73.2
WP_011013712.1	WP_011014450.1	26.667	225	1.12e-16	78.2
WP_011013712.1	WP_011014450.1	27.386	241	1.40e-15	74.7
WP_011013712.1	WP_011013996.1	26.609	233	1.64e-16	77.0
WP_011013712.1	WP_011013996.1	23.047	256	1.36e-10	58.9
WP_011013712.1	WP_011013807.1	30.213	235	1.85e-16	76.3
WP_011013712.1	WP_011013807.1	26.772	254	9.49e-11	58.9
WP_011013712.1	WP_011013783.1	30.870	230	6.37e-16	73.9
WP_011013712.1	WP_011013783.1	30.286	175	8.59e-13	64.7
WP_011013712.1	WP_003855103.1	33.171	205	9.83e-16	73.2
WP_011013712.1	WP_003855103.1	25.333	225	4.00e-10	56.6
WP_011013712.1	WP_003857536.1	28.095	210	5.08e-15	71.2
WP_011013712.1	WP_011013698.1	28.395	243	1.58e-14	70.5
WP_011013712.1	WP_011013698.1	26.337	243	1.59e-14	70.5
WP_011013712.1	WP_011013906.1	27.111	225	2.06e-14	69.7
WP_011013712.1	WP_011013906.1	25.114	219	4.02e-09	53.9
WP_011013712.1	WP_011013333.1	33.019	212	2.35e-14	69.7
WP_011013712.1	WP_011013333.1	25.000	220	5.01e-11	59.7
WP_011013712.1	WP_011014212.1	28.807	243	4.67e-14	68.6
WP_011013712.1	WP_011014212.1	24.664	223	2.28e-10	57.8
WP_011013712.1	WP_011014374.1	27.230	213	7.14e-14	68.2
WP_011013712.1	WP_011014374.1	29.680	219	7.88e-13	65.1
WP_011013712.1	WP_011013968.1	28.139	231	7.62e-14	70.5
WP_011013712.1	WP_011013968.1	24.494	494	1.40e-09	57.0
WP_011013712.1	WP_011013622.1	30.882	204	2.93e-13	66.6
WP_011013712.1	WP_011013622.1	27.434	226	6.74e-13	65.9
WP_011013712.1	WP_004567959.1	30.256	195	4.94e-13	66.6
WP_011013712.1	WP_004567959.1	26.126	222	6.14e-12	63.2
WP_011013712.1	WP_011015261.1	32.127	221	5.33e-13	65.1
WP_011013712.1	WP_011015261.1	29.231	195	1.99e-09	54.7
WP_011013712.1	WP_011265940.1	29.630	243	1.16e-12	64.7
WP_011013712.1	WP_011265940.1	23.744	219	6.67e-08	50.4
WP_011013712.1	WP_011013931.1	30.000	220	1.28e-12	63.9
WP_011013712.1	WP_011013931.1	30.688	189	2.92e-12	62.8
WP_011013712.1	WP_011013985.1	31.148	183	6.18e-12	62.0
WP_011013712.1	WP_011013985.1	24.091	220	1.88e-10	57.8
WP_011013712.1	WP_011013338.1	26.293	232	7.14e-12	62.4
WP_011013712.1	WP_011013338.1	25.676	222	2.71e-09	54.7
WP_011013712.1	WP_011013466.1	32.121	165	7.68e-12	62.4
WP_011013712.1	WP_011014492.1	28.511	235	9.76e-12	62.0
WP_011013712.1	WP_011014492.1	23.967	242	5.66e-10	56.6
WP_011013712.1	WP_011014216.1	30.047	213	1.13e-11	62.4
WP_011013712.1	WP_011014216.1	26.087	253	1.49e-09	55.8
WP_011013712.1	WP_003861735.1	27.876	226	1.34e-11	62.0
WP_011013712.1	WP_003861735.1	21.801	211	9.51e-07	47.0
WP_011013712.1	WP_011014351.1	23.985	542	2.36e-11	62.4
WP_011013712.1	WP_011014910.1	30.208	192	2.63e-11	62.4
WP_011013712.1	WP_011014910.1	25.221	226	7.15e-06	45.1
WP_011013712.1	WP_011014139.1	25.306	245	3.77e-11	62.4
WP_011013712.1	WP_011014139.1	25.909	220	9.36e-08	51.6
WP_011013712.1	WP_011014139.1	27.193	228	4.88e-07	49.3
WP_011013712.1	WP_011014139.1	34.066	91	5.69e-07	48.9
WP_011013712.1	WP_011013984.1	26.407	231	1.41e-10	58.2
WP_011013712.1	WP_011013984.1	25.974	231	2.38e-10	57.8
WP_011013712.1	WP_011014012.1	32.143	168	1.61e-09	56.6
WP_011013712.1	WP_011014012.1	23.451	226	2.52e-08	53.1
WP_011013712.1	WP_011015345.1	26.866	201	1.78e-09	55.8
WP_011013712.1	WP_011015345.1	23.246	228	9.96e-08	50.4
WP_011013712.1	WP_011014785.1	30.460	174	2.61e-09	54.3
WP_011013712.1	WP_011014540.1	23.370	184	8.86e-09	52.4
WP_011013712.1	WP_011015221.1	23.013	239	4.66e-08	50.8
WP_011013712.1	WP_011015221.1	26.230	244	1.35e-07	49.3
WP_011013712.1	WP_003856078.1	29.091	220	5.03e-08	50.8
WP_011013712.1	WP_011014443.1	30.247	162	6.11e-08	51.6
WP_011013712.1	WP_011014443.1	25.000	208	3.02e-06	46.2
WP_011013712.1	WP_011014011.1	22.727	242	6.58e-08	51.6
WP_011013712.1	WP_011014011.1	25.778	225	1.27e-07	50.8
WP_011013712.1	WP_011015133.1	23.846	520	1.70e-07	50.4
WP_011013712.1	WP_011014362.1	26.957	230	2.80e-07	49.7
WP_011013712.1	WP_011014424.1	23.967	242	3.81e-07	49.3
WP_011013712.1	WP_011013331.1	26.203	187	5.60e-07	47.4
WP_011013712.1	WP_011014110.1	35.484	93	8.63e-07	48.1
WP_011013712.1	WP_011014110.1	32.000	125	1.10e-06	47.8
WP_011013712.1	WP_011265658.1	26.636	214	3.63e-06	46.2
WP_011013713.1	WP_011013713.1	100.000	370	0.0	741
WP_011013714.1	WP_011013714.1	100.000	357	0.0	721
WP_011013715.1	WP_011013715.1	100.000	394	0.0	791
WP_011013717.1	WP_011013717.1	100.000	148	2.57e-105	293
WP_011013719.1	WP_011013719.1	100.000	121	3.60e-82	233
WP_011013719.1	WP_003863600.1	36.170	94	3.73e-13	58.2
WP_011013720.1	WP_011013720.1	100.000	497	0.0	1004
WP_011013720.1	WP_011015386.1	36.515	482	1.60e-77	248
WP_011013720.1	WP_011013348.1	32.704	477	4.68e-74	239
WP_011013720.1	WP_011015295.1	35.062	482	3.31e-72	234
WP_011013720.1	WP_011013683.1	33.978	465	1.71e-70	228
WP_011013720.1	WP_011015326.1	30.947	475	7.69e-60	202
WP_011013720.1	WP_011013433.1	28.953	487	4.22e-54	186
WP_011013720.1	WP_172820765.1	27.021	470	1.13e-28	117
WP_011013721.1	WP_011013721.1	100.000	422	0.0	852
WP_011013721.1	WP_011015323.1	36.528	386	1.49e-74	235
WP_011013721.1	WP_011014816.1	30.964	197	1.66e-06	46.2
WP_011013722.1	WP_011013722.1	100.000	106	2.46e-77	219
WP_011013723.1	WP_011013723.1	100.000	248	0.0	493
WP_011013723.1	WP_011014905.1	32.245	245	2.91e-25	97.8
WP_011013723.1	WP_011013534.1	30.952	252	3.49e-25	97.8
WP_011013723.1	WP_011013843.1	30.315	254	2.28e-24	94.7
WP_011013723.1	WP_011015298.1	32.046	259	3.69e-23	91.3
WP_011013723.1	WP_011015096.1	28.958	259	1.56e-16	73.6
WP_011013723.1	WP_011015594.1	26.360	239	4.49e-12	60.8
WP_011013723.1	WP_003856628.1	27.368	190	3.24e-07	46.6
WP_011013723.1	WP_011015148.1	28.495	186	4.13e-07	46.2
WP_011013723.1	WP_011015125.1	29.333	150	2.66e-06	43.5
WP_011013724.1	WP_011013724.1	100.000	633	0.0	1310
WP_011013724.1	WP_374057885.1	33.333	93	3.39e-06	46.2
WP_011013725.1	WP_011013725.1	100.000	364	0.0	750
WP_011013726.1	WP_011013726.1	100.000	428	0.0	897
WP_011013727.1	WP_011013727.1	100.000	268	0.0	540
WP_011013727.1	WP_011014280.1	26.636	214	2.20e-16	72.8
WP_011013727.1	WP_011015270.1	29.843	191	9.37e-15	68.2
WP_011013727.1	WP_011266064.1	27.830	212	3.48e-12	62.4
WP_011013727.1	WP_011015087.1	21.226	212	5.93e-07	45.8
WP_011013728.1	WP_011013728.1	100.000	264	0.0	534
WP_011013728.1	WP_020948601.1	34.016	244	5.31e-44	147
WP_011013728.1	WP_011014485.1	28.736	174	3.68e-08	50.1
WP_011013728.1	WP_011014398.1	28.662	157	3.46e-07	47.0
WP_011013729.1	WP_011013729.1	100.000	249	0.0	504
WP_011013730.1	WP_011013730.1	100.000	201	3.60e-150	411
WP_011013731.1	WP_011013731.1	100.000	338	0.0	675
WP_011013732.1	WP_011013732.1	100.000	163	1.16e-115	321
WP_011013733.1	WP_011013733.1	100.000	799	0.0	1602
WP_011013734.1	WP_011013734.1	100.000	152	3.45e-113	314
WP_011013735.1	WP_011013735.1	100.000	101	2.13e-72	206
WP_011013736.1	WP_011013736.1	100.000	419	0.0	838
WP_011013737.1	WP_011013737.1	100.000	515	0.0	1054
WP_011013737.1	WP_003863441.1	28.472	144	6.55e-08	51.2
WP_011013738.1	WP_011013738.1	100.000	435	0.0	909
WP_011013739.1	WP_011013739.1	100.000	414	0.0	826
WP_011013740.1	WP_011013740.1	100.000	460	0.0	880
WP_011013742.1	WP_011013742.1	100.000	300	0.0	612
WP_011013743.1	WP_011013743.1	100.000	108	1.97e-75	215
WP_011013744.1	WP_011013744.1	100.000	447	0.0	888
WP_011013744.1	WP_003863574.1	26.201	458	9.87e-35	131
WP_011013744.1	WP_003858287.1	25.225	444	5.02e-16	76.6
WP_011013744.1	WP_011015199.1	24.700	417	1.34e-08	53.1
WP_011013745.1	WP_011013745.1	100.000	503	0.0	998
WP_011013747.1	WP_011013747.1	100.000	285	0.0	583
WP_011013748.1	WP_011013748.1	100.000	361	0.0	745
WP_011013749.1	WP_011013749.1	100.000	533	0.0	1043
WP_011013749.1	WP_003859640.1	40.074	544	4.75e-128	381
WP_011013750.1	WP_011013750.1	100.000	427	0.0	871
WP_011013751.1	WP_011013751.1	100.000	225	1.41e-166	455
WP_011013752.1	WP_011013752.1	100.000	344	0.0	689
WP_011013752.1	WP_011013751.1	30.370	135	6.33e-06	43.1
WP_011013753.1	WP_011013753.1	100.000	574	0.0	1150
WP_011013754.1	WP_011013754.1	100.000	538	0.0	1063
WP_011013754.1	WP_003862917.1	55.844	539	0.0	567
WP_011013755.1	WP_011013755.1	100.000	188	4.64e-138	379
WP_011013755.1	WP_003855001.1	31.915	141	2.13e-11	57.0
WP_011013756.1	WP_011013756.1	100.000	342	0.0	676
WP_011013757.1	WP_011013757.1	100.000	506	0.0	1027
WP_011013757.1	WP_011015302.1	32.640	481	1.46e-71	232
WP_011013757.1	WP_011014260.1	32.117	137	2.03e-11	62.8
WP_011013757.1	WP_011013758.1	56.098	41	7.60e-06	44.3
WP_011013758.1	WP_011013758.1	100.000	374	0.0	758
WP_011013758.1	WP_011013757.1	32.192	146	2.05e-06	45.8
WP_011013759.1	WP_011013759.1	100.000	301	0.0	584
WP_011013759.1	WP_011014913.1	32.734	278	2.55e-24	96.3
WP_011013760.1	WP_011013760.1	100.000	303	0.0	610
WP_011013760.1	WP_011015499.1	25.000	296	9.48e-16	72.8
WP_011013760.1	WP_011015253.1	26.360	239	3.79e-14	67.0
WP_011013760.1	WP_011014757.1	27.165	254	2.22e-08	50.8
WP_011013760.1	WP_003855552.1	26.490	151	9.67e-07	45.8
WP_011013760.1	WP_011014859.1	24.390	287	4.04e-06	43.9
WP_011013761.1	WP_011013761.1	100.000	523	0.0	1052
WP_011013761.1	WP_011265665.1	25.000	184	1.68e-08	53.5
WP_011013761.1	WP_003855176.1	28.780	205	2.39e-08	50.8
WP_011013761.1	WP_011014478.1	26.425	193	4.40e-08	51.6
WP_011013762.1	WP_011013762.1	100.000	392	0.0	806
WP_011013764.1	WP_011013764.1	100.000	147	2.62e-106	296
WP_011013766.1	WP_011013766.1	100.000	263	0.0	523
WP_011013767.1	WP_011013767.1	100.000	526	0.0	1058
WP_011013769.1	WP_011013769.1	100.000	287	0.0	588
WP_011013770.1	WP_011013770.1	100.000	287	0.0	570
WP_011013771.1	WP_011013771.1	100.000	130	1.07e-93	263
WP_011013772.1	WP_011013772.1	100.000	149	4.54e-110	305
WP_011013773.1	WP_011013773.1	100.000	548	0.0	1122
WP_011013773.1	WP_011013686.1	27.757	263	5.25e-06	45.4
WP_011013774.1	WP_011013774.1	100.000	304	0.0	629
WP_011013774.1	WP_042383442.1	50.183	273	1.16e-83	250
WP_011013775.1	WP_011013775.1	100.000	712	0.0	1396
WP_011013775.1	WP_011015449.1	22.274	642	2.31e-26	111
WP_011013775.1	WP_011013489.1	24.717	530	2.56e-25	108
WP_011013775.1	WP_011013489.1	23.977	342	7.38e-07	48.9
WP_011013775.1	WP_011013977.1	26.012	519	9.61e-21	93.6
WP_011013777.1	WP_011013777.1	100.000	195	5.38e-146	400
WP_011013778.1	WP_011013778.1	100.000	216	1.69e-161	441
WP_011013780.1	WP_011013780.1	100.000	482	0.0	994
WP_011013781.1	WP_011013781.1	100.000	251	0.0	522
WP_011013781.1	WP_003863795.1	34.831	89	6.39e-08	48.5
WP_011013783.1	WP_011013783.1	100.000	239	4.13e-178	485
WP_011013783.1	WP_003860245.1	47.248	218	3.66e-70	213
WP_011013783.1	WP_011013931.1	39.910	223	1.30e-47	154
WP_011013783.1	WP_003855103.1	34.529	223	5.09e-44	144
WP_011013783.1	WP_003854632.1	33.810	210	6.07e-37	129
WP_011013783.1	WP_003857536.1	35.683	227	5.69e-35	121
WP_011013783.1	WP_003858826.1	33.613	238	1.04e-34	121
WP_011013783.1	WP_003858089.1	36.413	184	1.84e-32	115
WP_011013783.1	WP_003857431.1	35.545	211	2.10e-31	112
WP_011013783.1	WP_011015284.1	35.211	213	2.59e-31	113
WP_011013783.1	WP_011014807.1	30.738	244	1.17e-30	115
WP_011013783.1	WP_011014807.1	31.925	213	1.97e-27	106
WP_011013783.1	WP_011013479.1	36.098	205	9.48e-30	109
WP_011013783.1	WP_011015040.1	33.478	230	1.38e-28	108
WP_011013783.1	WP_011015040.1	31.250	208	1.78e-23	94.7
WP_011013783.1	WP_011015118.1	32.189	233	2.53e-28	108
WP_011013783.1	WP_011015118.1	32.143	224	8.50e-24	95.9
WP_011013783.1	WP_011014379.1	35.047	214	2.75e-28	105
WP_011013783.1	WP_011014850.1	30.137	219	1.11e-26	101
WP_011013783.1	WP_011014212.1	31.330	233	1.53e-25	97.1
WP_011013783.1	WP_011265986.1	28.151	238	2.64e-25	100
WP_011013783.1	WP_011013642.1	29.902	204	8.81e-25	97.1
WP_011013783.1	WP_003856990.1	31.222	221	4.17e-24	93.6
WP_011013783.1	WP_011013338.1	33.624	229	8.10e-24	92.8
WP_011013783.1	WP_003856445.1	29.333	225	1.12e-23	92.8
WP_011013783.1	WP_011015140.1	28.141	199	1.87e-23	94.0
WP_011013783.1	WP_011014327.1	30.928	194	1.67e-22	91.7
WP_011013783.1	WP_011013802.1	32.743	226	5.15e-22	88.2
WP_011013783.1	WP_011013851.1	28.986	207	8.36e-22	88.6
WP_011013783.1	WP_011014233.1	28.899	218	2.81e-21	88.6
WP_011013783.1	WP_011014233.1	24.020	204	9.54e-09	51.6
WP_011013783.1	WP_011014374.1	32.124	193	7.88e-21	84.7
WP_011013783.1	WP_011013333.1	31.925	213	1.15e-20	84.3
WP_011013783.1	WP_011013985.1	32.308	195	5.46e-20	82.0
WP_011013783.1	WP_011015221.1	30.734	218	8.04e-20	82.0
WP_011013783.1	WP_011014492.1	32.057	209	4.89e-18	77.0
WP_011013783.1	WP_011014450.1	25.974	231	1.97e-17	76.6
WP_011013783.1	WP_011014139.1	30.986	213	2.21e-17	77.4
WP_011013783.1	WP_011014139.1	26.066	211	7.67e-17	75.9
WP_011013783.1	WP_011013807.1	28.837	215	2.09e-16	72.8
WP_011013783.1	WP_011013712.1	30.870	230	2.68e-16	73.9
WP_011013783.1	WP_011013712.1	30.286	175	3.61e-13	64.7
WP_011013783.1	WP_011013698.1	28.879	232	4.16e-16	72.0
WP_011013783.1	WP_011013331.1	28.384	229	4.57e-16	71.2
WP_011013783.1	WP_011014785.1	30.986	213	1.37e-14	67.4
WP_011013783.1	WP_003862124.1	28.182	220	1.94e-14	68.6
WP_011013783.1	WP_003862124.1	26.339	224	6.79e-10	55.1
WP_011013783.1	WP_011013906.1	26.570	207	3.84e-14	66.2
WP_011013783.1	WP_011015020.1	23.932	234	1.34e-13	66.2
WP_011013783.1	WP_011013968.1	31.579	190	1.53e-13	65.9
WP_011013783.1	WP_011013968.1	28.235	170	1.53e-10	57.0
WP_011013783.1	WP_011013996.1	25.225	222	7.87e-13	63.2
WP_011013783.1	WP_011013984.1	27.670	206	7.96e-13	62.4
WP_011013783.1	WP_011014443.1	29.130	230	2.98e-12	62.0
WP_011013783.1	WP_011013622.1	25.604	207	3.60e-12	60.8
WP_011013783.1	WP_011014011.1	24.889	225	3.73e-12	62.0
WP_011013783.1	WP_011265869.1	29.412	204	6.52e-12	61.2
WP_011013783.1	WP_011265940.1	29.167	216	6.28e-11	57.4
WP_011013783.1	WP_011014012.1	29.885	174	1.08e-10	57.4
WP_011013783.1	WP_011015345.1	24.569	232	1.35e-10	56.6
WP_011013783.1	WP_011265658.1	25.714	210	2.98e-10	56.2
WP_011013783.1	WP_011014540.1	24.599	187	3.18e-10	54.7
WP_011013783.1	WP_011014216.1	28.272	191	3.97e-10	55.1
WP_011013783.1	WP_011014424.1	23.967	242	5.02e-10	55.5
WP_011013783.1	WP_011014910.1	24.762	210	8.12e-10	54.7
WP_011013783.1	WP_003856078.1	26.512	215	3.86e-09	52.0
WP_011013783.1	WP_011015261.1	27.778	162	5.32e-09	51.6
WP_011013783.1	WP_011014362.1	26.636	214	7.78e-09	52.0
WP_011013783.1	WP_011013466.1	24.339	189	1.36e-08	50.4
WP_011013783.1	WP_011015133.1	26.733	202	2.80e-08	50.1
WP_011013783.1	WP_003861735.1	24.020	204	9.12e-08	48.1
WP_011013783.1	WP_020948580.1	58.974	39	2.26e-07	47.4
WP_011013783.1	WP_011014089.1	26.923	182	7.86e-07	45.8
WP_011013783.1	WP_011014865.1	27.184	206	2.56e-06	44.3
WP_011013783.1	WP_011265741.1	33.750	80	6.25e-06	43.1
WP_011013784.1	WP_011013784.1	100.000	299	0.0	597
WP_011013785.1	WP_011013785.1	100.000	1055	0.0	2164
WP_011013785.1	WP_011265882.1	31.789	626	2.89e-78	276
WP_011013786.1	WP_011013786.1	100.000	471	0.0	932
WP_011013788.1	WP_011013788.1	100.000	164	1.86e-124	343
WP_011013788.1	WP_003855650.1	32.000	100	3.32e-10	52.4
WP_011013789.1	WP_011013789.1	100.000	332	0.0	660
WP_011013789.1	WP_011014237.1	32.440	336	2.61e-42	146
WP_011013789.1	WP_011013805.1	29.830	352	4.40e-36	130
WP_011013789.1	WP_011013576.1	32.143	224	1.83e-21	89.7
WP_011013789.1	WP_011015613.1	28.190	337	2.68e-19	84.0
WP_011013789.1	WP_011013903.1	26.829	246	2.51e-12	63.2
WP_011013789.1	WP_011265861.1	27.273	253	7.01e-09	52.8
WP_011013789.1	WP_011265874.1	30.986	142	7.25e-06	43.5
WP_011013790.1	WP_011013790.1	100.000	116	6.45e-83	234
WP_011013791.1	WP_011013791.1	100.000	460	0.0	900
WP_011013791.1	WP_257151957.1	73.529	34	1.29e-08	47.4
WP_011013792.1	WP_011013792.1	100.000	274	0.0	558
WP_011013792.1	WP_011015478.1	29.362	235	4.84e-25	99.8
WP_011013793.1	WP_011013793.1	100.000	377	0.0	781
WP_011013793.1	WP_003862382.1	29.618	314	2.43e-19	84.7
WP_011013797.1	WP_011013797.1	100.000	383	0.0	796
WP_011013797.1	WP_011013823.1	76.517	379	0.0	617
WP_011013797.1	WP_011013914.1	37.190	363	1.73e-72	229
WP_011013798.1	WP_011013798.1	100.000	347	0.0	715
WP_011013799.1	WP_011013799.1	100.000	234	1.27e-172	471
WP_011013800.1	WP_011013800.1	100.000	738	0.0	1504
WP_011013801.1	WP_011013801.1	100.000	299	0.0	602
WP_011013801.1	WP_011013902.1	28.814	295	2.12e-31	115
WP_011013801.1	WP_011014229.1	29.492	295	1.32e-23	94.4
WP_011013801.1	WP_011014372.1	24.483	290	1.24e-08	51.2
WP_011013801.1	WP_011013339.1	25.877	228	3.40e-08	50.1
WP_011013802.1	WP_011013802.1	100.000	269	0.0	545
WP_011013802.1	WP_011013698.1	55.212	259	4.09e-98	285
WP_011013802.1	WP_011013338.1	50.388	258	9.25e-92	268
WP_011013802.1	WP_011013906.1	39.149	235	1.83e-58	183
WP_011013802.1	WP_003856445.1	40.637	251	7.49e-57	180
WP_011013802.1	WP_011014492.1	40.171	234	3.00e-52	167
WP_011013802.1	WP_011013807.1	36.400	250	5.96e-51	164
WP_011013802.1	WP_011013622.1	32.645	242	2.37e-37	129
WP_011013802.1	WP_011014379.1	31.579	247	2.94e-29	108
WP_011013802.1	WP_011265986.1	34.348	230	1.05e-28	111
WP_011013802.1	WP_011015040.1	31.203	266	1.13e-26	104
WP_011013802.1	WP_011015040.1	33.036	224	1.82e-24	98.6
WP_011013802.1	WP_011265940.1	31.076	251	4.68e-26	99.8
WP_011013802.1	WP_003854632.1	30.120	249	9.21e-26	100
WP_011013802.1	WP_003860245.1	35.111	225	2.63e-25	98.2
WP_011013802.1	WP_011014807.1	30.738	244	3.43e-25	100
WP_011013802.1	WP_011014807.1	29.817	218	3.24e-22	92.0
WP_011013802.1	WP_003858826.1	29.412	238	3.53e-25	97.4
WP_011013802.1	WP_011013331.1	31.304	230	3.53e-25	96.3
WP_011013802.1	WP_003857431.1	33.484	221	1.60e-24	95.1
WP_011013802.1	WP_011013479.1	31.250	240	1.36e-23	94.0
WP_011013802.1	WP_011015118.1	31.250	224	9.60e-23	93.6
WP_011013802.1	WP_011015118.1	30.876	217	5.85e-22	91.3
WP_011013802.1	WP_011015284.1	33.488	215	1.69e-22	90.5
WP_011013802.1	WP_003855103.1	32.243	214	2.30e-22	89.0
WP_011013802.1	WP_011015345.1	30.876	217	3.88e-22	90.1
WP_011013802.1	WP_011013783.1	32.743	226	5.80e-22	88.2
WP_011013802.1	WP_011014216.1	30.189	212	2.07e-21	87.8
WP_011013802.1	WP_011013931.1	34.081	223	2.83e-21	85.9
WP_011013802.1	WP_011013642.1	27.451	255	4.73e-21	87.8
WP_011013802.1	WP_011013985.1	31.624	234	8.96e-21	85.1
WP_011013802.1	WP_011014233.1	27.679	224	9.90e-21	87.8
WP_011013802.1	WP_011014233.1	23.913	230	1.35e-13	66.6
WP_011013802.1	WP_003861735.1	27.237	257	1.47e-20	85.5
WP_011013802.1	WP_003857536.1	32.308	195	1.65e-20	84.0
WP_011013802.1	WP_003858089.1	30.000	220	2.05e-20	84.0
WP_011013802.1	WP_011014450.1	27.778	216	2.22e-20	85.5
WP_011013802.1	WP_011013984.1	27.232	224	2.80e-20	84.0
WP_011013802.1	WP_011014139.1	29.204	226	2.92e-20	86.7
WP_011013802.1	WP_011013851.1	30.000	220	5.13e-20	84.3
WP_011013802.1	WP_011014374.1	30.159	252	1.04e-19	82.4
WP_011013802.1	WP_011014850.1	27.928	222	1.19e-19	82.8
WP_011013802.1	WP_011013996.1	27.757	263	2.15e-19	82.4
WP_011013802.1	WP_011014327.1	29.148	223	3.36e-19	82.8
WP_011013802.1	WP_003856990.1	29.268	246	4.10e-19	80.9
WP_011013802.1	WP_011015221.1	30.189	265	1.17e-18	79.7
WP_011013802.1	WP_011014351.1	29.961	257	5.69e-18	79.7
WP_011013802.1	WP_011014351.1	25.989	177	1.19e-08	51.6
WP_011013802.1	WP_011014212.1	29.952	207	7.36e-18	77.0
WP_011013802.1	WP_011013712.1	27.049	244	2.80e-17	77.8
WP_011013802.1	WP_011013712.1	27.426	237	1.79e-14	69.3
WP_011013802.1	WP_011015140.1	26.009	223	1.08e-16	75.5
WP_011013802.1	WP_004567959.1	26.906	223	2.58e-16	73.6
WP_011013802.1	WP_011015020.1	27.354	223	3.57e-16	74.3
WP_011013802.1	WP_011013333.1	28.899	218	6.00e-16	72.0
WP_011013802.1	WP_011014012.1	23.849	239	1.30e-14	69.7
WP_011013802.1	WP_011014540.1	26.977	215	1.98e-14	67.0
WP_011013802.1	WP_011014785.1	28.866	194	5.64e-14	66.2
WP_011013802.1	WP_011015133.1	26.147	218	4.72e-13	65.1
WP_011013802.1	WP_011015133.1	26.667	240	6.11e-13	64.7
WP_011013802.1	WP_011265869.1	28.821	229	1.41e-12	63.5
WP_011013802.1	WP_003862124.1	29.224	219	1.77e-12	63.2
WP_011013802.1	WP_003862124.1	29.245	212	5.74e-11	58.5
WP_011013802.1	WP_011014011.1	24.454	229	2.33e-12	63.2
WP_011013802.1	WP_011014110.1	35.000	100	1.51e-11	60.8
WP_011013802.1	WP_011013968.1	28.947	228	6.84e-11	58.5
WP_011013802.1	WP_011013968.1	28.235	170	1.08e-10	58.2
WP_011013802.1	WP_011014910.1	26.882	186	7.70e-10	55.5
WP_011013802.1	WP_011014910.1	26.601	203	9.32e-10	55.1
WP_011013802.1	WP_011014362.1	23.684	228	2.84e-09	53.9
WP_011013802.1	WP_011014443.1	26.531	245	3.42e-09	53.5
WP_011013802.1	WP_011014443.1	23.618	199	1.00e-08	52.0
WP_011013802.1	WP_011015261.1	29.333	150	6.62e-09	51.6
WP_011013802.1	WP_011014089.1	28.729	181	7.43e-09	52.4
WP_011013802.1	WP_003856078.1	25.907	193	7.86e-09	51.6
WP_011013802.1	WP_011013466.1	25.352	213	1.11e-08	51.2
WP_011013802.1	WP_011265658.1	26.695	236	3.61e-08	50.4
WP_011013802.1	WP_003862692.1	38.000	50	1.96e-07	43.9
WP_011013802.1	WP_011014865.1	27.778	162	2.76e-07	47.8
WP_011013802.1	WP_020948580.1	40.000	75	8.07e-07	46.2
WP_011013802.1	WP_011014424.1	25.431	232	8.03e-06	43.1
WP_011013803.1	WP_011013803.1	100.000	342	0.0	655
WP_011013803.1	WP_011013699.1	33.721	344	2.77e-45	155
WP_011013803.1	WP_011013337.1	37.184	277	4.55e-37	132
WP_011013803.1	WP_003859752.1	31.579	342	3.89e-31	117
WP_011013803.1	WP_011014490.1	31.047	277	1.14e-28	110
WP_011013803.1	WP_011013700.1	31.534	352	1.39e-27	107
WP_011013803.1	WP_172820752.1	32.229	332	1.67e-27	107
WP_011013803.1	WP_011013804.1	37.184	277	3.93e-24	97.4
WP_011013803.1	WP_003858297.1	31.503	346	1.44e-21	90.5
WP_011013803.1	WP_003863478.1	25.294	340	2.57e-11	60.5
WP_011013804.1	WP_011013804.1	100.000	331	0.0	634
WP_011013804.1	WP_011013700.1	42.249	329	1.04e-79	243
WP_011013804.1	WP_003859752.1	34.237	295	8.80e-43	148
WP_011013804.1	WP_172820752.1	34.743	331	1.83e-42	146
WP_011013804.1	WP_011014490.1	36.333	300	4.54e-40	140
WP_011013804.1	WP_003858297.1	35.366	328	7.53e-37	132
WP_011013804.1	WP_011013803.1	37.545	277	8.53e-29	110
WP_011013804.1	WP_011013699.1	30.061	326	9.57e-28	108
WP_011013804.1	WP_011013337.1	33.443	305	2.29e-27	105
WP_011013804.1	WP_003863480.1	27.957	279	7.08e-17	76.6
WP_011013804.1	WP_003863478.1	28.269	283	1.64e-14	70.1
WP_011013805.1	WP_011013805.1	100.000	350	0.0	701
WP_011013805.1	WP_011013789.1	29.830	352	5.12e-40	140
WP_011013805.1	WP_011014237.1	29.603	277	4.21e-23	94.7
WP_011013805.1	WP_011015613.1	27.457	346	5.96e-20	85.9
WP_011013805.1	WP_011013576.1	32.215	149	2.05e-09	54.3
WP_011013806.1	WP_011013806.1	100.000	325	0.0	643
WP_011013806.1	WP_011265874.1	25.407	307	1.36e-11	60.8
WP_011013806.1	WP_011015613.1	24.834	302	6.06e-06	43.5
WP_011013807.1	WP_011013807.1	100.000	260	0.0	521
WP_011013807.1	WP_011013698.1	37.500	256	5.17e-54	172
WP_011013807.1	WP_011013802.1	36.400	250	5.76e-51	164
WP_011013807.1	WP_011013338.1	35.178	253	5.43e-49	159
WP_011013807.1	WP_011013622.1	40.316	253	1.48e-48	158
WP_011013807.1	WP_011014492.1	36.220	254	2.14e-47	154
WP_011013807.1	WP_011013906.1	33.740	246	3.80e-45	149
WP_011013807.1	WP_003856445.1	36.145	249	2.58e-37	129
WP_011013807.1	WP_011013333.1	32.129	249	3.35e-27	102
WP_011013807.1	WP_011014379.1	32.000	250	3.87e-25	97.1
WP_011013807.1	WP_011013984.1	29.958	237	6.35e-25	95.9
WP_011013807.1	WP_003858826.1	31.197	234	7.88e-25	95.9
WP_011013807.1	WP_011013931.1	30.973	226	8.33e-25	95.1
WP_011013807.1	WP_003857431.1	30.045	223	1.15e-24	95.5
WP_011013807.1	WP_011013331.1	30.088	226	3.97e-24	93.2
WP_011013807.1	WP_011014807.1	33.198	247	5.37e-24	97.1
WP_011013807.1	WP_011014807.1	30.364	247	2.14e-19	83.6
WP_011013807.1	WP_011013479.1	32.759	232	6.50e-24	94.7
WP_011013807.1	WP_011015040.1	31.128	257	9.37e-24	96.3
WP_011013807.1	WP_011015040.1	33.188	229	1.55e-21	89.7
WP_011013807.1	WP_003854632.1	31.907	257	4.63e-23	93.2
WP_011013807.1	WP_011265986.1	31.120	241	4.99e-23	94.4
WP_011013807.1	WP_011014374.1	28.326	233	2.37e-20	84.0
WP_011013807.1	WP_011013996.1	28.509	228	6.05e-20	83.6
WP_011013807.1	WP_011014450.1	25.943	212	6.33e-20	84.0
WP_011013807.1	WP_003861735.1	27.234	235	6.92e-20	83.2
WP_011013807.1	WP_003857536.1	30.516	213	1.23e-19	81.6
WP_011013807.1	WP_011015140.1	28.151	238	2.63e-19	82.8
WP_011013807.1	WP_004567959.1	27.477	222	2.47e-18	79.3
WP_011013807.1	WP_011015284.1	29.864	221	1.24e-17	77.0
WP_011013807.1	WP_003860245.1	29.327	208	1.51e-17	76.6
WP_011013807.1	WP_011015221.1	29.098	244	2.85e-17	75.5
WP_011013807.1	WP_011013851.1	29.956	227	3.81e-17	76.3
WP_011013807.1	WP_011014233.1	25.909	220	3.86e-17	77.0
WP_011013807.1	WP_011014233.1	26.339	224	2.91e-16	74.3
WP_011013807.1	WP_011015118.1	32.258	248	4.30e-17	77.0
WP_011013807.1	WP_011015118.1	31.982	222	1.98e-14	68.9
WP_011013807.1	WP_011013712.1	30.213	235	8.46e-17	76.3
WP_011013807.1	WP_011013712.1	26.772	254	4.34e-11	58.9
WP_011013807.1	WP_011014212.1	32.258	217	1.38e-16	73.6
WP_011013807.1	WP_011013783.1	28.837	215	2.27e-16	72.8
WP_011013807.1	WP_011015133.1	29.032	217	3.65e-16	74.3
WP_011013807.1	WP_011015133.1	29.187	209	9.77e-10	55.1
WP_011013807.1	WP_011014850.1	26.236	263	3.87e-16	72.8
WP_011013807.1	WP_011015261.1	31.651	218	5.31e-16	71.6
WP_011013807.1	WP_011015345.1	26.293	232	8.09e-16	72.4
WP_011013807.1	WP_011014216.1	24.490	245	1.73e-15	71.2
WP_011013807.1	WP_011013642.1	29.487	234	1.85e-15	71.6
WP_011013807.1	WP_003856990.1	28.251	223	2.67e-15	70.1
WP_011013807.1	WP_011014011.1	26.293	232	8.85e-15	70.1
WP_011013807.1	WP_011265940.1	26.840	231	9.11e-15	68.6
WP_011013807.1	WP_011013985.1	26.754	228	1.24e-14	67.8
WP_011013807.1	WP_003855103.1	30.622	209	7.86e-14	65.5
WP_011013807.1	WP_011265869.1	28.804	184	2.19e-13	65.9
WP_011013807.1	WP_011014327.1	29.412	187	4.08e-13	64.7
WP_011013807.1	WP_003858089.1	30.918	207	4.97e-13	63.2
WP_011013807.1	WP_011014540.1	26.289	194	1.27e-12	61.6
WP_011013807.1	WP_011014362.1	26.271	236	1.98e-12	63.2
WP_011013807.1	WP_011014012.1	31.429	210	4.54e-12	62.0
WP_011013807.1	WP_003862124.1	26.531	196	8.57e-12	60.8
WP_011013807.1	WP_003862124.1	29.719	249	2.96e-11	59.3
WP_011013807.1	WP_011014139.1	28.440	218	1.98e-11	60.5
WP_011013807.1	WP_011014139.1	25.882	255	3.58e-10	56.6
WP_011013807.1	WP_011265694.1	31.844	179	3.09e-11	59.3
WP_011013807.1	WP_011015020.1	28.947	228	3.22e-11	59.3
WP_011013807.1	WP_011265658.1	28.947	228	1.39e-09	54.7
WP_011013807.1	WP_011013968.1	25.877	228	2.10e-09	53.9
WP_011013807.1	WP_011013968.1	25.339	221	9.63e-08	48.9
WP_011013807.1	WP_011014424.1	27.155	232	3.21e-09	53.5
WP_011013807.1	WP_011013466.1	23.113	212	4.45e-09	52.4
WP_011013807.1	WP_011014785.1	27.072	181	6.46e-09	51.6
WP_011013807.1	WP_011014910.1	24.510	204	6.52e-09	52.4
WP_011013807.1	WP_011014443.1	25.641	195	4.09e-08	50.1
WP_011013807.1	WP_011014865.1	30.928	194	7.89e-08	49.3
WP_011013807.1	WP_011014110.1	31.633	98	2.99e-07	47.4
WP_011013807.1	WP_003856078.1	26.582	237	7.37e-07	45.4
WP_011013807.1	WP_003862692.1	30.357	56	6.40e-06	39.7
WP_011013808.1	WP_011013808.1	100.000	345	0.0	711
WP_011013809.1	WP_011013809.1	100.000	301	0.0	620
WP_011013809.1	WP_011015102.1	29.921	127	9.55e-07	44.3
WP_011013811.1	WP_011013811.1	100.000	409	0.0	840
WP_011013812.1	WP_011013812.1	100.000	286	0.0	580
WP_011013812.1	WP_011014945.1	40.179	112	3.77e-19	80.5
WP_011013812.1	WP_011265894.1	41.071	112	3.56e-17	77.0
WP_011013812.1	WP_020948581.1	33.871	124	2.22e-12	63.5
WP_011013814.1	WP_011013814.1	100.000	394	0.0	795
WP_011013814.1	WP_011014868.1	32.168	286	1.53e-26	106
WP_011013814.1	WP_011013392.1	23.899	318	5.06e-08	50.8
WP_011013815.1	WP_011013815.1	100.000	469	0.0	941
WP_011013815.1	WP_011013602.1	28.302	477	2.56e-50	174
WP_011013815.1	WP_011014816.1	25.376	465	3.12e-34	130
WP_011013815.1	WP_041625711.1	25.383	457	1.41e-33	128
WP_011013815.1	WP_011015323.1	28.643	199	1.16e-06	47.0
WP_011013816.1	WP_011013816.1	100.000	1140	0.0	2312
WP_011013816.1	WP_011013826.1	45.266	433	4.89e-105	339
WP_011013816.1	WP_003862217.1	26.531	343	4.38e-12	67.0
WP_011013816.1	WP_003862217.1	22.500	200	2.14e-06	48.1
WP_011013816.1	WP_003858832.1	40.000	60	3.70e-06	42.4
WP_011013817.1	WP_011013817.1	100.000	290	0.0	588
WP_011013817.1	WP_011014209.1	28.261	276	1.00e-18	80.9
WP_011013818.1	WP_011013818.1	100.000	162	7.40e-121	334
WP_011013819.1	WP_011013819.1	100.000	362	0.0	736
WP_011013820.1	WP_011013820.1	100.000	308	0.0	619
WP_011013820.1	WP_003855300.1	26.277	274	5.63e-18	79.3
WP_011013821.1	WP_011013821.1	100.000	498	0.0	1022
WP_011013821.1	WP_003860267.1	27.423	423	1.63e-29	117
WP_011013822.1	WP_011013822.1	100.000	305	0.0	620
WP_011013822.1	WP_011265603.1	81.419	296	7.17e-169	467
WP_011013822.1	WP_003859378.1	28.148	270	1.06e-11	61.6
WP_011013823.1	WP_011013823.1	100.000	381	0.0	791
WP_011013823.1	WP_011013797.1	76.517	379	0.0	617
WP_011013823.1	WP_011013914.1	35.200	375	1.50e-71	227
WP_011013824.1	WP_011013824.1	100.000	125	2.25e-90	254
WP_011013825.1	WP_011013825.1	100.000	441	0.0	907
WP_011013825.1	WP_003859703.1	39.606	457	2.08e-105	317
WP_011013826.1	WP_011013826.1	100.000	591	0.0	1193
WP_011013826.1	WP_011013816.1	45.266	433	2.67e-105	339
WP_011013826.1	WP_003862217.1	24.786	234	5.42e-09	55.5
WP_011013826.1	WP_003862217.1	23.849	239	6.65e-09	55.1
WP_011013827.1	WP_011013827.1	100.000	301	0.0	616
WP_011013827.1	WP_011014355.1	27.820	266	1.37e-20	86.3
WP_011013827.1	WP_011015366.1	23.077	247	6.78e-14	67.0
WP_011013828.1	WP_011013828.1	100.000	355	0.0	733
WP_011013829.1	WP_011013829.1	100.000	138	1.54e-101	283
WP_011013830.1	WP_011013830.1	100.000	716	0.0	1462
WP_011013830.1	WP_011013597.1	32.727	330	3.01e-39	144
WP_011013830.1	WP_011013596.1	26.250	400	5.42e-27	110
WP_011013831.1	WP_011013831.1	100.000	197	4.00e-146	400
WP_011013832.1	WP_011013832.1	100.000	82	3.13e-57	167
WP_011013833.1	WP_011013833.1	100.000	543	0.0	1113
WP_011013833.1	WP_003863615.1	69.811	530	0.0	783
WP_011013833.1	WP_003857874.1	47.448	529	8.80e-154	446
WP_011013833.1	WP_011013915.1	21.739	483	3.65e-08	52.4
WP_011013836.1	WP_011013836.1	100.000	387	0.0	793
WP_011013836.1	WP_003853648.1	24.127	315	1.89e-10	58.5
WP_011013837.1	WP_011013837.1	100.000	628	0.0	1263
WP_011013838.1	WP_011013838.1	100.000	119	7.44e-88	247
WP_011013839.1	WP_011013839.1	100.000	151	1.04e-110	307
WP_011013840.1	WP_011013840.1	100.000	264	0.0	536
WP_011013841.1	WP_011013841.1	100.000	438	0.0	894
WP_011013841.1	WP_011014048.1	31.293	441	2.15e-57	193
WP_011013841.1	WP_011014210.1	25.729	377	4.72e-16	75.9
WP_011013841.1	WP_011014051.1	24.779	226	9.10e-08	50.1
WP_011013842.1	WP_011013842.1	100.000	481	0.0	1001
WP_011013842.1	WP_011015518.1	97.313	335	0.0	686
WP_011013842.1	WP_227747683.1	89.024	82	3.03e-42	149
WP_011013843.1	WP_011013843.1	100.000	263	0.0	536
WP_011013843.1	WP_011014905.1	31.301	246	6.99e-21	86.3
WP_011013843.1	WP_011013723.1	30.315	254	9.69e-21	85.1
WP_011013843.1	WP_011015298.1	29.278	263	3.33e-20	83.6
WP_011013843.1	WP_011013534.1	29.843	191	2.83e-16	73.6
WP_011013843.1	WP_003856628.1	25.359	209	9.54e-08	48.1
WP_011013843.1	WP_011013562.1	25.984	254	1.18e-06	44.7
WP_011013844.1	WP_011013844.1	100.000	188	7.42e-139	382
WP_011013845.1	WP_011013845.1	100.000	140	2.25e-102	285
WP_011013846.1	WP_011013846.1	100.000	74	1.34e-49	147
WP_011013847.1	WP_011013847.1	100.000	278	0.0	551
WP_011013847.1	WP_011014325.1	29.137	278	2.94e-33	119
WP_011013847.1	WP_011015137.1	25.182	274	8.64e-18	78.2
WP_011013847.1	WP_011013477.1	35.135	74	5.92e-08	49.3
WP_011013847.1	WP_011013848.1	24.664	223	1.09e-06	45.4
WP_011013847.1	WP_011265558.1	33.673	98	1.42e-06	45.4
WP_011013848.1	WP_011013848.1	100.000	344	0.0	687
WP_011013848.1	WP_011265737.1	28.251	223	3.29e-18	80.5
WP_011013848.1	WP_004567523.1	20.307	261	5.17e-17	76.6
WP_011013848.1	WP_011265558.1	32.075	159	8.59e-11	59.3
WP_011013848.1	WP_011013477.1	23.585	212	2.48e-07	47.8
WP_011013848.1	WP_011013847.1	24.664	223	1.35e-06	45.4
WP_011013849.1	WP_011013849.1	100.000	151	9.69e-113	312
WP_011013850.1	WP_011013850.1	100.000	424	0.0	857
WP_011013851.1	WP_011013851.1	100.000	332	0.0	679
WP_011013851.1	WP_011015140.1	62.769	325	1.09e-135	387
WP_011013851.1	WP_011014327.1	57.055	326	2.40e-118	344
WP_011013851.1	WP_011013642.1	46.552	232	1.07e-63	202
WP_011013851.1	WP_011013479.1	35.593	295	4.95e-48	160
WP_011013851.1	WP_003857431.1	36.818	220	1.19e-41	142
WP_011013851.1	WP_003858826.1	36.325	234	9.08e-38	132
WP_011013851.1	WP_003854632.1	31.174	247	3.17e-35	128
WP_011013851.1	WP_003858089.1	38.288	222	5.75e-34	121
WP_011013851.1	WP_003855103.1	34.146	205	5.68e-31	113
WP_011013851.1	WP_003856445.1	34.211	228	2.51e-30	112
WP_011013851.1	WP_011015118.1	32.143	224	6.62e-30	115
WP_011013851.1	WP_011015118.1	28.333	240	1.56e-19	85.9
WP_011013851.1	WP_003860245.1	32.444	225	1.81e-28	108
WP_011013851.1	WP_011013931.1	35.714	210	4.20e-28	105
WP_011013851.1	WP_011014212.1	34.804	204	4.54e-27	103
WP_011013851.1	WP_011015040.1	32.035	231	4.90e-27	107
WP_011013851.1	WP_011015040.1	31.122	196	4.44e-17	78.2
WP_011013851.1	WP_011015284.1	32.420	219	4.94e-27	103
WP_011013851.1	WP_011265986.1	29.796	245	4.65e-25	102
WP_011013851.1	WP_011013698.1	29.150	247	7.88e-24	95.1
WP_011013851.1	WP_011013906.1	29.327	208	1.88e-23	94.0
WP_011013851.1	WP_003857536.1	30.137	219	4.59e-23	92.4
WP_011013851.1	WP_011014850.1	29.557	203	9.67e-23	92.8
WP_011013851.1	WP_011014379.1	29.583	240	2.10e-22	91.3
WP_011013851.1	WP_011014807.1	29.278	263	3.62e-22	93.6
WP_011013851.1	WP_011014807.1	28.205	234	1.87e-18	82.4
WP_011013851.1	WP_011014492.1	30.493	223	1.08e-21	89.0
WP_011013851.1	WP_011013783.1	28.986	207	1.16e-21	88.6
WP_011013851.1	WP_003856990.1	33.333	219	1.42e-21	89.0
WP_011013851.1	WP_011014374.1	28.829	222	2.67e-21	87.8
WP_011013851.1	WP_003862124.1	30.288	208	4.14e-21	90.1
WP_011013851.1	WP_003862124.1	28.125	192	7.12e-10	56.2
WP_011013851.1	WP_011015221.1	28.030	264	5.50e-20	84.3
WP_011013851.1	WP_011013802.1	30.000	220	6.33e-20	84.3
WP_011013851.1	WP_011014012.1	29.412	221	6.87e-20	87.0
WP_011013851.1	WP_011013996.1	30.612	196	7.67e-20	84.7
WP_011013851.1	WP_011014450.1	28.959	221	1.18e-19	84.7
WP_011013851.1	WP_011013985.1	36.054	147	1.28e-19	82.8
WP_011013851.1	WP_011014139.1	27.876	226	4.20e-19	84.7
WP_011013851.1	WP_011014139.1	28.704	216	6.61e-14	69.3
WP_011013851.1	WP_003861735.1	27.459	244	6.42e-19	82.0
WP_011013851.1	WP_011013712.1	29.825	228	8.20e-19	83.6
WP_011013851.1	WP_011013712.1	26.104	249	8.29e-11	59.3
WP_011013851.1	WP_011014233.1	26.962	293	8.32e-19	83.6
WP_011013851.1	WP_011014233.1	25.000	216	3.21e-12	63.5
WP_011013851.1	WP_011013984.1	26.368	201	9.75e-19	80.5
WP_011013851.1	WP_011013333.1	29.954	217	1.07e-18	80.9
WP_011013851.1	WP_011015020.1	28.761	226	4.36e-18	81.6
WP_011013851.1	WP_011014785.1	29.060	234	9.34e-18	77.8
WP_011013851.1	WP_011013338.1	26.667	225	2.52e-17	77.0
WP_011013851.1	WP_011013807.1	29.956	227	4.86e-17	76.3
WP_011013851.1	WP_011013622.1	28.033	239	4.30e-16	73.6
WP_011013851.1	WP_004567959.1	29.167	192	2.95e-15	71.6
WP_011013851.1	WP_011015345.1	25.328	229	4.09e-15	71.2
WP_011013851.1	WP_011013968.1	31.188	202	1.57e-14	70.9
WP_011013851.1	WP_011013968.1	33.721	172	1.59e-11	61.6
WP_011013851.1	WP_011015261.1	29.358	218	3.95e-14	67.4
WP_011013851.1	WP_011014424.1	27.386	241	4.33e-14	69.3
WP_011013851.1	WP_011265940.1	28.033	239	4.48e-14	67.8
WP_011013851.1	WP_011014011.1	24.569	232	6.64e-14	68.9
WP_011013851.1	WP_011014540.1	26.042	192	1.04e-13	65.5
WP_011013851.1	WP_011014865.1	31.527	203	2.71e-13	67.0
WP_011013851.1	WP_011265869.1	30.516	213	1.72e-12	64.3
WP_011013851.1	WP_011013466.1	27.684	177	5.52e-12	61.6
WP_011013851.1	WP_011266014.1	36.220	127	8.26e-12	61.6
WP_011013851.1	WP_011265694.1	34.302	172	2.68e-11	60.8
WP_011013851.1	WP_011013331.1	25.943	212	2.08e-10	56.2
WP_011013851.1	WP_011014216.1	25.862	174	6.91e-10	55.5
WP_011013851.1	WP_011014443.1	32.653	196	2.20e-09	54.7
WP_011013851.1	WP_011015133.1	25.414	181	1.74e-08	52.0
WP_011013851.1	WP_011015133.1	25.446	224	5.25e-07	47.4
WP_011013851.1	WP_011014910.1	26.154	195	2.15e-08	51.6
WP_011013851.1	WP_020948580.1	44.262	61	2.67e-08	51.6
WP_011013851.1	WP_011014362.1	29.412	170	4.39e-07	47.8
WP_011013851.1	WP_003856078.1	26.500	200	6.80e-07	46.2
WP_011013851.1	WP_011014000.1	34.884	86	1.01e-06	46.6
WP_011013851.1	WP_011265658.1	27.184	206	2.50e-06	45.4
WP_011013851.1	WP_011265741.1	33.803	71	4.68e-06	44.3
WP_011013853.1	WP_011013853.1	100.000	1600	0.0	3337
WP_011013853.1	WP_011013858.1	36.499	337	1.84e-39	157
WP_011013853.1	WP_011013858.1	24.335	789	3.76e-28	120
WP_011013853.1	WP_011013550.1	27.119	236	1.52e-11	65.5
WP_011013853.1	WP_011013550.1	27.103	107	6.57e-09	57.0
WP_011013853.1	WP_011013925.1	26.749	243	1.35e-09	59.3
WP_011013853.1	WP_011013925.1	27.358	106	7.33e-06	47.4
WP_011013854.1	WP_011013854.1	100.000	1233	0.0	2528
WP_011013854.1	WP_011014856.1	22.934	968	1.17e-34	140
WP_011013855.1	WP_011013855.1	100.000	217	1.61e-160	439
WP_011013856.1	WP_011013856.1	100.000	811	0.0	1666
WP_011013857.1	WP_011013857.1	100.000	766	0.0	1562
WP_011013858.1	WP_011013858.1	100.000	2100	0.0	4312
WP_011013858.1	WP_011013853.1	36.499	337	8.32e-43	169
WP_011013858.1	WP_011013853.1	24.335	789	4.13e-28	120
WP_011013858.1	WP_011013550.1	29.870	154	1.03e-08	56.6
WP_011013858.1	WP_011013550.1	37.681	69	5.46e-07	51.2
WP_011013858.1	WP_011013925.1	36.471	85	1.23e-06	50.1
WP_011013859.1	WP_011013859.1	100.000	1532	0.0	3153
WP_011013860.1	WP_011013860.1	100.000	962	0.0	1964
WP_011013861.1	WP_011013861.1	100.000	518	0.0	1037
WP_011013861.1	WP_011266029.1	35.052	291	1.91e-34	130
WP_011013863.1	WP_011013863.1	100.000	362	0.0	731
WP_011013863.1	WP_011014133.1	27.968	379	3.35e-21	90.5
WP_011013863.1	WP_011013572.1	25.000	252	2.46e-15	72.0
WP_011013863.1	WP_011013993.1	24.590	366	4.43e-13	66.6
WP_011013865.1	WP_011013865.1	100.000	394	0.0	796
WP_011013866.1	WP_011013866.1	100.000	261	2.54e-179	490
WP_011013866.1	WP_011015235.1	50.877	57	2.87e-07	47.8
WP_011013866.1	WP_011015235.1	47.273	55	6.38e-06	43.5
WP_011013867.1	WP_011013867.1	100.000	226	1.41e-166	455
WP_011013867.1	WP_011013630.1	46.256	227	5.49e-68	205
WP_011013867.1	WP_003853866.1	38.053	226	4.91e-54	170
WP_011013867.1	WP_011013940.1	41.333	225	1.23e-53	169
WP_011013867.1	WP_011015530.1	42.035	226	3.62e-53	168
WP_011013867.1	WP_003863097.1	38.009	221	3.60e-48	155
WP_011013867.1	WP_011013524.1	37.668	223	1.36e-37	127
WP_011013867.1	WP_003855418.1	33.036	112	5.84e-09	50.8
WP_011013869.1	WP_011013869.1	100.000	568	0.0	1142
WP_011013871.1	WP_011013871.1	100.000	845	0.0	1730
WP_011013871.1	WP_011014367.1	38.612	663	4.14e-119	375
WP_011013873.1	WP_011013873.1	100.000	430	0.0	864
WP_011013875.1	WP_011013875.1	100.000	400	0.0	813
WP_011013876.1	WP_011013876.1	100.000	424	0.0	856
WP_011013876.1	WP_011014161.1	42.458	358	1.80e-91	288
WP_011013876.1	WP_003856236.1	41.620	358	7.24e-78	245
WP_011013876.1	WP_011013550.1	25.255	392	5.48e-13	67.4
WP_011013876.1	WP_011013953.1	25.460	326	1.41e-10	59.7
WP_011013876.1	WP_011014290.1	33.721	86	1.69e-08	52.8
WP_011013876.1	WP_011014010.1	23.179	302	3.26e-06	45.8
WP_011013877.1	WP_011013877.1	100.000	75	2.81e-50	149
WP_011013878.1	WP_011013878.1	100.000	289	0.0	596
WP_011013879.1	WP_011013879.1	100.000	1016	0.0	2028
WP_011013879.1	WP_011013929.1	22.222	711	7.60e-13	68.9
WP_011013879.1	WP_003856159.1	27.857	280	2.98e-10	58.9
WP_011013880.1	WP_011013880.1	100.000	1070	0.0	2176
WP_011013880.1	WP_011013929.1	26.693	502	3.86e-33	134
WP_011013880.1	WP_011013882.1	43.750	64	2.70e-10	60.8
WP_011013880.1	WP_011013882.1	30.000	210	5.21e-10	59.7
WP_011013881.1	WP_011013881.1	100.000	238	4.19e-176	480
WP_011013882.1	WP_011013882.1	100.000	678	0.0	1387
WP_011013882.1	WP_011013929.1	33.580	405	6.16e-54	194
WP_011013882.1	WP_011013929.1	30.469	256	7.06e-14	71.2
WP_011013882.1	WP_011013880.1	28.509	228	1.54e-10	60.8
WP_011013882.1	WP_011013880.1	43.750	64	1.61e-10	60.8
WP_011013883.1	WP_011013883.1	100.000	266	0.0	538
WP_011013884.1	WP_011013884.1	100.000	162	1.20e-118	328
WP_011013885.1	WP_011013885.1	100.000	350	0.0	703
WP_011013886.1	WP_011013886.1	100.000	985	0.0	2002
WP_011013887.1	WP_011013887.1	100.000	453	0.0	898
WP_011013887.1	WP_006285864.1	27.237	257	1.06e-12	65.5
WP_011013887.1	WP_011015487.1	43.662	71	1.48e-06	45.8
WP_011013889.1	WP_011013889.1	100.000	200	2.01e-145	399
WP_011013890.1	WP_011013890.1	100.000	121	2.70e-84	238
WP_011013891.1	WP_011013891.1	100.000	354	0.0	722
WP_011013892.1	WP_011013892.1	100.000	154	4.63e-113	313
WP_011013894.1	WP_011013894.1	100.000	527	0.0	1085
WP_011013894.1	WP_011014683.1	95.636	527	0.0	1049
WP_011013894.1	WP_011015203.1	72.861	339	2.97e-176	504
WP_011013894.1	WP_011014691.1	32.845	341	1.56e-44	162
WP_011013894.1	WP_011014731.1	35.081	248	2.12e-38	144
WP_011013894.1	WP_011015455.1	32.110	218	2.03e-22	97.4
WP_011013894.1	WP_011015455.1	37.815	119	1.47e-14	72.8
WP_011013896.1	WP_011013896.1	100.000	170	5.18e-126	348
WP_011013896.1	WP_011014680.1	100.000	111	6.43e-80	229
WP_011013896.1	WP_011266052.1	29.167	120	1.56e-06	42.7
WP_011013898.1	WP_011013898.1	100.000	260	0.0	515
WP_011013898.1	WP_003861968.1	27.559	254	1.01e-20	85.5
WP_011013898.1	WP_011014746.1	30.732	205	2.32e-19	81.6
WP_011013898.1	WP_011013899.1	30.263	228	9.29e-18	77.4
WP_011013898.1	WP_003862394.1	32.609	92	7.16e-09	51.6
WP_011013899.1	WP_011013899.1	100.000	291	0.0	592
WP_011013899.1	WP_011014746.1	32.864	213	6.17e-22	89.4
WP_011013899.1	WP_011013898.1	30.263	228	1.01e-17	77.4
WP_011013899.1	WP_003862394.1	46.154	65	4.29e-11	58.5
WP_011013899.1	WP_003861968.1	27.632	228	4.43e-11	58.5
WP_011013900.1	WP_011013900.1	100.000	117	1.96e-84	238
WP_011013902.1	WP_011013902.1	100.000	275	0.0	566
WP_011013902.1	WP_011013801.1	28.814	295	3.94e-28	106
WP_011013902.1	WP_011014372.1	26.178	191	5.94e-12	60.5
WP_011013902.1	WP_011014229.1	26.733	202	7.06e-08	48.9
WP_011013902.1	WP_011013339.1	22.564	195	1.41e-06	45.1
WP_011013903.1	WP_011013903.1	100.000	306	0.0	623
WP_011013903.1	WP_011013576.1	36.531	271	5.19e-51	167
WP_011013903.1	WP_011015613.1	34.731	334	7.86e-49	162
WP_011013903.1	WP_011265861.1	32.941	255	9.52e-31	114
WP_011013903.1	WP_011013789.1	26.599	297	3.07e-14	68.6
WP_011013903.1	WP_011014237.1	30.457	197	2.68e-13	65.9
WP_011013903.1	WP_011014650.1	33.333	57	3.14e-06	40.8
WP_011013904.1	WP_011013904.1	100.000	196	1.17e-142	392
WP_011013905.1	WP_011013905.1	100.000	338	0.0	677
WP_011013906.1	WP_011013906.1	100.000	251	0.0	515
WP_011013906.1	WP_011013802.1	39.149	235	1.70e-58	183
WP_011013906.1	WP_011013338.1	39.381	226	3.60e-58	182
WP_011013906.1	WP_011013698.1	38.462	234	1.40e-52	168
WP_011013906.1	WP_011014492.1	35.417	240	4.69e-47	153
WP_011013906.1	WP_011013807.1	33.740	246	3.67e-45	149
WP_011013906.1	WP_011013622.1	34.728	239	3.24e-41	139
WP_011013906.1	WP_003856445.1	31.452	248	5.00e-38	130
WP_011013906.1	WP_011013331.1	34.545	220	2.43e-31	112
WP_011013906.1	WP_003857431.1	30.131	229	3.87e-28	104
WP_011013906.1	WP_003858826.1	28.862	246	1.10e-26	100
WP_011013906.1	WP_011013479.1	28.390	236	3.96e-26	100
WP_011013906.1	WP_011015140.1	31.401	207	4.94e-25	98.6
WP_011013906.1	WP_011014327.1	29.960	247	3.51e-24	96.7
WP_011013906.1	WP_011013851.1	29.327	208	1.42e-23	94.0
WP_011013906.1	WP_011014450.1	29.279	222	7.80e-23	92.0
WP_011013906.1	WP_011014379.1	31.513	238	8.96e-23	90.5
WP_011013906.1	WP_003861735.1	25.424	236	1.79e-22	90.1
WP_011013906.1	WP_011265940.1	25.551	227	3.27e-20	83.6
WP_011013906.1	WP_003860245.1	29.268	205	1.45e-18	79.3
WP_011013906.1	WP_011013984.1	24.895	237	5.38e-18	77.0
WP_011013906.1	WP_003858089.1	29.500	200	6.50e-18	76.6
WP_011013906.1	WP_011013642.1	25.532	235	8.36e-18	78.2
WP_011013906.1	WP_011014807.1	26.230	244	1.10e-17	78.6
WP_011013906.1	WP_011014807.1	24.424	217	5.46e-15	70.5
WP_011013906.1	WP_011014139.1	29.075	227	1.10e-17	78.6
WP_011013906.1	WP_003854632.1	25.926	216	1.38e-17	77.4
WP_011013906.1	WP_011015133.1	27.778	234	3.06e-17	77.0
WP_011013906.1	WP_011015133.1	29.630	243	3.36e-15	71.2
WP_011013906.1	WP_003857536.1	27.568	185	1.37e-16	73.2
WP_011013906.1	WP_011015118.1	27.907	215	1.73e-16	74.7
WP_011013906.1	WP_011015118.1	25.523	239	3.17e-16	73.9
WP_011013906.1	WP_011013931.1	28.708	209	2.82e-16	72.0
WP_011013906.1	WP_011014011.1	29.339	242	5.49e-16	73.6
WP_011013906.1	WP_011013985.1	27.928	222	1.02e-15	70.9
WP_011013906.1	WP_011015345.1	26.267	217	1.54e-15	71.2
WP_011013906.1	WP_011013712.1	27.111	225	9.08e-15	69.7
WP_011013906.1	WP_011013712.1	25.114	219	1.77e-09	53.9
WP_011013906.1	WP_011014212.1	26.168	214	1.15e-14	67.8
WP_011013906.1	WP_011014374.1	24.215	223	1.18e-14	67.8
WP_011013906.1	WP_011014216.1	25.328	229	1.49e-14	68.2
WP_011013906.1	WP_011013783.1	26.570	207	4.03e-14	66.2
WP_011013906.1	WP_003855103.1	25.728	206	6.38e-14	65.5
WP_011013906.1	WP_011013333.1	28.311	219	9.43e-14	65.5
WP_011013906.1	WP_011015284.1	26.442	208	1.06e-13	65.5
WP_011013906.1	WP_011015040.1	23.182	220	1.16e-13	66.6
WP_011013906.1	WP_011015040.1	31.579	95	8.60e-13	63.9
WP_011013906.1	WP_011014089.1	29.121	182	1.91e-13	65.9
WP_011013906.1	WP_011014089.1	37.681	69	6.66e-07	46.2
WP_011013906.1	WP_011015020.1	26.768	198	2.16e-13	65.9
WP_011013906.1	WP_011015261.1	27.542	236	3.25e-13	63.5
WP_011013906.1	WP_011014012.1	25.822	213	1.10e-12	63.5
WP_011013906.1	WP_011013996.1	24.675	231	2.01e-12	62.4
WP_011013906.1	WP_011014540.1	29.189	185	4.53e-12	60.1
WP_011013906.1	WP_011014850.1	23.305	236	5.37e-12	60.8
WP_011013906.1	WP_011014785.1	27.568	185	8.97e-12	59.7
WP_011013906.1	WP_003862124.1	27.805	205	9.82e-12	60.8
WP_011013906.1	WP_003862124.1	29.146	199	1.14e-10	57.4
WP_011013906.1	WP_011014351.1	25.778	225	3.67e-11	58.9
WP_011013906.1	WP_011015221.1	27.700	213	4.28e-11	57.8
WP_011013906.1	WP_011014910.1	29.016	193	5.33e-11	58.5
WP_011013906.1	WP_011014910.1	21.318	258	1.24e-09	54.7
WP_011013906.1	WP_011014233.1	23.413	252	9.27e-11	57.8
WP_011013906.1	WP_011014233.1	21.778	225	3.12e-06	44.3
WP_011013906.1	WP_011265986.1	31.183	93	1.00e-10	57.8
WP_011013906.1	WP_011013968.1	26.364	220	1.24e-10	57.4
WP_011013906.1	WP_011013968.1	36.486	74	1.37e-07	48.5
WP_011013906.1	WP_004567959.1	21.860	215	1.16e-09	53.9
WP_011013906.1	WP_011014362.1	23.830	235	3.21e-09	53.1
WP_011013906.1	WP_003856990.1	25.957	235	4.41e-09	52.0
WP_011013906.1	WP_011014424.1	24.895	237	5.43e-09	52.8
WP_011013906.1	WP_011014865.1	26.425	193	5.04e-08	49.7
WP_011013906.1	WP_011265658.1	24.686	239	5.32e-08	49.7
WP_011013906.1	WP_011013466.1	28.019	207	2.30e-07	47.0
WP_011013906.1	WP_011014110.1	31.683	101	4.29e-07	47.0
WP_011013906.1	WP_003862692.1	29.825	57	8.32e-07	42.0
WP_011013906.1	WP_011266014.1	37.931	58	9.18e-06	42.4
WP_011013907.1	WP_011013907.1	100.000	387	0.0	795
WP_011013907.1	WP_003862691.1	30.870	230	9.51e-33	124
WP_011013907.1	WP_006285864.1	23.901	364	4.05e-25	101
WP_011013907.1	WP_011014123.1	24.100	361	3.09e-15	72.8
WP_011013907.1	WP_011013481.1	28.431	204	5.31e-15	72.0
WP_011013907.1	WP_011015029.1	21.104	308	1.71e-14	70.5
WP_011013907.1	WP_011014880.1	22.441	254	3.73e-07	48.1
WP_011013908.1	WP_011013908.1	100.000	213	5.67e-160	437
WP_011013909.1	WP_011013909.1	100.000	733	0.0	1456
WP_011013912.1	WP_011013912.1	100.000	311	0.0	623
WP_011013913.1	WP_011013913.1	100.000	376	0.0	764
WP_011013914.1	WP_011013914.1	100.000	437	0.0	902
WP_011013914.1	WP_011013797.1	37.190	363	1.97e-72	229
WP_011013914.1	WP_011013823.1	35.200	375	1.72e-71	227
WP_011013915.1	WP_011013915.1	100.000	484	0.0	967
WP_011013915.1	WP_003857874.1	23.022	417	1.76e-15	75.1
WP_011013915.1	WP_003863615.1	21.856	485	2.63e-14	71.6
WP_011013915.1	WP_011013833.1	21.739	483	9.18e-11	60.5
WP_011013917.1	WP_011013917.1	100.000	551	0.0	1082
WP_011013917.1	WP_011014167.1	22.766	470	2.54e-13	68.6
WP_011013918.1	WP_011013918.1	100.000	258	0.0	521
WP_011013918.1	WP_011013427.1	43.976	166	9.84e-42	141
WP_011013919.1	WP_011013919.1	100.000	280	0.0	569
WP_011013920.1	WP_011013920.1	100.000	2969	0.0	5986
WP_011013920.1	WP_011015170.1	46.684	3061	0.0	2423
WP_011013921.1	WP_011013921.1	100.000	163	3.60e-119	330
WP_011013923.1	WP_011013923.1	100.000	79	1.84e-56	164
WP_011013923.1	WP_003857948.1	40.984	61	8.25e-08	42.0
WP_011013924.1	WP_011013924.1	100.000	152	4.12e-112	311
WP_011013925.1	WP_011013925.1	100.000	1520	0.0	3050
WP_011013925.1	WP_011013550.1	27.338	417	6.75e-15	76.3
WP_011013925.1	WP_011013853.1	26.749	243	1.43e-09	59.3
WP_011013925.1	WP_011013853.1	27.358	106	7.02e-06	47.4
WP_011013925.1	WP_011013858.1	36.471	85	9.04e-07	50.1
WP_011013926.1	WP_011013926.1	100.000	200	3.03e-141	389
WP_011013926.1	WP_011015124.1	25.694	144	3.37e-06	42.7
WP_011013927.1	WP_011013927.1	100.000	391	0.0	760
WP_011013927.1	WP_011013946.1	30.348	402	5.66e-33	124
WP_011013928.1	WP_011013928.1	100.000	540	0.0	1107
WP_011013929.1	WP_011013929.1	100.000	763	0.0	1566
WP_011013929.1	WP_011013882.1	33.580	405	6.07e-49	180
WP_011013929.1	WP_011013882.1	31.250	256	1.92e-12	67.0
WP_011013929.1	WP_011013880.1	26.693	502	2.75e-33	134
WP_011013929.1	WP_011013879.1	22.222	711	8.90e-13	68.2
WP_011013929.1	WP_011265807.1	25.828	302	1.77e-10	60.8
WP_011013930.1	WP_011013930.1	100.000	741	0.0	1492
WP_011013931.1	WP_011013931.1	100.000	222	1.57e-162	444
WP_011013931.1	WP_003860245.1	42.453	212	2.25e-49	159
WP_011013931.1	WP_011013783.1	39.910	223	1.21e-47	154
WP_011013931.1	WP_003855103.1	38.356	219	7.80e-47	151
WP_011013931.1	WP_003858826.1	37.611	226	4.08e-39	132
WP_011013931.1	WP_003857536.1	37.946	224	5.23e-38	128
WP_011013931.1	WP_003857431.1	37.443	219	1.41e-37	127
WP_011013931.1	WP_003858089.1	38.119	202	2.24e-36	124
WP_011013931.1	WP_003854632.1	38.565	223	6.57e-35	124
WP_011013931.1	WP_011013642.1	38.462	221	9.99e-35	123
WP_011013931.1	WP_011015140.1	37.379	206	2.02e-29	109
WP_011013931.1	WP_011014379.1	38.424	203	5.58e-29	106
WP_011013931.1	WP_011013851.1	35.714	210	2.81e-28	105
WP_011013931.1	WP_011015118.1	37.021	235	1.89e-27	105
WP_011013931.1	WP_011015118.1	35.829	187	5.24e-22	90.1
WP_011013931.1	WP_011014212.1	39.000	200	3.57e-27	100
WP_011013931.1	WP_011014807.1	35.371	229	3.62e-26	102
WP_011013931.1	WP_011014807.1	32.751	229	1.23e-21	89.0
WP_011013931.1	WP_011015040.1	36.893	206	2.87e-25	99.4
WP_011013931.1	WP_011015040.1	35.922	206	8.44e-23	92.4
WP_011013931.1	WP_011013479.1	34.842	221	4.69e-25	96.7
WP_011013931.1	WP_011013807.1	30.973	226	7.11e-25	95.1
WP_011013931.1	WP_011014327.1	32.127	221	1.06e-24	97.1
WP_011013931.1	WP_011013333.1	32.599	227	1.27e-24	94.4
WP_011013931.1	WP_011015284.1	35.714	210	6.09e-24	93.2
WP_011013931.1	WP_011014233.1	33.190	232	1.05e-23	95.1
WP_011013931.1	WP_011014233.1	25.728	206	1.45e-10	56.6
WP_011013931.1	WP_011015020.1	31.140	228	2.48e-23	94.0
WP_011013931.1	WP_011014850.1	31.122	196	6.24e-22	87.8
WP_011013931.1	WP_011013802.1	34.081	223	2.34e-21	85.9
WP_011013931.1	WP_003856445.1	32.444	225	4.72e-21	85.1
WP_011013931.1	WP_011014139.1	27.074	229	1.42e-20	86.3
WP_011013931.1	WP_011014139.1	29.464	224	3.37e-17	76.3
WP_011013931.1	WP_011014492.1	31.390	223	1.54e-20	83.6
WP_011013931.1	WP_011013338.1	34.091	220	2.72e-20	82.8
WP_011013931.1	WP_011265986.1	31.250	208	6.27e-20	84.3
WP_011013931.1	WP_011013698.1	31.858	226	1.16e-19	81.3
WP_011013931.1	WP_011014012.1	34.483	203	3.72e-18	79.0
WP_011013931.1	WP_003856990.1	32.051	234	4.27e-18	77.0
WP_011013931.1	WP_011013985.1	30.846	201	5.28e-18	76.3
WP_011013931.1	WP_011013622.1	31.674	221	1.28e-17	75.9
WP_011013931.1	WP_011015221.1	31.628	215	2.54e-17	74.7
WP_011013931.1	WP_011265940.1	29.126	206	8.55e-17	73.6
WP_011013931.1	WP_011014374.1	30.806	211	9.17e-17	73.2
WP_011013931.1	WP_011013331.1	30.942	223	1.12e-16	72.4
WP_011013931.1	WP_011013906.1	28.708	209	2.50e-16	72.0
WP_011013931.1	WP_011014011.1	28.194	227	3.71e-15	70.5
WP_011013931.1	WP_011013996.1	29.730	222	6.38e-15	68.9
WP_011013931.1	WP_011014450.1	28.505	214	1.02e-14	68.6
WP_011013931.1	WP_003861735.1	27.136	199	1.49e-14	67.4
WP_011013931.1	WP_011013712.1	30.000	220	4.98e-13	63.9
WP_011013931.1	WP_011013712.1	30.688	189	1.14e-12	62.8
WP_011013931.1	WP_003862124.1	30.435	184	1.84e-12	62.4
WP_011013931.1	WP_003862124.1	30.415	217	1.27e-11	59.7
WP_011013931.1	WP_011265658.1	28.384	229	3.19e-12	61.6
WP_011013931.1	WP_011015345.1	25.926	216	6.10e-12	60.5
WP_011013931.1	WP_011013984.1	28.139	231	3.52e-11	57.4
WP_011013931.1	WP_011014540.1	25.000	196	6.75e-11	56.2
WP_011013931.1	WP_011014443.1	27.650	217	8.37e-11	57.4
WP_011013931.1	WP_011015133.1	26.754	228	9.01e-11	57.4
WP_011013931.1	WP_011015133.1	29.299	157	6.55e-08	48.9
WP_011013931.1	WP_011265694.1	28.000	200	2.07e-10	56.2
WP_011013931.1	WP_011014785.1	29.050	179	3.11e-10	54.7
WP_011013931.1	WP_004567959.1	28.054	221	3.12e-10	55.1
WP_011013931.1	WP_011265869.1	29.327	208	4.84e-10	55.1
WP_011013931.1	WP_011015261.1	32.653	147	1.22e-09	53.1
WP_011013931.1	WP_011014424.1	28.936	235	1.44e-09	53.9
WP_011013931.1	WP_011014910.1	27.434	226	1.17e-08	50.8
WP_011013931.1	WP_011014910.1	27.322	183	4.56e-07	46.2
WP_011013931.1	WP_011014362.1	26.222	225	1.55e-08	50.8
WP_011013931.1	WP_003856078.1	28.095	210	3.54e-08	48.9
WP_011013931.1	WP_011014089.1	29.703	202	3.96e-08	49.3
WP_011013931.1	WP_011013968.1	27.670	206	5.44e-08	48.9
WP_011013931.1	WP_011013968.1	25.366	205	5.29e-07	46.2
WP_011013931.1	WP_011014000.1	38.571	70	1.16e-07	48.1
WP_011013931.1	WP_011266014.1	29.333	150	9.65e-07	45.1
WP_011013931.1	WP_011014865.1	35.897	156	9.19e-06	42.4
WP_011013932.1	WP_011013932.1	100.000	237	4.06e-175	477
WP_011013932.1	WP_003857696.1	66.129	124	3.34e-59	182
WP_011013933.1	WP_011013933.1	100.000	439	0.0	859
WP_011013935.1	WP_011013935.1	100.000	520	0.0	1064
WP_011013936.1	WP_011013936.1	100.000	273	0.0	559
WP_011013937.1	WP_011013937.1	100.000	222	2.71e-164	449
WP_011013937.1	WP_011015595.1	35.593	59	6.21e-08	47.8
WP_011013937.1	WP_003856101.1	25.472	106	1.56e-06	43.5
WP_011013938.1	WP_011013938.1	100.000	101	2.41e-71	204
WP_011013940.1	WP_011013940.1	100.000	232	2.16e-170	465
WP_011013940.1	WP_003863097.1	49.345	229	2.67e-69	209
WP_011013940.1	WP_011013867.1	41.333	225	1.26e-53	169
WP_011013940.1	WP_011013630.1	38.326	227	9.36e-51	162
WP_011013940.1	WP_011015530.1	40.444	225	1.65e-46	151
WP_011013940.1	WP_003853866.1	37.611	226	6.60e-45	147
WP_011013940.1	WP_011013524.1	37.004	227	1.01e-41	138
WP_011013940.1	WP_011015360.1	31.897	116	1.28e-07	47.0
WP_011013940.1	WP_003854586.1	24.664	223	2.00e-07	46.6
WP_011013940.1	WP_011014822.1	27.778	144	9.03e-07	44.7
WP_011013941.1	WP_011013941.1	100.000	455	0.0	902
WP_011013941.1	WP_011013525.1	30.120	332	6.02e-31	121
WP_011013941.1	WP_011015245.1	29.706	340	2.44e-22	95.9
WP_011013941.1	WP_003855497.1	31.556	225	5.84e-21	90.9
WP_011013941.1	WP_011015529.1	25.852	352	1.34e-20	89.7
WP_011013941.1	WP_011015290.1	26.333	300	1.94e-19	86.3
WP_011013941.1	WP_179300924.1	27.778	306	3.01e-17	80.5
WP_011013942.1	WP_011013942.1	100.000	441	0.0	869
WP_011013943.1	WP_011013943.1	100.000	135	4.32e-94	264
WP_011013944.1	WP_011013944.1	100.000	184	7.90e-130	358
WP_011013945.1	WP_011013945.1	100.000	190	6.71e-140	384
WP_011013946.1	WP_011013946.1	100.000	400	0.0	772
WP_011013946.1	WP_011013927.1	30.348	402	5.79e-33	124
WP_011013947.1	WP_011013947.1	100.000	135	9.77e-92	258
WP_011013947.1	WP_006286612.1	38.168	131	2.44e-15	64.7
WP_011013948.1	WP_011013948.1	100.000	386	0.0	788
WP_011013948.1	WP_011265922.1	28.161	174	3.35e-11	61.2
WP_011013948.1	WP_020948610.1	28.788	132	1.08e-07	50.1
WP_011013948.1	WP_011014893.1	33.766	77	1.32e-06	46.6
WP_011013949.1	WP_011013949.1	100.000	520	0.0	1043
WP_011013950.1	WP_011013950.1	100.000	282	0.0	567
WP_011013952.1	WP_011013952.1	100.000	610	0.0	1259
WP_011013952.1	WP_011015573.1	29.134	127	5.67e-07	48.9
WP_011013953.1	WP_011013953.1	100.000	683	0.0	1383
WP_011013953.1	WP_011013876.1	25.460	326	2.27e-10	59.7
WP_011013953.1	WP_011014161.1	29.000	100	1.78e-07	50.8
WP_011013953.1	WP_003856236.1	24.123	228	5.98e-07	48.5
WP_011013953.1	WP_011013550.1	26.087	161	8.23e-07	48.5
WP_011013954.1	WP_011013954.1	100.000	211	2.70e-158	432
WP_011013955.1	WP_011013955.1	100.000	386	0.0	801
WP_011013960.1	WP_011013960.1	100.000	571	0.0	1184
WP_011013961.1	WP_011013961.1	100.000	385	0.0	784
WP_011013963.1	WP_011013963.1	100.000	119	6.52e-84	237
WP_011013963.1	WP_003857049.1	38.462	78	1.05e-10	51.6
WP_011013963.1	WP_003855958.1	39.706	68	5.49e-06	38.9
WP_011013965.1	WP_011013965.1	100.000	277	0.0	566
WP_011013966.1	WP_011013966.1	100.000	293	0.0	589
WP_011013967.1	WP_011013967.1	100.000	311	0.0	626
WP_011013968.1	WP_011013968.1	100.000	611	0.0	1215
WP_011013968.1	WP_011015133.1	34.011	541	7.29e-89	283
WP_011013968.1	WP_011014910.1	28.980	559	4.56e-52	184
WP_011013968.1	WP_011014089.1	30.203	543	1.34e-45	166
WP_011013968.1	WP_011014089.1	37.688	199	1.20e-23	101
WP_011013968.1	WP_011014443.1	30.632	506	7.67e-43	158
WP_011013968.1	WP_011014443.1	32.584	178	2.87e-19	87.8
WP_011013968.1	WP_011015040.1	25.567	485	7.48e-28	113
WP_011013968.1	WP_011015040.1	32.843	204	5.95e-22	95.9
WP_011013968.1	WP_011014351.1	24.138	522	3.53e-25	105
WP_011013968.1	WP_011014351.1	28.063	253	2.85e-14	72.0
WP_011013968.1	WP_011014233.1	24.089	494	1.28e-22	98.2
WP_011013968.1	WP_011013479.1	36.041	197	1.18e-20	89.4
WP_011013968.1	WP_011013479.1	28.767	219	1.41e-11	62.4
WP_011013968.1	WP_011014492.1	34.536	194	2.05e-20	87.8
WP_011013968.1	WP_011014492.1	30.846	201	2.09e-16	75.9
WP_011013968.1	WP_011013996.1	32.804	189	2.43e-17	79.7
WP_011013968.1	WP_011013996.1	33.553	152	5.90e-11	60.5
WP_011013968.1	WP_003854632.1	29.694	229	1.86e-16	77.8
WP_011013968.1	WP_003854632.1	27.236	246	7.30e-13	66.6
WP_011013968.1	WP_011015118.1	25.430	523	2.89e-16	78.2
WP_011013968.1	WP_011265986.1	29.279	222	3.67e-15	75.1
WP_011013968.1	WP_011015020.1	32.317	164	9.55e-15	73.6
WP_011013968.1	WP_003858089.1	31.868	182	1.40e-14	70.1
WP_011013968.1	WP_003858089.1	28.017	232	2.18e-09	54.7
WP_011013968.1	WP_011013851.1	31.188	202	2.88e-14	70.9
WP_011013968.1	WP_011013851.1	33.721	172	2.92e-11	61.6
WP_011013968.1	WP_011013622.1	32.749	171	4.18e-14	69.3
WP_011013968.1	WP_011013622.1	29.050	179	1.07e-11	62.0
WP_011013968.1	WP_011014327.1	30.108	186	5.63e-14	70.5
WP_011013968.1	WP_011014327.1	31.658	199	1.21e-11	63.2
WP_011013968.1	WP_011013712.1	28.139	231	8.18e-14	70.5
WP_011013968.1	WP_011013712.1	24.494	494	1.50e-09	57.0
WP_011013968.1	WP_011013642.1	31.390	223	1.07e-13	69.3
WP_011013968.1	WP_011013642.1	30.570	193	1.73e-08	53.1
WP_011013968.1	WP_011013783.1	31.579	190	3.92e-13	65.9
WP_011013968.1	WP_011013783.1	28.235	170	3.91e-10	57.0
WP_011013968.1	WP_004567959.1	31.638	177	4.02e-13	67.0
WP_011013968.1	WP_003858826.1	25.301	249	4.05e-13	66.2
WP_011013968.1	WP_003858826.1	24.883	213	1.87e-10	58.2
WP_011013968.1	WP_011014850.1	30.435	161	5.65e-13	66.2
WP_011013968.1	WP_011014850.1	32.237	152	3.44e-12	63.9
WP_011013968.1	WP_003857536.1	29.592	196	6.43e-13	65.1
WP_011013968.1	WP_003857536.1	30.729	192	4.44e-12	62.8
WP_011013968.1	WP_011014212.1	31.638	177	7.08e-13	65.1
WP_011013968.1	WP_011014212.1	33.333	135	1.45e-08	52.4
WP_011013968.1	WP_011015345.1	29.143	175	9.59e-13	65.9
WP_011013968.1	WP_011015345.1	27.103	214	9.08e-09	53.5
WP_011013968.1	WP_003856445.1	29.778	225	1.09e-12	65.1
WP_011013968.1	WP_003856445.1	29.885	174	1.86e-10	58.5
WP_011013968.1	WP_011015284.1	29.612	206	3.10e-12	63.9
WP_011013968.1	WP_011015284.1	27.778	216	1.78e-10	58.5
WP_011013968.1	WP_011014379.1	27.919	197	3.94e-12	63.5
WP_011013968.1	WP_011014379.1	29.891	184	3.64e-11	60.5
WP_011013968.1	WP_011013333.1	26.923	208	4.57e-12	63.2
WP_011013968.1	WP_011014807.1	23.308	532	7.03e-12	64.3
WP_011013968.1	WP_011014374.1	33.784	148	2.00e-11	60.8
WP_011013968.1	WP_011014374.1	31.410	156	2.95e-11	60.5
WP_011013968.1	WP_003857431.1	24.786	234	2.02e-11	60.8
WP_011013968.1	WP_003857431.1	25.000	196	4.38e-11	60.1
WP_011013968.1	WP_011013338.1	25.229	218	2.64e-11	60.8
WP_011013968.1	WP_003860245.1	25.346	217	8.90e-11	59.7
WP_011013968.1	WP_011265940.1	29.648	199	1.12e-10	58.9
WP_011013968.1	WP_011265940.1	28.505	214	4.91e-10	57.0
WP_011013968.1	WP_011013985.1	27.459	244	1.30e-10	58.5
WP_011013968.1	WP_011013985.1	28.667	150	2.72e-08	51.6
WP_011013968.1	WP_011013802.1	28.947	228	1.55e-10	58.5
WP_011013968.1	WP_011013802.1	28.235	170	2.46e-10	58.2
WP_011013968.1	WP_011014216.1	29.474	190	1.60e-10	58.9
WP_011013968.1	WP_011014216.1	29.353	201	4.79e-10	57.4
WP_011013968.1	WP_011013906.1	26.364	220	3.01e-10	57.4
WP_011013968.1	WP_011013906.1	36.486	74	3.33e-07	48.5
WP_011013968.1	WP_011015140.1	26.027	292	3.66e-10	58.5
WP_011013968.1	WP_011015140.1	29.213	178	8.97e-08	50.8
WP_011013968.1	WP_011013331.1	26.842	190	8.49e-10	55.8
WP_011013968.1	WP_011014450.1	30.000	190	1.46e-09	56.2
WP_011013968.1	WP_011014450.1	27.027	148	7.31e-06	44.7
WP_011013968.1	WP_003862124.1	26.425	193	1.76e-09	56.6
WP_011013968.1	WP_003862124.1	30.345	145	2.80e-09	55.8
WP_011013968.1	WP_003862124.1	29.016	193	5.06e-08	52.0
WP_011013968.1	WP_003862124.1	29.801	151	5.98e-07	48.5
WP_011013968.1	WP_003861735.1	26.512	215	3.26e-09	54.7
WP_011013968.1	WP_003861735.1	27.160	243	8.71e-08	50.4
WP_011013968.1	WP_011013807.1	25.877	228	4.94e-09	53.9
WP_011013968.1	WP_011013807.1	25.339	221	2.26e-07	48.9
WP_011013968.1	WP_011014012.1	28.889	180	7.62e-09	54.7
WP_011013968.1	WP_003855103.1	25.967	181	9.12e-09	52.8
WP_011013968.1	WP_003855103.1	27.374	179	1.19e-08	52.4
WP_011013968.1	WP_011265869.1	30.460	174	1.44e-08	53.9
WP_011013968.1	WP_011265869.1	27.059	170	2.10e-07	50.1
WP_011013968.1	WP_011014540.1	26.404	178	1.78e-08	51.6
WP_011013968.1	WP_011014540.1	27.811	169	6.33e-07	47.0
WP_011013968.1	WP_011013466.1	28.774	212	1.89e-08	52.4
WP_011013968.1	WP_011013466.1	42.857	63	1.21e-06	46.6
WP_011013968.1	WP_011013698.1	27.907	215	2.18e-08	52.0
WP_011013968.1	WP_011013698.1	23.000	200	1.27e-06	46.6
WP_011013968.1	WP_011014139.1	32.367	207	2.66e-08	53.5
WP_011013968.1	WP_011014139.1	29.444	180	4.18e-08	52.8
WP_011013968.1	WP_011014139.1	25.654	191	1.38e-07	51.2
WP_011013968.1	WP_011015261.1	30.872	149	3.09e-08	51.2
WP_011013968.1	WP_011014362.1	28.235	170	6.98e-08	51.6
WP_011013968.1	WP_011014011.1	24.294	177	1.02e-07	51.2
WP_011013968.1	WP_011266014.1	31.200	125	1.48e-07	50.1
WP_011013968.1	WP_011013931.1	27.670	206	1.50e-07	48.9
WP_011013968.1	WP_011013984.1	26.027	219	1.51e-07	49.3
WP_011013968.1	WP_020948580.1	55.000	40	1.48e-06	47.4
WP_011013969.1	WP_011013969.1	100.000	264	0.0	533
WP_011013970.1	WP_011013970.1	100.000	160	2.72e-118	327
WP_011013971.1	WP_011013971.1	100.000	107	1.45e-79	225
WP_011013971.1	WP_020948541.1	45.283	106	1.56e-32	106
WP_011013972.1	WP_011013972.1	100.000	320	0.0	653
WP_011013972.1	WP_003862924.1	52.033	246	7.84e-90	267
WP_011013973.1	WP_011013973.1	100.000	339	0.0	697
WP_011013974.1	WP_011013974.1	100.000	398	0.0	806
WP_011013975.1	WP_011013975.1	100.000	483	0.0	983
WP_011013975.1	WP_011014938.1	97.308	483	0.0	966
WP_011013975.1	WP_011013583.1	41.424	309	4.42e-81	253
WP_011013975.1	WP_011015455.1	30.651	261	1.62e-30	121
WP_011013975.1	WP_011014060.1	27.358	318	5.17e-30	117
WP_011013975.1	WP_011015457.1	31.690	284	4.33e-25	102
WP_011013976.1	WP_011013976.1	100.000	193	6.82e-143	392
WP_011013976.1	WP_011265545.1	38.596	57	4.64e-06	42.0
WP_011013977.1	WP_011013977.1	100.000	791	0.0	1561
WP_011013977.1	WP_011013489.1	43.187	822	0.0	590
WP_011013977.1	WP_011015449.1	26.263	792	1.59e-44	168
WP_011013977.1	WP_011013775.1	25.000	516	5.38e-21	94.7
WP_011013978.1	WP_011013978.1	100.000	168	3.44e-122	338
WP_011013979.1	WP_011013979.1	100.000	210	4.96e-147	404
WP_011013981.1	WP_011013981.1	100.000	517	0.0	1056
WP_011013981.1	WP_011015008.1	98.066	517	0.0	1033
WP_011013981.1	WP_011015123.1	96.132	517	0.0	1012
WP_011013981.1	WP_011015456.1	37.991	458	1.80e-84	265
WP_011013981.1	WP_011014124.1	35.088	57	4.88e-06	45.1
WP_011013981.1	WP_011015161.1	35.088	57	6.24e-06	44.7
WP_011013982.1	WP_011013982.1	100.000	549	0.0	1131
WP_011013982.1	WP_011013694.1	25.486	514	2.30e-35	137
WP_011013982.1	WP_011014121.1	36.129	155	1.14e-22	98.6
WP_011013982.1	WP_011015054.1	31.217	189	1.28e-22	98.2
WP_011013982.1	WP_011013696.1	32.110	109	8.66e-08	50.8
WP_011013982.1	WP_011014802.1	33.803	71	3.86e-07	49.3
WP_011013983.1	WP_011013983.1	100.000	359	0.0	700
WP_011013984.1	WP_011013984.1	100.000	242	5.55e-180	490
WP_011013984.1	WP_003854632.1	32.727	220	3.65e-30	112
WP_011013984.1	WP_011013996.1	32.035	231	9.49e-29	107
WP_011013984.1	WP_011014379.1	33.480	227	2.73e-26	99.8
WP_011013984.1	WP_011013807.1	29.958	237	5.91e-25	95.9
WP_011013984.1	WP_011014450.1	31.441	229	2.04e-23	93.2
WP_011013984.1	WP_011015118.1	30.667	225	3.87e-23	94.0
WP_011013984.1	WP_011015118.1	23.077	247	5.17e-08	49.3
WP_011013984.1	WP_003857431.1	27.273	242	1.48e-22	89.4
WP_011013984.1	WP_011014233.1	27.948	229	7.20e-21	87.4
WP_011013984.1	WP_011013985.1	28.205	234	1.77e-20	83.6
WP_011013984.1	WP_011013802.1	27.232	224	2.52e-20	84.0
WP_011013984.1	WP_011013642.1	29.487	234	4.40e-20	84.3
WP_011013984.1	WP_003861735.1	25.610	246	8.97e-20	82.4
WP_011013984.1	WP_011013479.1	27.731	238	6.83e-19	80.5
WP_011013984.1	WP_011013851.1	26.368	201	7.11e-19	80.5
WP_011013984.1	WP_011013906.1	24.895	237	5.19e-18	77.0
WP_011013984.1	WP_011015345.1	28.509	228	5.65e-18	77.8
WP_011013984.1	WP_011014374.1	28.448	232	7.56e-18	76.6
WP_011013984.1	WP_011014492.1	24.583	240	8.87e-18	76.6
WP_011013984.1	WP_011014850.1	27.500	240	9.78e-18	77.0
WP_011013984.1	WP_003856990.1	30.806	211	1.23e-17	76.3
WP_011013984.1	WP_003858826.1	27.197	239	3.13e-17	75.1
WP_011013984.1	WP_011013698.1	27.426	237	3.40e-17	75.1
WP_011013984.1	WP_011013338.1	27.753	227	5.11e-17	74.7
WP_011013984.1	WP_011013622.1	26.860	242	7.70e-17	74.3
WP_011013984.1	WP_003857536.1	28.696	230	7.63e-16	70.9
WP_011013984.1	WP_011265986.1	27.083	240	9.68e-16	72.4
WP_011013984.1	WP_011015040.1	26.432	227	2.49e-15	71.2
WP_011013984.1	WP_011015040.1	27.731	238	1.93e-11	59.7
WP_011013984.1	WP_011013333.1	28.085	235	8.39e-15	68.2
WP_011013984.1	WP_003855103.1	25.000	216	1.21e-14	67.4
WP_011013984.1	WP_004567959.1	26.496	234	1.46e-14	68.2
WP_011013984.1	WP_011015221.1	25.703	249	2.90e-14	67.0
WP_011013984.1	WP_011014327.1	23.671	207	6.01e-14	67.0
WP_011013984.1	WP_011014807.1	29.204	226	8.98e-14	66.6
WP_011013984.1	WP_011014807.1	26.210	248	1.30e-12	63.2
WP_011013984.1	WP_003862124.1	29.353	201	1.48e-13	65.9
WP_011013984.1	WP_003862124.1	32.105	190	1.91e-09	53.5
WP_011013984.1	WP_011015140.1	23.394	218	5.55e-13	63.9
WP_011013984.1	WP_011013783.1	27.670	206	8.06e-13	62.4
WP_011013984.1	WP_003858089.1	27.041	196	2.23e-12	61.2
WP_011013984.1	WP_011014139.1	25.339	221	3.37e-12	62.4
WP_011013984.1	WP_011265940.1	24.390	246	6.83e-12	60.1
WP_011013984.1	WP_011014212.1	25.974	231	1.49e-11	58.9
WP_011013984.1	WP_011014216.1	29.004	231	2.38e-11	58.9
WP_011013984.1	WP_011013331.1	29.412	221	3.27e-11	57.8
WP_011013984.1	WP_011013931.1	28.139	231	3.83e-11	57.4
WP_011013984.1	WP_011013712.1	26.407	231	5.98e-11	58.2
WP_011013984.1	WP_011013712.1	25.974	231	1.01e-10	57.8
WP_011013984.1	WP_011015020.1	27.000	200	9.08e-11	57.8
WP_011013984.1	WP_011014362.1	28.509	228	4.66e-10	55.5
WP_011013984.1	WP_011014910.1	26.190	252	7.46e-10	55.1
WP_011013984.1	WP_011014012.1	24.664	223	3.84e-09	52.8
WP_011013984.1	WP_011014351.1	25.114	219	5.72e-09	52.4
WP_011013984.1	WP_011014785.1	29.474	190	2.18e-08	49.7
WP_011013984.1	WP_003856445.1	25.641	234	2.58e-08	49.7
WP_011013984.1	WP_011014540.1	22.222	198	4.94e-08	48.1
WP_011013984.1	WP_011013968.1	26.027	219	5.97e-08	49.3
WP_011013984.1	WP_011014443.1	28.899	218	7.10e-08	48.9
WP_011013984.1	WP_011014424.1	25.346	217	1.40e-07	48.1
WP_011013984.1	WP_011265658.1	27.064	218	1.59e-07	48.1
WP_011013984.1	WP_011013466.1	24.444	225	1.62e-06	44.3
WP_011013984.1	WP_011265869.1	31.395	172	2.77e-06	44.3
WP_011013984.1	WP_011015284.1	24.444	225	3.86e-06	43.1
WP_011013984.1	WP_003860245.1	21.186	236	4.81e-06	43.1
WP_011013985.1	WP_011013985.1	100.000	233	1.21e-170	466
WP_011013985.1	WP_011014850.1	34.649	228	9.33e-31	112
WP_011013985.1	WP_003858826.1	30.769	247	2.82e-29	107
WP_011013985.1	WP_011014450.1	30.317	221	3.21e-26	100
WP_011013985.1	WP_003857431.1	31.839	223	4.66e-26	98.2
WP_011013985.1	WP_003854632.1	30.667	225	7.95e-25	97.1
WP_011013985.1	WP_011014492.1	30.172	232	3.43e-23	90.9
WP_011013985.1	WP_011014374.1	29.730	185	8.45e-23	89.7
WP_011013985.1	WP_011013333.1	29.310	232	1.28e-21	86.7
WP_011013985.1	WP_011015040.1	28.390	236	1.68e-21	89.0
WP_011013985.1	WP_011015040.1	24.215	223	4.11e-12	61.6
WP_011013985.1	WP_003861735.1	29.493	217	5.89e-21	85.5
WP_011013985.1	WP_011013802.1	31.624	234	7.76e-21	85.1
WP_011013985.1	WP_011014807.1	29.412	204	1.09e-20	86.7
WP_011013985.1	WP_011014807.1	32.020	203	6.76e-18	78.6
WP_011013985.1	WP_011013984.1	28.205	234	1.70e-20	83.6
WP_011013985.1	WP_004567959.1	28.899	218	3.30e-20	83.6
WP_011013985.1	WP_011013783.1	32.308	195	5.33e-20	82.0
WP_011013985.1	WP_011013642.1	28.788	198	7.80e-20	83.2
WP_011013985.1	WP_011013851.1	36.054	147	8.95e-20	82.8
WP_011013985.1	WP_011015345.1	28.436	211	1.29e-19	82.4
WP_011013985.1	WP_011013338.1	28.444	225	2.19e-19	80.9
WP_011013985.1	WP_011015118.1	28.037	214	2.27e-19	82.8
WP_011013985.1	WP_011015118.1	26.848	257	8.78e-15	69.3
WP_011013985.1	WP_011013996.1	27.511	229	2.34e-19	81.6
WP_011013985.1	WP_003855103.1	26.991	226	3.75e-19	79.7
WP_011013985.1	WP_003856990.1	30.736	231	1.06e-18	79.0
WP_011013985.1	WP_003860245.1	28.507	221	1.70e-18	79.0
WP_011013985.1	WP_011013931.1	30.846	201	5.54e-18	76.3
WP_011013985.1	WP_011013479.1	27.468	233	2.07e-17	75.9
WP_011013985.1	WP_011265940.1	28.959	221	7.36e-17	73.9
WP_011013985.1	WP_011014379.1	29.333	225	7.94e-17	73.9
WP_011013985.1	WP_011015140.1	27.488	211	9.50e-17	74.7
WP_011013985.1	WP_011015284.1	29.245	212	7.85e-16	71.2
WP_011013985.1	WP_011014327.1	32.895	152	8.05e-16	72.4
WP_011013985.1	WP_011013906.1	27.928	222	9.44e-16	70.9
WP_011013985.1	WP_003862124.1	29.493	217	2.67e-15	70.9
WP_011013985.1	WP_003862124.1	32.414	145	2.16e-06	44.3
WP_011013985.1	WP_011013331.1	27.919	197	2.95e-15	68.9
WP_011013985.1	WP_011014233.1	23.529	221	4.29e-15	70.5
WP_011013985.1	WP_011014233.1	25.792	221	1.11e-14	68.9
WP_011013985.1	WP_011015020.1	31.818	176	4.40e-15	70.5
WP_011013985.1	WP_011015133.1	26.244	221	5.31e-15	70.1
WP_011013985.1	WP_011015133.1	24.800	250	3.28e-08	50.1
WP_011013985.1	WP_011013807.1	26.754	228	1.11e-14	67.8
WP_011013985.1	WP_011265986.1	26.809	235	3.01e-14	67.8
WP_011013985.1	WP_011014139.1	27.727	220	3.49e-14	67.8
WP_011013985.1	WP_011014139.1	28.402	169	2.20e-10	56.6
WP_011013985.1	WP_011014216.1	30.846	201	5.16e-14	66.2
WP_011013985.1	WP_011013698.1	27.074	229	5.45e-14	65.9
WP_011013985.1	WP_011014540.1	25.275	182	2.67e-13	63.2
WP_011013985.1	WP_011015221.1	26.339	224	4.37e-13	63.2
WP_011013985.1	WP_003858089.1	25.373	201	5.97e-13	62.8
WP_011013985.1	WP_011014212.1	30.573	157	7.55e-13	62.4
WP_011013985.1	WP_011014011.1	27.426	237	2.32e-12	62.4
WP_011013985.1	WP_011015261.1	34.615	156	2.38e-12	60.8
WP_011013985.1	WP_011013712.1	31.148	183	2.53e-12	62.0
WP_011013985.1	WP_011013712.1	24.091	220	7.70e-11	57.8
WP_011013985.1	WP_011014910.1	29.798	198	4.07e-12	61.6
WP_011013985.1	WP_011014910.1	28.750	160	1.59e-06	44.7
WP_011013985.1	WP_011014362.1	26.638	229	4.82e-12	61.2
WP_011013985.1	WP_003857536.1	27.419	186	7.96e-12	59.3
WP_011013985.1	WP_003856445.1	25.000	240	8.08e-12	59.7
WP_011013985.1	WP_011013622.1	26.638	229	3.07e-11	58.2
WP_011013985.1	WP_011013968.1	27.459	244	4.95e-11	58.5
WP_011013985.1	WP_011013968.1	28.667	150	1.04e-08	51.6
WP_011013985.1	WP_011013466.1	25.000	204	5.86e-10	54.3
WP_011013985.1	WP_011014012.1	28.641	206	6.67e-10	55.1
WP_011013985.1	WP_011014443.1	29.518	166	1.00e-09	54.3
WP_011013985.1	WP_011014443.1	26.368	201	1.85e-07	47.8
WP_011013985.1	WP_011265658.1	25.439	228	1.82e-09	53.5
WP_011013985.1	WP_011014865.1	31.646	158	6.96e-09	52.0
WP_011013985.1	WP_003856078.1	24.885	217	5.10e-08	48.5
WP_011013985.1	WP_020948580.1	40.845	71	1.32e-07	48.1
WP_011013985.1	WP_011265869.1	27.329	161	3.23e-07	47.0
WP_011013985.1	WP_011014785.1	34.921	126	5.28e-07	45.4
WP_011013985.1	WP_011014351.1	26.020	196	5.39e-07	46.2
WP_011013985.1	WP_011014110.1	34.426	61	1.64e-06	44.7
WP_011013985.1	WP_011014089.1	27.160	162	2.53e-06	44.3
WP_011013986.1	WP_011013986.1	100.000	204	5.20e-152	416
WP_011013986.1	WP_011265655.1	40.113	177	1.39e-36	122
WP_011013987.1	WP_011013987.1	100.000	341	0.0	678
WP_011013988.1	WP_011013988.1	100.000	480	0.0	971
WP_011013988.1	WP_003862250.1	35.988	339	1.14e-57	191
WP_011013990.1	WP_011013990.1	100.000	200	8.28e-144	395
WP_011013991.1	WP_011013991.1	100.000	143	3.78e-107	298
WP_011013992.1	WP_011013992.1	100.000	208	1.63e-156	428
WP_011013993.1	WP_011013993.1	100.000	485	0.0	970
WP_011013993.1	WP_011013863.1	24.590	366	6.68e-13	66.2
WP_011013994.1	WP_011013994.1	100.000	409	0.0	799
WP_011013995.1	WP_011013995.1	100.000	513	0.0	1045
WP_011013995.1	WP_003859486.1	26.226	530	3.27e-14	71.2
WP_011013996.1	WP_011013996.1	100.000	306	0.0	620
WP_011013996.1	WP_011014450.1	45.413	218	7.02e-60	191
WP_011013996.1	WP_011014850.1	40.625	224	1.18e-45	153
WP_011013996.1	WP_004567959.1	35.096	208	9.80e-34	122
WP_011013996.1	WP_003861735.1	34.199	231	3.94e-33	120
WP_011013996.1	WP_011014374.1	34.000	200	7.35e-30	110
WP_011013996.1	WP_011015345.1	32.667	300	8.03e-30	112
WP_011013996.1	WP_011013984.1	32.035	231	1.20e-28	107
WP_011013996.1	WP_003854632.1	28.311	219	2.33e-26	103
WP_011013996.1	WP_003855103.1	31.222	221	3.81e-25	97.4
WP_011013996.1	WP_003857431.1	29.870	231	1.10e-24	96.7
WP_011013996.1	WP_011015040.1	29.596	223	1.79e-23	96.7
WP_011013996.1	WP_011015040.1	33.333	216	7.04e-18	80.1
WP_011013996.1	WP_003858826.1	27.311	238	3.67e-23	92.8
WP_011013996.1	WP_003856445.1	29.630	243	4.65e-23	92.8
WP_011013996.1	WP_011015284.1	32.394	213	1.18e-22	91.7
WP_011013996.1	WP_011014212.1	31.982	222	3.80e-22	89.7
WP_011013996.1	WP_011013479.1	29.412	221	4.80e-22	90.5
WP_011013996.1	WP_011013622.1	31.527	203	1.45e-21	88.6
WP_011013996.1	WP_011013642.1	29.528	254	1.77e-21	89.7
WP_011013996.1	WP_011014492.1	25.877	228	3.37e-20	84.3
WP_011013996.1	WP_011013851.1	30.612	196	7.07e-20	84.7
WP_011013996.1	WP_011013807.1	28.509	228	7.12e-20	83.6
WP_011013996.1	WP_011013802.1	27.757	263	2.45e-19	82.4
WP_011013996.1	WP_011013985.1	27.511	229	3.07e-19	81.6
WP_011013996.1	WP_011014233.1	25.909	220	4.54e-19	84.0
WP_011013996.1	WP_011014233.1	24.242	231	1.04e-11	61.6
WP_011013996.1	WP_011015140.1	28.315	279	6.95e-19	82.4
WP_011013996.1	WP_011265986.1	30.213	235	7.94e-19	83.2
WP_011013996.1	WP_011014379.1	24.481	241	2.50e-18	79.7
WP_011013996.1	WP_003857536.1	29.680	219	5.58e-18	77.8
WP_011013996.1	WP_011014327.1	30.583	206	1.08e-17	79.3
WP_011013996.1	WP_011013968.1	32.804	189	1.22e-17	79.7
WP_011013996.1	WP_011013968.1	33.553	152	2.96e-11	60.5
WP_011013996.1	WP_003860245.1	27.313	227	1.45e-17	77.8
WP_011013996.1	WP_011013333.1	25.893	224	4.90e-17	75.9
WP_011013996.1	WP_011013712.1	26.609	233	8.82e-17	77.0
WP_011013996.1	WP_011013712.1	23.047	256	7.34e-11	58.9
WP_011013996.1	WP_011013338.1	27.753	227	4.13e-16	73.2
WP_011013996.1	WP_011013698.1	26.991	226	6.06e-16	72.8
WP_011013996.1	WP_011265940.1	28.326	233	7.29e-15	69.7
WP_011013996.1	WP_011013931.1	29.730	222	8.80e-15	68.9
WP_011013996.1	WP_003858089.1	24.651	215	1.75e-14	68.2
WP_011013996.1	WP_011013331.1	24.561	228	2.56e-14	67.4
WP_011013996.1	WP_011014216.1	26.457	223	6.62e-14	67.4
WP_011013996.1	WP_003862124.1	31.132	212	2.05e-13	66.6
WP_011013996.1	WP_003862124.1	27.556	225	1.22e-10	58.2
WP_011013996.1	WP_011014807.1	26.160	237	4.07e-13	65.9
WP_011013996.1	WP_011014807.1	25.424	236	2.98e-08	51.2
WP_011013996.1	WP_003856990.1	26.639	244	4.40e-13	64.7
WP_011013996.1	WP_011013783.1	25.225	222	1.01e-12	63.2
WP_011013996.1	WP_011015118.1	27.615	239	1.75e-12	63.9
WP_011013996.1	WP_011015118.1	25.604	207	8.24e-12	62.0
WP_011013996.1	WP_011015261.1	29.665	209	2.04e-12	62.0
WP_011013996.1	WP_011014424.1	26.423	246	2.16e-12	63.9
WP_011013996.1	WP_011013906.1	24.675	231	2.45e-12	62.4
WP_011013996.1	WP_011015020.1	25.000	204	5.03e-12	62.8
WP_011013996.1	WP_011015133.1	30.769	169	1.03e-10	58.5
WP_011013996.1	WP_011015133.1	27.273	231	1.84e-08	51.6
WP_011013996.1	WP_011014351.1	27.807	187	1.04e-10	58.5
WP_011013996.1	WP_011014351.1	29.518	166	3.75e-09	53.9
WP_011013996.1	WP_011014139.1	26.316	228	2.74e-10	57.8
WP_011013996.1	WP_011014139.1	23.944	213	7.27e-09	53.1
WP_011013996.1	WP_011015221.1	25.738	237	2.93e-10	56.2
WP_011013996.1	WP_011014910.1	28.713	202	3.51e-10	57.0
WP_011013996.1	WP_011014443.1	28.205	195	1.05e-09	55.5
WP_011013996.1	WP_011014443.1	26.818	220	5.54e-09	53.1
WP_011013996.1	WP_011014362.1	26.582	237	1.87e-09	54.7
WP_011013996.1	WP_011013466.1	26.214	206	3.22e-09	53.1
WP_011013996.1	WP_011014785.1	27.778	180	2.59e-08	50.1
WP_011013996.1	WP_011265658.1	25.410	244	2.98e-08	51.2
WP_011013996.1	WP_011014540.1	26.178	191	3.42e-08	49.3
WP_011013996.1	WP_011014089.1	31.053	190	1.92e-07	48.5
WP_011013996.1	WP_011014011.1	25.446	224	6.75e-07	47.0
WP_011013996.1	WP_011014012.1	25.926	216	1.46e-06	45.8
WP_011013996.1	WP_011265869.1	26.961	204	2.53e-06	45.1
WP_011013997.1	WP_011013997.1	100.000	277	0.0	556
WP_011013998.1	WP_011013998.1	100.000	419	0.0	845
WP_011013998.1	WP_011015505.1	25.701	214	7.00e-08	50.4
WP_011013999.1	WP_011013999.1	100.000	368	0.0	741
WP_011013999.1	WP_003858295.1	28.926	121	2.09e-07	48.5
WP_011014000.1	WP_011014000.1	100.000	466	0.0	923
WP_011014000.1	WP_011265741.1	32.321	461	2.12e-46	165
WP_011014000.1	WP_020948580.1	29.302	430	6.51e-26	107
WP_011014000.1	WP_011014139.1	23.418	474	6.20e-19	86.7
WP_011014000.1	WP_011014139.1	32.540	126	4.75e-11	61.6
WP_011014000.1	WP_011014139.1	28.431	204	1.81e-06	47.0
WP_011014000.1	WP_003855103.1	35.294	102	2.35e-12	63.2
WP_011014000.1	WP_011014011.1	22.420	281	1.74e-11	62.8
WP_011014000.1	WP_011014011.1	30.909	110	1.04e-08	53.9
WP_011014000.1	WP_011014012.1	29.104	134	2.02e-11	62.4
WP_011014000.1	WP_011015020.1	42.029	69	5.94e-11	60.8
WP_011014000.1	WP_011013931.1	38.571	70	2.20e-07	48.1
WP_011014000.1	WP_003858826.1	38.889	72	5.81e-07	47.0
WP_011014000.1	WP_011013851.1	34.884	86	1.38e-06	46.6
WP_011014000.1	WP_011013642.1	43.243	74	1.40e-06	46.6
WP_011014000.1	WP_003862124.1	31.013	158	1.46e-06	46.6
WP_011014000.1	WP_003857431.1	30.088	113	2.51e-06	45.1
WP_011014000.1	WP_011014865.1	32.911	79	3.46e-06	45.4
WP_011014000.1	WP_011013333.1	40.580	69	3.91e-06	44.7
WP_011014000.1	WP_011013479.1	31.959	97	6.47e-06	44.3
WP_011014000.1	WP_011265869.1	28.455	123	7.25e-06	44.7
WP_011014000.1	WP_011014450.1	31.959	97	7.65e-06	44.3
WP_011014002.1	WP_011014002.1	100.000	657	0.0	1326
WP_011014003.1	WP_011014003.1	100.000	83	1.46e-58	170
WP_011014003.1	WP_003859360.1	43.902	82	3.53e-16	63.9
WP_011014004.1	WP_011014004.1	100.000	141	3.11e-98	275
WP_011014004.1	WP_020948502.1	44.444	36	3.58e-06	41.2
WP_011014005.1	WP_011014005.1	100.000	236	0.0	491
WP_011014008.1	WP_011014008.1	100.000	199	8.56e-150	410
WP_011014009.1	WP_011014009.1	100.000	217	9.75e-164	447
WP_011014009.1	WP_011015080.1	39.130	46	5.70e-06	42.4
WP_011014010.1	WP_011014010.1	100.000	1214	0.0	2471
WP_011014010.1	WP_011014290.1	34.230	409	8.39e-57	206
WP_011014011.1	WP_011014011.1	100.000	656	0.0	1334
WP_011014011.1	WP_011014139.1	32.762	525	7.34e-84	283
WP_011014011.1	WP_011014139.1	29.435	513	5.66e-61	217
WP_011014011.1	WP_011014012.1	33.120	468	4.09e-79	259
WP_011014011.1	WP_011015020.1	31.551	561	8.15e-77	254
WP_011014011.1	WP_011014362.1	26.945	527	7.40e-56	196
WP_011014011.1	WP_011265658.1	28.215	521	1.20e-50	181
WP_011014011.1	WP_011014424.1	25.000	528	4.69e-36	140
WP_011014011.1	WP_011014865.1	24.429	438	9.96e-29	117
WP_011014011.1	WP_003854632.1	32.143	252	9.68e-22	94.0
WP_011014011.1	WP_003857431.1	30.357	224	3.21e-20	87.0
WP_011014011.1	WP_003858089.1	27.236	246	2.29e-18	81.3
WP_011014011.1	WP_003858826.1	26.906	223	5.59e-18	80.5
WP_011014011.1	WP_011014154.1	25.577	477	3.29e-17	81.3
WP_011014011.1	WP_011015221.1	28.155	206	1.84e-16	76.3
WP_011014011.1	WP_011013642.1	27.039	233	1.29e-15	75.1
WP_011014011.1	WP_011013906.1	29.461	241	1.40e-15	73.6
WP_011014011.1	WP_011015140.1	25.217	230	1.41e-15	75.5
WP_011014011.1	WP_011015118.1	28.889	225	1.85e-15	75.9
WP_011014011.1	WP_011015118.1	26.383	235	1.05e-08	54.3
WP_011014011.1	WP_011014807.1	27.602	221	1.91e-15	75.9
WP_011014011.1	WP_011014807.1	25.306	245	3.44e-10	59.3
WP_011014011.1	WP_011265869.1	27.536	207	3.34e-15	75.1
WP_011014011.1	WP_011014327.1	26.316	190	5.97e-15	73.6
WP_011014011.1	WP_011013338.1	28.139	231	6.85e-15	71.6
WP_011014011.1	WP_011013931.1	28.194	227	1.05e-14	70.5
WP_011014011.1	WP_011014492.1	28.384	229	1.19e-14	70.9
WP_011014011.1	WP_011013807.1	26.293	232	1.92e-14	70.5
WP_011014011.1	WP_003856445.1	27.059	255	3.52e-14	69.7
WP_011014011.1	WP_011013851.1	24.569	232	1.34e-13	68.9
WP_011014011.1	WP_003857536.1	26.872	227	2.16e-13	66.6
WP_011014011.1	WP_020948580.1	24.569	464	5.72e-13	68.2
WP_011014011.1	WP_011013698.1	26.891	238	5.94e-13	65.9
WP_011014011.1	WP_003855103.1	26.549	226	1.41e-12	64.3
WP_011014011.1	WP_011014450.1	27.451	255	1.78e-12	65.5
WP_011014011.1	WP_011265940.1	26.809	235	4.69e-12	63.2
WP_011014011.1	WP_011014233.1	25.822	213	5.23e-12	65.1
WP_011014011.1	WP_011013802.1	24.454	229	5.85e-12	63.2
WP_011014011.1	WP_011015040.1	29.167	240	5.88e-12	64.7
WP_011014011.1	WP_011015040.1	25.498	251	4.04e-11	62.0
WP_011014011.1	WP_011013985.1	27.426	237	7.32e-12	62.4
WP_011014011.1	WP_011013783.1	24.889	225	1.03e-11	62.0
WP_011014011.1	WP_011014374.1	24.034	233	1.28e-11	61.6
WP_011014011.1	WP_011014850.1	26.293	232	1.40e-11	62.4
WP_011014011.1	WP_003856990.1	24.561	228	2.18e-11	61.2
WP_011014011.1	WP_011014379.1	25.417	240	3.65e-11	60.8
WP_011014011.1	WP_011265694.1	21.519	474	6.88e-11	61.2
WP_011014011.1	WP_003862124.1	26.695	236	7.02e-11	61.2
WP_011014011.1	WP_003862124.1	27.317	205	1.47e-09	57.0
WP_011014011.1	WP_011013333.1	27.638	199	7.17e-11	59.7
WP_011014011.1	WP_011265986.1	25.000	248	8.52e-11	61.2
WP_011014011.1	WP_003861735.1	24.658	219	9.73e-11	59.7
WP_011014011.1	WP_011015284.1	25.806	217	2.58e-10	58.2
WP_011014011.1	WP_011014212.1	25.676	222	5.51e-10	56.6
WP_011014011.1	WP_011014785.1	26.667	210	8.88e-10	55.8
WP_011014011.1	WP_011013622.1	23.810	231	1.05e-09	56.2
WP_011014011.1	WP_011014216.1	28.936	235	1.13e-09	56.6
WP_011014011.1	WP_003860245.1	24.766	214	1.27e-09	56.2
WP_011014011.1	WP_011265741.1	22.420	281	1.71e-09	57.0
WP_011014011.1	WP_011013479.1	22.764	246	2.90e-09	55.5
WP_011014011.1	WP_011014000.1	22.957	257	6.48e-09	55.1
WP_011014011.1	WP_011014000.1	30.909	110	1.32e-08	53.9
WP_011014011.1	WP_011015133.1	24.206	252	7.87e-09	54.7
WP_011014011.1	WP_004567959.1	26.794	209	2.49e-08	52.4
WP_011014011.1	WP_011013712.1	22.727	242	6.06e-08	52.0
WP_011014011.1	WP_011013712.1	25.778	225	1.45e-07	50.8
WP_011014011.1	WP_011014351.1	25.877	228	8.40e-08	51.6
WP_011014011.1	WP_011013968.1	24.294	177	1.04e-07	51.2
WP_011014011.1	WP_011015261.1	26.627	169	1.86e-07	48.9
WP_011014011.1	WP_003856078.1	25.664	226	2.63e-07	48.9
WP_011014011.1	WP_011013996.1	25.446	224	1.38e-06	47.0
WP_011014011.1	WP_011013331.1	25.221	226	9.01e-06	43.9
WP_011014012.1	WP_011014012.1	100.000	577	0.0	1159
WP_011014012.1	WP_011014011.1	33.120	468	7.09e-76	250
WP_011014012.1	WP_011014139.1	29.787	564	3.87e-73	250
WP_011014012.1	WP_011014139.1	30.408	490	2.10e-54	196
WP_011014012.1	WP_011015020.1	26.797	612	6.44e-53	187
WP_011014012.1	WP_011014362.1	27.115	520	9.20e-42	155
WP_011014012.1	WP_011265658.1	25.397	504	7.87e-38	144
WP_011014012.1	WP_011014424.1	25.000	504	1.32e-32	129
WP_011014012.1	WP_011014865.1	26.316	456	6.30e-26	107
WP_011014012.1	WP_003854632.1	31.890	254	5.36e-23	97.4
WP_011014012.1	WP_011265869.1	29.583	240	1.73e-22	97.8
WP_011014012.1	WP_011013642.1	29.289	239	1.88e-20	89.7
WP_011014012.1	WP_011015118.1	31.556	225	5.31e-20	90.1
WP_011014012.1	WP_011015118.1	30.603	232	1.02e-11	63.9
WP_011014012.1	WP_011015140.1	26.271	236	5.52e-20	88.6
WP_011014012.1	WP_011013851.1	29.412	221	1.19e-19	87.0
WP_011014012.1	WP_011014807.1	31.250	224	4.93e-18	84.0
WP_011014012.1	WP_011014807.1	29.545	220	1.26e-12	66.6
WP_011014012.1	WP_011013931.1	34.483	203	9.67e-18	79.0
WP_011014012.1	WP_003858826.1	29.565	230	2.60e-17	78.6
WP_011014012.1	WP_011014327.1	28.448	232	3.01e-17	80.5
WP_011014012.1	WP_011013479.1	29.956	227	5.60e-16	75.5
WP_011014012.1	WP_003858089.1	30.769	182	6.25e-16	73.9
WP_011014012.1	WP_011014379.1	30.000	210	2.73e-15	72.8
WP_011014012.1	WP_011013698.1	28.205	234	5.10e-15	72.0
WP_011014012.1	WP_003855103.1	28.774	212	6.81e-15	70.9
WP_011014012.1	WP_011013802.1	23.849	239	2.79e-14	69.7
WP_011014012.1	WP_011014212.1	30.275	218	2.98e-14	69.3
WP_011014012.1	WP_011014450.1	27.381	252	1.04e-12	65.9
WP_011014012.1	WP_003857431.1	30.723	166	1.05e-12	64.7
WP_011014012.1	WP_011013906.1	25.822	213	2.54e-12	63.5
WP_011014012.1	WP_011265986.1	27.311	238	6.07e-12	64.7
WP_011014012.1	WP_011013807.1	31.429	210	1.01e-11	62.0
WP_011014012.1	WP_011265940.1	22.780	259	1.17e-11	62.0
WP_011014012.1	WP_011015284.1	30.837	227	1.43e-11	61.6
WP_011014012.1	WP_011013338.1	25.424	236	2.23e-11	60.8
WP_011014012.1	WP_011015221.1	28.415	183	2.50e-11	60.8
WP_011014012.1	WP_011014374.1	28.111	217	3.71e-11	60.1
WP_011014012.1	WP_011013331.1	28.829	222	4.14e-11	59.7
WP_011014012.1	WP_011014000.1	29.104	134	4.35e-11	61.6
WP_011014012.1	WP_011015040.1	32.105	190	4.55e-11	61.6
WP_011014012.1	WP_011015040.1	32.484	157	1.76e-08	53.1
WP_011014012.1	WP_003860245.1	28.839	267	7.49e-11	59.7
WP_011014012.1	WP_020948580.1	34.043	141	1.19e-10	60.5
WP_011014012.1	WP_011013783.1	29.885	174	2.60e-10	57.4
WP_011014012.1	WP_011265694.1	21.756	501	5.25e-10	58.2
WP_011014012.1	WP_003857536.1	28.652	178	7.38e-10	55.8
WP_011014012.1	WP_011014850.1	25.339	221	8.21e-10	56.6
WP_011014012.1	WP_003856990.1	27.027	222	1.32e-09	55.8
WP_011014012.1	WP_011013712.1	32.143	168	1.63e-09	56.6
WP_011014012.1	WP_011013712.1	23.451	226	2.56e-08	53.1
WP_011014012.1	WP_011013985.1	28.641	206	1.65e-09	55.1
WP_011014012.1	WP_011014492.1	25.551	227	2.11e-09	55.1
WP_011014012.1	WP_003856445.1	25.532	188	2.64e-09	54.7
WP_011014012.1	WP_003861735.1	22.605	261	4.21e-09	54.3
WP_011014012.1	WP_003862124.1	25.140	179	4.41e-09	55.1
WP_011014012.1	WP_011013622.1	28.333	180	5.20e-09	53.9
WP_011014012.1	WP_011013968.1	28.889	180	7.20e-09	54.7
WP_011014012.1	WP_011013984.1	24.664	223	9.16e-09	52.8
WP_011014012.1	WP_003856078.1	27.315	216	2.54e-08	51.6
WP_011014012.1	WP_011265741.1	26.282	156	2.93e-08	52.8
WP_011014012.1	WP_011015345.1	25.616	203	2.99e-08	52.0
WP_011014012.1	WP_011013333.1	29.762	168	4.27e-08	50.8
WP_011014012.1	WP_011014154.1	27.586	261	5.87e-08	51.6
WP_011014012.1	WP_011013996.1	25.926	216	2.76e-06	45.8
WP_011014012.1	WP_011014910.1	24.519	208	4.23e-06	45.8
WP_011014014.1	WP_011014014.1	100.000	426	0.0	868
WP_011014014.1	WP_011015457.1	33.333	87	8.07e-07	47.0
WP_011014015.1	WP_011014015.1	100.000	501	0.0	990
WP_011014016.1	WP_011014016.1	100.000	195	2.08e-144	396
WP_011014017.1	WP_011014017.1	100.000	123	9.91e-88	247
WP_011014018.1	WP_011014018.1	100.000	126	2.56e-91	256
WP_011014019.1	WP_011014019.1	100.000	254	0.0	518
WP_011014020.1	WP_011014020.1	100.000	180	7.24e-131	361
WP_011014021.1	WP_011014021.1	100.000	184	5.43e-137	377
WP_011014022.1	WP_011014022.1	100.000	310	0.0	620
WP_011014022.1	WP_003862033.1	28.616	318	2.43e-18	81.3
WP_011014023.1	WP_011014023.1	100.000	65	3.58e-44	132
WP_011014025.1	WP_011014025.1	100.000	63	1.37e-44	133
WP_011014025.1	WP_011013762.1	36.957	46	4.79e-06	38.1
WP_011014026.1	WP_011014026.1	100.000	331	0.0	678
WP_011014028.1	WP_011014028.1	100.000	150	7.88e-108	300
WP_011014029.1	WP_011014029.1	100.000	174	7.91e-127	350
WP_011014030.1	WP_011014030.1	100.000	291	0.0	603
WP_011014030.1	WP_003858626.1	31.200	250	1.75e-29	110
WP_011014031.1	WP_011014031.1	100.000	366	0.0	748
WP_011014033.1	WP_011014033.1	100.000	173	4.68e-131	360
WP_011014034.1	WP_011014034.1	100.000	323	0.0	659
WP_011014036.1	WP_011014036.1	100.000	241	7.31e-179	487
WP_011014037.1	WP_011014037.1	100.000	224	2.03e-165	452
WP_011014038.1	WP_011014038.1	100.000	179	2.76e-136	374
WP_011014039.1	WP_011014039.1	100.000	293	0.0	599
WP_011014040.1	WP_011014040.1	100.000	217	4.09e-159	435
WP_011014041.1	WP_011014041.1	100.000	252	0.0	507
WP_011014042.1	WP_011014042.1	100.000	436	0.0	844
WP_011014044.1	WP_011014044.1	100.000	217	5.91e-162	442
WP_011014044.1	WP_003860791.1	33.333	93	2.55e-11	57.8
WP_011014044.1	WP_011265924.1	28.409	176	2.79e-06	43.1
WP_011014045.1	WP_011014045.1	100.000	163	1.28e-118	328
WP_011014045.1	WP_011014253.1	29.630	162	1.26e-15	67.0
WP_011014046.1	WP_011014046.1	100.000	87	2.83e-63	182
WP_011014047.1	WP_011014047.1	100.000	149	1.39e-108	302
WP_011014048.1	WP_011014048.1	100.000	487	0.0	1000
WP_011014048.1	WP_011013841.1	31.829	421	4.91e-57	192
WP_011014048.1	WP_011014051.1	23.988	346	8.44e-10	57.0
WP_011014048.1	WP_011014210.1	22.222	225	1.46e-07	49.7
WP_011014049.1	WP_011014049.1	100.000	360	0.0	726
WP_011014049.1	WP_011014050.1	39.437	284	3.55e-47	161
WP_011014050.1	WP_011014050.1	100.000	399	0.0	797
WP_011014050.1	WP_011014049.1	39.437	284	3.54e-48	164
WP_011014051.1	WP_011014051.1	100.000	392	0.0	803
WP_011014051.1	WP_011014210.1	57.373	373	3.53e-153	434
WP_011014051.1	WP_011014048.1	23.988	346	3.49e-09	54.7
WP_011014051.1	WP_011013841.1	24.336	226	8.98e-08	50.1
WP_011014054.1	WP_011014054.1	100.000	75	1.32e-47	142
WP_011014055.1	WP_011014055.1	100.000	417	0.0	827
WP_011014057.1	WP_011014057.1	100.000	490	0.0	979
WP_011014057.1	WP_011015391.1	51.799	417	1.61e-138	404
WP_011014058.1	WP_011014058.1	100.000	60	5.39e-40	122
WP_011014059.1	WP_011014059.1	100.000	563	0.0	1108
WP_011014060.1	WP_011014060.1	100.000	411	0.0	831
WP_011014060.1	WP_011013583.1	30.612	294	1.13e-40	144
WP_011014060.1	WP_011015455.1	30.097	412	3.86e-38	142
WP_011014060.1	WP_011015457.1	34.035	285	6.69e-36	131
WP_011014060.1	WP_011014938.1	27.673	318	8.80e-29	114
WP_011014060.1	WP_011013975.1	27.358	318	3.55e-28	112
WP_011014061.1	WP_011014061.1	100.000	361	0.0	723
WP_011014061.1	WP_011015064.1	30.469	128	2.83e-13	67.0
WP_011014061.1	WP_011265844.1	39.062	64	1.86e-06	45.8
WP_011014062.1	WP_011014062.1	100.000	99	7.03e-72	205
WP_011014062.1	WP_011015575.1	68.919	74	3.33e-35	113
WP_011014062.1	WP_011265754.1	33.333	78	1.68e-11	52.4
WP_011014064.1	WP_011014064.1	100.000	167	2.49e-126	348
WP_011014065.1	WP_011014065.1	100.000	185	8.87e-138	379
WP_011014065.1	WP_003856628.1	31.461	89	2.62e-07	45.8
WP_011014065.1	WP_011015125.1	32.143	84	8.22e-06	41.2
WP_011014066.1	WP_011014066.1	100.000	402	0.0	824
WP_011014068.1	WP_011014068.1	100.000	489	0.0	993
WP_011014069.1	WP_011014069.1	100.000	73	5.08e-50	148
WP_011014070.1	WP_011014070.1	100.000	111	8.04e-76	216
WP_011014074.1	WP_011014074.1	100.000	122	1.18e-85	242
WP_011014075.1	WP_011014075.1	100.000	166	2.15e-123	340
WP_011014076.1	WP_011014076.1	100.000	267	0.0	550
WP_011014076.1	WP_011265932.1	40.711	253	6.26e-51	166
WP_011014076.1	WP_011013705.1	34.137	249	1.88e-45	150
WP_011014076.1	WP_011014301.1	33.333	243	2.45e-39	135
WP_011014076.1	WP_011014239.1	26.286	175	4.53e-07	46.6
WP_011014077.1	WP_011014077.1	100.000	107	1.60e-77	220
WP_011014077.1	WP_003859243.1	31.579	76	5.29e-08	44.3
WP_011014078.1	WP_011014078.1	100.000	218	2.48e-163	446
WP_011014078.1	WP_011265735.1	28.111	217	3.17e-10	55.1
WP_011014078.1	WP_020948522.1	26.667	105	8.66e-06	42.4
WP_011014082.1	WP_011014082.1	100.000	111	1.57e-80	228
WP_011014082.1	WP_011014272.1	67.593	108	2.71e-52	156
WP_011014083.1	WP_011014083.1	100.000	51	1.31e-33	105
WP_011014084.1	WP_011014084.1	100.000	652	0.0	1314
WP_011014086.1	WP_011014086.1	100.000	233	3.67e-175	477
WP_011014086.1	WP_003859605.1	34.409	186	4.92e-17	75.5
WP_011014086.1	WP_003855583.1	26.702	191	6.23e-13	62.0
WP_011014086.1	WP_003859329.1	29.310	174	2.65e-11	58.2
WP_011014086.1	WP_011015472.1	26.601	203	1.76e-10	55.5
WP_011014087.1	WP_011014087.1	100.000	235	1.76e-176	481
WP_011014088.1	WP_011014088.1	100.000	254	0.0	507
WP_011014088.1	WP_011265603.1	27.778	198	3.58e-09	52.8
WP_011014088.1	WP_011013822.1	28.652	178	8.01e-07	45.4
WP_011014088.1	WP_003859378.1	36.905	84	2.70e-06	44.3
WP_011014089.1	WP_011014089.1	100.000	547	0.0	1105
WP_011014089.1	WP_011014910.1	30.783	562	2.70e-61	208
WP_011014089.1	WP_011015133.1	29.981	527	4.86e-57	196
WP_011014089.1	WP_011015133.1	29.630	243	3.22e-23	99.8
WP_011014089.1	WP_011013968.1	29.963	544	3.45e-56	195
WP_011014089.1	WP_011013968.1	37.688	199	1.28e-23	101
WP_011014089.1	WP_011014443.1	29.856	556	1.65e-48	173
WP_011014089.1	WP_011014351.1	29.676	556	2.37e-37	141
WP_011014089.1	WP_011014351.1	31.000	200	2.52e-13	68.6
WP_011014089.1	WP_011014212.1	30.263	228	1.88e-15	72.8
WP_011014089.1	WP_011014212.1	29.448	163	3.83e-06	44.7
WP_011014089.1	WP_011265940.1	29.279	222	1.80e-14	70.1
WP_011014089.1	WP_003854632.1	29.952	207	3.84e-14	70.5
WP_011014089.1	WP_003854632.1	28.079	203	5.04e-08	51.6
WP_011014089.1	WP_011015040.1	28.182	220	1.37e-13	69.3
WP_011014089.1	WP_011015040.1	29.108	213	1.43e-12	66.2
WP_011014089.1	WP_011015040.1	26.887	212	5.12e-09	55.1
WP_011014089.1	WP_011015345.1	29.048	210	1.60e-13	68.2
WP_011014089.1	WP_011015345.1	30.899	178	4.37e-08	51.2
WP_011014089.1	WP_011014540.1	30.556	180	3.67e-13	65.1
WP_011014089.1	WP_011014807.1	24.584	541	4.42e-13	68.2
WP_011014089.1	WP_011013906.1	29.121	182	4.45e-13	65.9
WP_011014089.1	WP_011013906.1	27.536	207	3.06e-10	57.4
WP_011014089.1	WP_003857536.1	32.195	205	7.28e-13	64.7
WP_011014089.1	WP_003857536.1	26.728	217	2.12e-11	60.5
WP_011014089.1	WP_011013479.1	31.429	175	1.36e-12	65.1
WP_011014089.1	WP_011013479.1	28.436	211	6.51e-12	63.2
WP_011014089.1	WP_003861735.1	29.646	226	1.81e-12	64.3
WP_011014089.1	WP_003861735.1	27.962	211	7.37e-06	44.3
WP_011014089.1	WP_011013802.1	28.261	230	2.11e-12	63.9
WP_011014089.1	WP_011013802.1	28.729	181	1.27e-08	52.8
WP_011014089.1	WP_011013466.1	29.843	191	2.14e-12	63.9
WP_011014089.1	WP_011013466.1	51.220	41	3.17e-06	45.4
WP_011014089.1	WP_011013622.1	28.571	175	3.61e-12	63.5
WP_011014089.1	WP_011013622.1	29.032	186	1.96e-09	55.1
WP_011014089.1	WP_011013698.1	29.310	232	1.49e-11	61.6
WP_011014089.1	WP_011013996.1	29.319	191	1.97e-11	61.6
WP_011014089.1	WP_011013996.1	31.053	190	3.11e-07	48.5
WP_011014089.1	WP_003858089.1	25.957	235	6.86e-11	58.9
WP_011014089.1	WP_011014492.1	28.829	222	8.54e-11	58.9
WP_011014089.1	WP_011014492.1	28.333	180	7.83e-10	56.2
WP_011014089.1	WP_003856078.1	29.167	192	1.15e-10	58.5
WP_011014089.1	WP_011013338.1	26.522	230	1.18e-10	58.5
WP_011014089.1	WP_011013338.1	28.977	176	4.53e-08	50.8
WP_011014089.1	WP_003855103.1	29.204	226	2.95e-10	57.0
WP_011014089.1	WP_004567959.1	27.876	226	5.88e-10	57.0
WP_011014089.1	WP_011014216.1	29.891	184	9.34e-10	56.2
WP_011014089.1	WP_011265869.1	27.064	218	1.23e-09	57.0
WP_011014089.1	WP_011014233.1	26.087	207	2.65e-09	55.8
WP_011014089.1	WP_011014233.1	25.664	226	1.59e-06	47.0
WP_011014089.1	WP_011013712.1	29.167	216	5.04e-09	55.1
WP_011014089.1	WP_011013712.1	27.442	215	9.10e-08	51.2
WP_011014089.1	WP_011266014.1	31.034	174	5.10e-09	54.3
WP_011014089.1	WP_011013331.1	27.315	216	6.89e-09	52.8
WP_011014089.1	WP_011014450.1	26.512	215	1.09e-08	53.5
WP_011014089.1	WP_003860245.1	28.497	193	1.29e-08	52.8
WP_011014089.1	WP_011013642.1	29.167	192	1.29e-08	53.1
WP_011014089.1	WP_003856445.1	30.108	186	1.35e-08	52.4
WP_011014089.1	WP_003856445.1	31.176	170	8.49e-07	47.0
WP_011014089.1	WP_011013333.1	27.273	220	1.38e-08	52.4
WP_011014089.1	WP_011013931.1	25.833	240	2.24e-08	51.2
WP_011014089.1	WP_011013931.1	29.703	202	1.11e-07	49.3
WP_011014089.1	WP_011013985.1	26.064	188	2.56e-08	51.2
WP_011014089.1	WP_011013985.1	27.160	162	4.40e-06	44.7
WP_011014089.1	WP_003862124.1	27.488	211	3.80e-08	52.0
WP_011014089.1	WP_011014139.1	28.218	202	9.59e-08	51.2
WP_011014089.1	WP_011015284.1	23.645	203	9.81e-08	50.1
WP_011014089.1	WP_011015284.1	27.551	196	4.60e-06	44.7
WP_011014089.1	WP_011014379.1	26.977	215	1.08e-07	49.7
WP_011014089.1	WP_011013783.1	25.490	204	1.61e-07	48.9
WP_011014089.1	WP_011013783.1	26.923	182	1.58e-06	45.8
WP_011014089.1	WP_011014850.1	24.528	212	1.73e-07	49.3
WP_011014089.1	WP_011014850.1	27.879	165	6.76e-07	47.4
WP_011014089.1	WP_011015140.1	29.016	193	1.79e-07	49.7
WP_011014089.1	WP_011015020.1	29.070	172	1.06e-06	47.8
WP_011014089.1	WP_011015020.1	27.461	193	1.45e-06	47.4
WP_011014089.1	WP_011265986.1	28.054	221	1.18e-06	47.8
WP_011014089.1	WP_003857431.1	25.269	186	2.51e-06	45.4
WP_011014089.1	WP_011015118.1	24.413	213	3.27e-06	46.2
WP_011014089.1	WP_011265694.1	35.220	159	3.96e-06	45.8
WP_011014089.1	WP_011014865.1	31.928	166	5.09e-06	45.4
WP_011014089.1	WP_011015261.1	28.736	174	9.41e-06	43.5
WP_011014090.1	WP_011014090.1	100.000	132	5.56e-96	268
WP_011014091.1	WP_011014091.1	100.000	158	2.98e-117	324
WP_011014091.1	WP_003862546.1	36.875	160	9.86e-29	100
WP_011014092.1	WP_011014092.1	100.000	406	0.0	799
WP_011014092.1	WP_011014408.1	51.892	370	3.05e-120	352
WP_011014092.1	WP_011015308.1	25.610	246	4.14e-12	63.9
WP_011014092.1	WP_011014103.1	31.579	133	1.85e-08	52.4
WP_011014092.1	WP_011015098.1	28.346	127	2.96e-06	45.4
WP_011014092.1	WP_011015167.1	27.007	137	4.57e-06	44.7
WP_011014092.1	WP_011014147.1	23.810	168	5.29e-06	44.7
WP_011014092.1	WP_011015577.1	25.551	227	5.79e-06	44.7
WP_011014093.1	WP_011014093.1	100.000	436	0.0	907
WP_011014093.1	WP_011015071.1	99.771	436	0.0	905
WP_011014093.1	WP_227747642.1	75.714	70	7.87e-31	110
WP_011014093.1	WP_011013595.1	58.491	53	2.33e-15	66.6
WP_011014094.1	WP_011014094.1	100.000	358	0.0	722
WP_011014094.1	WP_011014220.1	39.257	377	2.87e-51	171
WP_011014094.1	WP_011014447.1	24.481	241	1.23e-07	49.3
WP_011014095.1	WP_011014095.1	100.000	279	0.0	556
WP_011014096.1	WP_011014096.1	100.000	428	0.0	889
WP_011014097.1	WP_011014097.1	100.000	214	1.61e-159	436
WP_011014098.1	WP_011014098.1	100.000	307	0.0	588
WP_011014100.1	WP_011014100.1	100.000	114	1.40e-82	233
WP_011014101.1	WP_011014101.1	100.000	352	0.0	723
WP_011014102.1	WP_011014102.1	100.000	137	1.69e-100	280
WP_011014102.1	WP_003853529.1	32.090	134	1.01e-15	65.9
WP_011014103.1	WP_011014103.1	100.000	431	0.0	846
WP_011014103.1	WP_011015098.1	36.132	393	7.50e-73	232
WP_011014103.1	WP_011015577.1	32.824	393	9.56e-62	203
WP_011014103.1	WP_003861178.1	28.409	352	1.45e-35	132
WP_011014103.1	WP_011015083.1	29.319	382	3.33e-28	112
WP_011014103.1	WP_003854698.1	26.230	427	1.78e-14	71.2
WP_011014103.1	WP_011013450.1	24.887	442	1.94e-11	62.0
WP_011014103.1	WP_011014092.1	29.714	175	3.18e-09	54.7
WP_011014103.1	WP_011014147.1	24.466	421	4.56e-09	54.3
WP_011014103.1	WP_003862889.1	30.088	113	6.86e-09	53.9
WP_011014103.1	WP_011015504.1	23.165	436	5.80e-08	51.2
WP_011014103.1	WP_011015598.1	23.611	360	5.99e-08	51.2
WP_011014103.1	WP_011015500.1	23.757	181	6.31e-06	44.3
WP_011014104.1	WP_011014104.1	100.000	395	0.0	813
WP_011014104.1	WP_011014163.1	25.212	353	2.01e-10	58.5
WP_011014105.1	WP_011014105.1	100.000	251	2.15e-180	492
WP_011014106.1	WP_011014106.1	100.000	177	5.68e-132	363
WP_011014107.1	WP_011014107.1	100.000	350	0.0	685
WP_011014109.1	WP_011014109.1	100.000	241	2.05e-177	483
WP_011014110.1	WP_011014110.1	100.000	780	0.0	1599
WP_011014110.1	WP_011014319.1	34.140	744	8.63e-118	375
WP_011014110.1	WP_011014319.1	46.903	113	4.08e-26	111
WP_011014110.1	WP_011014319.1	32.000	175	2.16e-14	73.6
WP_011014110.1	WP_011013802.1	35.000	100	3.71e-11	60.8
WP_011014110.1	WP_011013338.1	35.043	117	2.59e-10	58.2
WP_011014110.1	WP_011013698.1	25.899	278	4.95e-10	57.4
WP_011014110.1	WP_003858826.1	30.303	132	7.13e-10	57.0
WP_011014110.1	WP_003856445.1	35.593	118	3.41e-09	55.1
WP_011014110.1	WP_011015040.1	34.091	88	7.67e-09	55.1
WP_011014110.1	WP_011015040.1	32.203	118	3.97e-08	52.8
WP_011014110.1	WP_011014233.1	20.151	397	3.12e-08	53.1
WP_011014110.1	WP_011014492.1	37.234	94	3.22e-08	52.0
WP_011014110.1	WP_011014450.1	34.409	93	4.78e-08	52.0
WP_011014110.1	WP_003857431.1	24.046	262	1.88e-07	49.3
WP_011014110.1	WP_011014374.1	27.679	112	3.05e-07	48.9
WP_011014110.1	WP_003855103.1	29.703	101	3.08e-07	48.5
WP_011014110.1	WP_003862124.1	37.838	74	5.57e-07	48.9
WP_011014110.1	WP_003862124.1	33.793	145	2.15e-06	47.0
WP_011014110.1	WP_011013807.1	31.633	98	8.26e-07	47.8
WP_011014110.1	WP_011265986.1	30.851	94	9.95e-07	48.5
WP_011014110.1	WP_011013712.1	35.484	93	1.17e-06	48.1
WP_011014110.1	WP_011013712.1	32.000	125	1.54e-06	47.8
WP_011014110.1	WP_011013906.1	31.683	101	1.34e-06	47.0
WP_011014110.1	WP_011014910.1	30.159	126	3.08e-06	47.0
WP_011014110.1	WP_011014443.1	28.837	215	3.99e-06	46.6
WP_011014110.1	WP_011014807.1	37.500	72	4.32e-06	46.2
WP_011014110.1	WP_011015020.1	29.323	133	4.60e-06	46.2
WP_011014110.1	WP_011013985.1	34.426	61	6.06e-06	44.7
WP_011014110.1	WP_011015133.1	35.484	93	8.09e-06	45.4
WP_011014110.1	WP_011014865.1	40.789	76	8.77e-06	45.4
WP_011014110.1	WP_011013622.1	33.663	101	9.99e-06	44.3
WP_011014112.1	WP_011014112.1	100.000	592	0.0	1183
WP_011014113.1	WP_011014113.1	100.000	318	0.0	631
WP_011014114.1	WP_011014114.1	100.000	300	0.0	600
WP_011014117.1	WP_011014117.1	100.000	129	6.31e-92	258
WP_011014118.1	WP_011014118.1	100.000	278	0.0	555
WP_011014118.1	WP_231838268.1	29.388	245	3.46e-15	70.5
WP_011014119.1	WP_011014119.1	100.000	400	0.0	786
WP_011014120.1	WP_011014120.1	100.000	238	1.17e-173	474
WP_011014121.1	WP_011014121.1	100.000	637	0.0	1291
WP_011014121.1	WP_011015054.1	28.463	527	1.37e-34	135
WP_011014121.1	WP_011013982.1	36.129	155	1.32e-22	98.6
WP_011014121.1	WP_011013694.1	40.441	136	1.67e-19	89.4
WP_011014121.1	WP_011013694.1	26.316	190	7.85e-12	64.7
WP_011014121.1	WP_011013696.1	27.660	282	3.16e-13	68.2
WP_011014121.1	WP_011014802.1	30.714	140	1.25e-11	64.3
WP_011014121.1	WP_003862775.1	36.145	166	2.23e-09	56.2
WP_011014123.1	WP_011014123.1	100.000	367	0.0	749
WP_011014123.1	WP_006285864.1	25.364	343	4.21e-21	90.1
WP_011014123.1	WP_011013907.1	24.104	307	4.38e-12	63.2
WP_011014123.1	WP_011014880.1	24.561	228	3.19e-09	54.3
WP_011014123.1	WP_003862691.1	29.747	158	2.25e-08	52.0
WP_011014123.1	WP_011013481.1	24.242	231	1.09e-07	49.3
WP_011014124.1	WP_011014124.1	100.000	388	0.0	809
WP_011014124.1	WP_011015161.1	98.196	388	0.0	794
WP_011014124.1	WP_011015091.1	38.684	380	9.43e-94	283
WP_011014124.1	WP_230622908.1	29.301	372	3.51e-42	149
WP_011014124.1	WP_006283678.1	24.740	384	7.78e-35	128
WP_011014124.1	WP_011013981.1	35.088	57	2.54e-06	45.8
WP_011014124.1	WP_011015008.1	35.088	57	2.56e-06	45.4
WP_011014124.1	WP_011015123.1	35.088	57	2.92e-06	45.4
WP_011014125.1	WP_011014125.1	100.000	463	0.0	911
WP_011014125.1	WP_011014160.1	36.224	392	1.83e-75	241
WP_011014125.1	WP_011013673.1	33.249	394	3.68e-62	205
WP_011014126.1	WP_011014126.1	100.000	316	0.0	644
WP_011014126.1	WP_003863790.1	42.623	305	6.12e-75	229
WP_011014127.1	WP_011014127.1	100.000	369	0.0	756
WP_011014129.1	WP_011014129.1	100.000	102	4.00e-73	208
WP_011014130.1	WP_011014130.1	100.000	288	0.0	577
WP_011014131.1	WP_011014131.1	100.000	498	0.0	1014
WP_011014131.1	WP_011015273.1	26.013	469	4.47e-19	85.9
WP_011014133.1	WP_011014133.1	100.000	409	0.0	836
WP_011014133.1	WP_011013863.1	27.968	379	1.90e-24	100
WP_011014134.1	WP_011014134.1	100.000	374	0.0	749
WP_011014134.1	WP_011013584.1	26.341	205	3.40e-07	48.1
WP_011014134.1	WP_003855308.1	30.496	141	1.32e-06	45.8
WP_011014135.1	WP_011014135.1	100.000	165	1.34e-119	331
WP_011014136.1	WP_011014136.1	100.000	222	2.71e-164	449
WP_011014137.1	WP_011014137.1	100.000	177	3.08e-131	361
WP_011014137.1	WP_011015531.1	46.667	150	1.47e-45	145
WP_011014138.1	WP_011014138.1	100.000	1221	0.0	2528
WP_011014138.1	WP_011014958.1	28.723	188	7.39e-16	79.0
WP_011014139.1	WP_011014139.1	100.000	1247	0.0	2511
WP_011014139.1	WP_011014011.1	32.762	525	9.38e-80	273
WP_011014139.1	WP_011014011.1	29.787	517	1.50e-59	214
WP_011014139.1	WP_011014012.1	29.787	564	6.45e-73	251
WP_011014139.1	WP_011014012.1	29.567	531	6.34e-56	201
WP_011014139.1	WP_011015020.1	28.109	587	7.27e-63	223
WP_011014139.1	WP_011015020.1	29.792	480	4.67e-50	185
WP_011014139.1	WP_011014362.1	28.521	568	1.00e-55	201
WP_011014139.1	WP_011014362.1	25.054	463	7.64e-31	125
WP_011014139.1	WP_011265658.1	29.594	517	4.64e-52	190
WP_011014139.1	WP_011265658.1	21.776	473	6.15e-23	101
WP_011014139.1	WP_011014424.1	28.545	550	2.19e-42	161
WP_011014139.1	WP_011014424.1	23.279	494	3.00e-14	73.6
WP_011014139.1	WP_003854632.1	34.272	213	2.84e-28	114
WP_011014139.1	WP_003854632.1	27.917	240	2.28e-19	87.8
WP_011014139.1	WP_011014865.1	26.680	491	7.39e-25	106
WP_011014139.1	WP_011014865.1	28.222	450	1.82e-19	89.7
WP_011014139.1	WP_003857431.1	33.624	229	1.09e-24	100
WP_011014139.1	WP_003857431.1	25.837	209	2.95e-11	61.6
WP_011014139.1	WP_011013642.1	35.371	229	4.49e-23	99.0
WP_011014139.1	WP_011013642.1	30.924	249	5.43e-19	86.7
WP_011014139.1	WP_003858089.1	29.339	242	2.97e-20	87.8
WP_011014139.1	WP_003858089.1	29.714	175	1.20e-12	65.5
WP_011014139.1	WP_011013931.1	27.074	229	8.54e-20	86.3
WP_011014139.1	WP_011013931.1	29.464	224	1.79e-16	76.6
WP_011014139.1	WP_011013802.1	29.204	226	1.71e-19	86.7
WP_011014139.1	WP_011013338.1	31.532	222	2.35e-19	85.9
WP_011014139.1	WP_003858826.1	29.388	245	3.90e-19	85.1
WP_011014139.1	WP_003858826.1	27.632	228	6.52e-16	75.5
WP_011014139.1	WP_011014807.1	33.486	218	4.53e-19	89.0
WP_011014139.1	WP_011014807.1	31.222	221	6.25e-16	79.0
WP_011014139.1	WP_011014807.1	29.412	238	3.48e-12	67.0
WP_011014139.1	WP_011014807.1	26.106	226	2.34e-06	48.1
WP_011014139.1	WP_011265869.1	32.479	234	4.74e-19	88.6
WP_011014139.1	WP_011265869.1	27.273	396	2.58e-18	86.3
WP_011014139.1	WP_011013851.1	27.876	226	1.78e-18	84.7
WP_011014139.1	WP_011013851.1	28.704	216	2.79e-13	68.9
WP_011014139.1	WP_003855103.1	32.367	207	5.14e-18	81.3
WP_011014139.1	WP_003855103.1	28.708	209	6.23e-12	63.2
WP_011014139.1	WP_011013698.1	29.060	234	1.09e-17	81.3
WP_011014139.1	WP_011015221.1	32.864	213	1.12e-17	80.9
WP_011014139.1	WP_011015221.1	28.390	236	5.81e-08	52.0
WP_011014139.1	WP_011015140.1	28.507	221	1.29e-17	82.8
WP_011014139.1	WP_011015140.1	28.507	221	3.04e-14	72.4
WP_011014139.1	WP_011014492.1	28.636	220	1.49e-17	80.5
WP_011014139.1	WP_011014492.1	25.446	224	1.91e-09	56.2
WP_011014139.1	WP_011015040.1	27.111	225	3.24e-17	82.4
WP_011014139.1	WP_011015040.1	27.706	231	2.20e-13	70.5
WP_011014139.1	WP_011015040.1	30.380	237	4.82e-12	66.2
WP_011014139.1	WP_011015040.1	29.082	196	4.76e-08	53.5
WP_011014139.1	WP_011014212.1	28.571	210	4.07e-17	79.0
WP_011014139.1	WP_011014212.1	29.524	210	2.16e-12	65.1
WP_011014139.1	WP_011014000.1	23.418	474	5.19e-17	81.6
WP_011014139.1	WP_011014000.1	32.540	126	1.86e-10	61.2
WP_011014139.1	WP_011013906.1	28.821	229	5.96e-17	78.6
WP_011014139.1	WP_011013783.1	30.986	213	1.47e-16	77.0
WP_011014139.1	WP_011013783.1	26.066	211	4.88e-16	75.5
WP_011014139.1	WP_011265940.1	27.826	230	1.60e-16	77.4
WP_011014139.1	WP_011265940.1	22.321	224	6.96e-09	54.7
WP_011014139.1	WP_011015118.1	30.332	211	3.69e-16	79.7
WP_011014139.1	WP_011015118.1	28.311	219	8.85e-13	68.6
WP_011014139.1	WP_011015118.1	26.984	252	1.46e-12	68.2
WP_011014139.1	WP_011013622.1	30.705	241	4.46e-16	76.6
WP_011014139.1	WP_011013622.1	22.709	251	1.78e-09	56.6
WP_011014139.1	WP_011014379.1	30.263	228	5.63e-16	76.3
WP_011014139.1	WP_011014379.1	26.638	229	6.04e-08	52.0
WP_011014139.1	WP_003856445.1	30.544	239	7.79e-16	75.5
WP_011014139.1	WP_003856445.1	26.786	224	3.09e-11	62.0
WP_011014139.1	WP_003857536.1	27.397	219	1.44e-14	71.2
WP_011014139.1	WP_003857536.1	26.606	218	1.63e-11	62.0
WP_011014139.1	WP_011014374.1	28.571	217	1.67e-14	71.2
WP_011014139.1	WP_011014374.1	27.755	245	6.94e-11	60.5
WP_011014139.1	WP_003860245.1	25.604	207	2.32e-14	71.6
WP_011014139.1	WP_003860245.1	28.125	256	1.61e-13	68.9
WP_011014139.1	WP_011014327.1	28.436	211	2.86e-14	72.8
WP_011014139.1	WP_011014327.1	29.302	215	8.98e-14	71.2
WP_011014139.1	WP_011265741.1	42.391	92	3.12e-14	73.2
WP_011014139.1	WP_011265741.1	32.824	131	1.52e-10	61.6
WP_011014139.1	WP_011265741.1	22.857	350	7.59e-10	59.3
WP_011014139.1	WP_011014450.1	28.054	221	6.80e-14	70.9
WP_011014139.1	WP_011014450.1	25.328	229	8.50e-12	64.7
WP_011014139.1	WP_011265694.1	24.094	552	8.23e-14	72.0
WP_011014139.1	WP_003862124.1	29.493	217	1.12e-13	71.2
WP_011014139.1	WP_003862124.1	26.104	249	1.05e-09	58.5
WP_011014139.1	WP_011013479.1	26.407	231	1.45e-13	69.3
WP_011014139.1	WP_011013479.1	24.215	223	6.58e-12	64.3
WP_011014139.1	WP_011013985.1	27.727	220	2.21e-13	67.8
WP_011014139.1	WP_011013985.1	28.402	169	1.40e-09	56.2
WP_011014139.1	WP_020948580.1	24.146	439	3.47e-13	70.1
WP_011014139.1	WP_020948580.1	29.371	143	7.48e-10	59.3
WP_011014139.1	WP_011014154.1	29.008	262	3.84e-12	66.6
WP_011014139.1	WP_004567959.1	26.866	201	7.13e-12	64.3
WP_011014139.1	WP_004567959.1	24.000	225	2.81e-07	50.1
WP_011014139.1	WP_011014233.1	27.027	222	7.50e-12	65.9
WP_011014139.1	WP_011014233.1	24.691	243	6.47e-09	56.2
WP_011014139.1	WP_011014233.1	24.686	239	1.50e-08	55.1
WP_011014139.1	WP_011014233.1	26.214	206	3.90e-06	47.4
WP_011014139.1	WP_003861735.1	24.229	227	1.17e-11	63.5
WP_011014139.1	WP_003861735.1	25.571	219	2.44e-09	56.2
WP_011014139.1	WP_011013984.1	25.339	221	1.84e-11	62.0
WP_011014139.1	WP_011013712.1	25.306	245	1.04e-10	62.0
WP_011014139.1	WP_011013712.1	25.909	220	2.54e-07	51.2
WP_011014139.1	WP_011013712.1	27.193	228	1.09e-06	49.3
WP_011014139.1	WP_011013712.1	34.066	91	1.29e-06	48.9
WP_011014139.1	WP_011013807.1	28.440	218	1.12e-10	60.1
WP_011014139.1	WP_011013807.1	25.882	255	1.97e-09	56.2
WP_011014139.1	WP_011015345.1	26.244	221	3.87e-10	58.9
WP_011014139.1	WP_011013996.1	26.316	228	1.03e-09	57.8
WP_011014139.1	WP_011013996.1	23.944	213	2.71e-08	53.5
WP_011014139.1	WP_003856990.1	24.444	225	1.11e-09	57.0
WP_011014139.1	WP_003856990.1	25.943	212	2.51e-09	56.2
WP_011014139.1	WP_011013466.1	29.952	207	7.09e-09	54.7
WP_011014139.1	WP_011014850.1	25.112	223	7.62e-09	55.1
WP_011014139.1	WP_011014850.1	24.434	221	9.41e-08	51.6
WP_011014139.1	WP_011015284.1	26.126	222	8.43e-09	54.7
WP_011014139.1	WP_011015284.1	26.638	229	3.86e-08	52.8
WP_011014139.1	WP_011265986.1	27.136	199	1.45e-08	55.5
WP_011014139.1	WP_011013968.1	32.367	207	5.33e-08	53.5
WP_011014139.1	WP_011013968.1	29.444	180	8.39e-08	52.8
WP_011014139.1	WP_011013968.1	25.654	191	2.89e-07	51.2
WP_011014139.1	WP_011013333.1	27.542	236	8.99e-08	51.2
WP_011014139.1	WP_011013331.1	24.324	222	1.65e-07	50.1
WP_011014139.1	WP_011014216.1	26.293	232	2.40e-07	50.4
WP_011014139.1	WP_011015261.1	28.750	160	4.57e-07	48.9
WP_011014139.1	WP_011014351.1	26.087	184	5.53e-07	50.1
WP_011014139.1	WP_011014785.1	24.091	220	7.16e-07	48.1
WP_011014139.1	WP_011015133.1	41.509	53	1.51e-06	48.5
WP_011014140.1	WP_011014140.1	100.000	239	1.05e-175	479
WP_011014141.1	WP_011014141.1	100.000	268	0.0	550
WP_011014141.1	WP_011013640.1	34.389	221	3.06e-21	87.0
WP_011014141.1	WP_011014493.1	25.681	257	1.62e-07	47.8
WP_011014143.1	WP_011014143.1	100.000	217	4.73e-164	447
WP_011014144.1	WP_011014144.1	100.000	267	0.0	500
WP_011014145.1	WP_011014145.1	100.000	165	2.57e-121	335
WP_011014146.1	WP_011014146.1	100.000	405	0.0	791
WP_011014146.1	WP_011014092.1	22.156	334	1.75e-10	58.5
WP_011014146.1	WP_003854772.1	25.698	179	1.05e-09	56.2
WP_011014146.1	WP_003854772.1	28.346	127	4.91e-08	51.2
WP_011014146.1	WP_011015577.1	35.135	74	4.14e-07	48.1
WP_011014146.1	WP_003861178.1	27.374	179	4.45e-07	48.1
WP_011014147.1	WP_011014147.1	100.000	449	0.0	866
WP_011014147.1	WP_003854772.1	46.875	448	4.03e-139	404
WP_011014147.1	WP_011014299.1	30.633	395	7.97e-45	159
WP_011014147.1	WP_011015308.1	29.496	417	4.79e-40	146
WP_011014147.1	WP_011015248.1	30.602	415	4.83e-40	146
WP_011014147.1	WP_011013615.1	30.233	430	5.71e-38	141
WP_011014147.1	WP_011015167.1	30.808	396	2.45e-37	138
WP_011014147.1	WP_003859734.1	29.648	398	3.96e-37	139
WP_011014147.1	WP_011015504.1	25.336	446	4.34e-25	103
WP_011014147.1	WP_041625642.1	28.000	425	8.54e-22	94.0
WP_011014147.1	WP_011013368.1	24.365	394	1.84e-16	77.8
WP_011014147.1	WP_011014309.1	24.138	348	1.12e-12	65.9
WP_011014147.1	WP_003862889.1	33.088	136	7.64e-12	63.2
WP_011014147.1	WP_011015116.1	27.604	192	1.38e-08	52.8
WP_011014147.1	WP_011014408.1	27.551	98	3.18e-06	45.4
WP_011014147.1	WP_011014092.1	23.810	168	5.85e-06	44.7
WP_011014148.1	WP_011014148.1	100.000	745	0.0	1514
WP_011014150.1	WP_011014150.1	100.000	470	0.0	984
WP_011014150.1	WP_011015465.1	30.328	122	2.26e-10	58.9
WP_011014151.1	WP_011014151.1	100.000	108	1.68e-75	215
WP_011014151.1	WP_003863814.1	46.154	104	1.77e-21	79.0
WP_011014152.1	WP_011014152.1	100.000	264	0.0	536
WP_011014154.1	WP_011014154.1	100.000	518	0.0	1007
WP_011014154.1	WP_011014011.1	25.577	477	4.35e-26	108
WP_011014154.1	WP_011015020.1	32.370	173	8.94e-23	98.6
WP_011014154.1	WP_011265658.1	36.735	147	2.24e-21	94.0
WP_011014154.1	WP_011014139.1	24.835	455	6.62e-21	93.2
WP_011014154.1	WP_011014139.1	22.222	153	8.74e-11	60.8
WP_011014154.1	WP_011014012.1	27.586	261	1.87e-19	87.8
WP_011014154.1	WP_011014362.1	33.125	160	2.37e-19	87.8
WP_011014154.1	WP_011014424.1	30.357	224	1.08e-17	82.4
WP_011014154.1	WP_011013698.1	31.579	209	1.21e-15	73.6
WP_011014154.1	WP_011014865.1	24.901	506	2.01e-14	72.0
WP_011014154.1	WP_011014492.1	33.553	152	1.52e-13	67.0
WP_011014154.1	WP_011013906.1	30.000	190	2.75e-13	66.2
WP_011014154.1	WP_003862124.1	30.612	196	4.41e-13	67.4
WP_011014154.1	WP_003862124.1	35.625	160	3.01e-09	55.5
WP_011014154.1	WP_003860245.1	31.638	177	5.31e-13	65.9
WP_011014154.1	WP_011013642.1	36.364	165	6.00e-13	66.6
WP_011014154.1	WP_011013851.1	32.903	155	9.75e-13	65.9
WP_011014154.1	WP_011013985.1	30.337	178	1.17e-12	64.3
WP_011014154.1	WP_011014327.1	33.333	156	1.31e-12	65.9
WP_011014154.1	WP_003857431.1	31.844	179	1.32e-12	64.3
WP_011014154.1	WP_011013802.1	32.065	184	2.41e-12	63.9
WP_011014154.1	WP_011013968.1	33.889	180	2.71e-12	65.5
WP_011014154.1	WP_011013968.1	31.383	188	7.54e-11	60.8
WP_011014154.1	WP_011265869.1	28.856	201	4.43e-12	64.7
WP_011014154.1	WP_011013783.1	30.303	198	8.32e-12	61.6
WP_011014154.1	WP_011013931.1	35.897	156	9.86e-12	61.2
WP_011014154.1	WP_011013479.1	33.750	160	1.29e-11	62.0
WP_011014154.1	WP_011015040.1	31.034	232	2.07e-10	59.3
WP_011014154.1	WP_011015040.1	26.087	184	3.60e-07	48.9
WP_011014154.1	WP_003861735.1	30.102	196	3.59e-10	57.4
WP_011014154.1	WP_003855103.1	26.554	177	9.70e-10	55.5
WP_011014154.1	WP_003854632.1	28.571	182	1.10e-09	56.6
WP_011014154.1	WP_011014540.1	25.949	158	1.32e-09	54.7
WP_011014154.1	WP_004567959.1	31.034	174	1.36e-09	55.8
WP_011014154.1	WP_011013338.1	28.505	214	1.41e-09	55.5
WP_011014154.1	WP_011013622.1	31.788	151	1.58e-09	55.5
WP_011014154.1	WP_003856445.1	30.189	159	1.69e-09	55.1
WP_011014154.1	WP_011014212.1	36.774	155	2.04e-09	54.7
WP_011014154.1	WP_020948580.1	33.813	139	2.29e-09	55.8
WP_011014154.1	WP_011014443.1	32.258	155	2.33e-09	55.8
WP_011014154.1	WP_011014443.1	26.768	198	2.50e-08	52.8
WP_011014154.1	WP_011014850.1	28.743	167	2.96e-09	54.7
WP_011014154.1	WP_011014910.1	32.558	172	3.54e-09	55.5
WP_011014154.1	WP_011014910.1	31.068	206	7.28e-09	54.3
WP_011014154.1	WP_011013331.1	28.986	207	6.97e-09	52.8
WP_011014154.1	WP_011266014.1	32.468	154	8.92e-09	53.5
WP_011014154.1	WP_011265986.1	29.012	162	9.63e-09	54.3
WP_011014154.1	WP_003858089.1	28.659	164	1.07e-08	52.4
WP_011014154.1	WP_011015140.1	32.237	152	1.08e-08	53.5
WP_011014154.1	WP_011015221.1	29.126	206	2.35e-08	51.6
WP_011014154.1	WP_011014000.1	35.052	97	2.80e-08	52.4
WP_011014154.1	WP_011014807.1	25.281	178	3.13e-08	52.4
WP_011014154.1	WP_011014807.1	27.451	204	3.57e-06	45.8
WP_011014154.1	WP_011013807.1	27.041	196	3.86e-08	50.8
WP_011014154.1	WP_011013984.1	29.577	213	3.88e-08	50.8
WP_011014154.1	WP_011015284.1	26.500	200	5.33e-08	50.8
WP_011014154.1	WP_011013996.1	30.000	170	5.66e-08	50.8
WP_011014154.1	WP_011265940.1	31.579	190	8.43e-08	50.1
WP_011014154.1	WP_011265741.1	31.193	109	8.59e-08	50.8
WP_011014154.1	WP_011015133.1	32.381	210	1.02e-07	50.8
WP_011014154.1	WP_011015133.1	29.714	175	1.01e-06	47.8
WP_011014154.1	WP_011014216.1	27.222	180	1.23e-07	49.7
WP_011014154.1	WP_011014089.1	29.940	167	5.24e-07	48.5
WP_011014154.1	WP_011014351.1	29.268	164	8.15e-07	47.8
WP_011014154.1	WP_011014233.1	26.064	188	8.71e-07	47.8
WP_011014154.1	WP_011014233.1	27.059	170	2.91e-06	46.2
WP_011014154.1	WP_011014785.1	32.847	137	9.51e-07	46.6
WP_011014154.1	WP_003857536.1	30.625	160	1.07e-06	46.2
WP_011014154.1	WP_011014379.1	28.481	158	1.51e-06	46.2
WP_011014154.1	WP_011014374.1	28.289	152	1.71e-06	45.8
WP_011014156.1	WP_011014156.1	100.000	333	0.0	645
WP_011014157.1	WP_011014157.1	100.000	513	0.0	1036
WP_011014158.1	WP_011014158.1	100.000	971	0.0	1995
WP_011014158.1	WP_011014453.1	23.611	360	7.74e-19	88.2
WP_011014160.1	WP_011014160.1	100.000	468	0.0	924
WP_011014160.1	WP_011013673.1	40.816	392	1.88e-89	276
WP_011014160.1	WP_011014125.1	36.224	392	1.45e-75	241
WP_011014161.1	WP_011014161.1	100.000	732	0.0	1455
WP_011014161.1	WP_011013876.1	42.458	358	6.43e-90	285
WP_011014161.1	WP_003856236.1	36.769	359	3.02e-62	212
WP_011014161.1	WP_011013953.1	29.000	100	1.81e-07	50.8
WP_011014162.1	WP_011014162.1	100.000	229	2.33e-171	467
WP_011014163.1	WP_011014163.1	100.000	530	0.0	1082
WP_011014163.1	WP_011015304.1	26.761	213	1.85e-13	69.3
WP_011014163.1	WP_011014104.1	25.212	353	2.70e-10	58.5
WP_011014164.1	WP_011014164.1	100.000	356	0.0	722
WP_011014164.1	WP_011015597.1	75.211	355	0.0	533
WP_011014165.1	WP_011014165.1	100.000	157	7.55e-114	316
WP_011014166.1	WP_011014166.1	100.000	180	1.93e-134	370
WP_011014166.1	WP_011265710.1	32.787	122	1.66e-17	74.3
WP_011014167.1	WP_011014167.1	100.000	524	0.0	1040
WP_011014167.1	WP_011013917.1	23.061	477	2.39e-13	68.6
WP_011014168.1	WP_011014168.1	100.000	1034	0.0	2123
WP_011014168.1	WP_011014500.1	30.667	450	1.65e-41	161
WP_011014169.1	WP_011014169.1	100.000	391	0.0	791
WP_011014170.1	WP_011014170.1	100.000	876	0.0	1746
WP_011014173.1	WP_011014173.1	100.000	71	1.12e-48	144
WP_011014174.1	WP_011014174.1	100.000	140	1.84e-103	288
WP_011014175.1	WP_011014175.1	100.000	223	5.24e-163	446
WP_011014175.1	WP_227747686.1	55.147	136	1.42e-47	150
WP_011014175.1	WP_003855810.1	24.074	216	3.42e-11	57.4
WP_011014176.1	WP_011014176.1	100.000	625	0.0	1231
WP_011014176.1	WP_011015537.1	78.303	613	0.0	955
WP_011014176.1	WP_011013619.1	40.156	513	7.22e-89	288
WP_011014176.1	WP_011015526.1	35.140	609	5.86e-72	243
WP_011014176.1	WP_011013685.1	32.437	595	2.66e-70	236
WP_011014176.1	WP_011013648.1	28.824	510	4.45e-30	122
WP_011014176.1	WP_011014439.1	33.136	169	7.80e-20	90.5
WP_011014177.1	WP_011014177.1	100.000	210	1.23e-157	431
WP_011014177.1	WP_003855910.1	27.419	124	1.00e-06	45.1
WP_011014178.1	WP_011014178.1	100.000	502	0.0	1029
WP_011014179.1	WP_011014179.1	100.000	550	0.0	1117
WP_011014180.1	WP_011014180.1	100.000	445	0.0	902
WP_011014180.1	WP_011265883.1	23.544	412	5.32e-10	58.2
WP_011014181.1	WP_011014181.1	100.000	201	8.25e-152	415
WP_011014183.1	WP_011014183.1	100.000	309	0.0	618
WP_011014184.1	WP_011014184.1	100.000	230	2.17e-174	475
WP_011014185.1	WP_011014185.1	100.000	228	1.64e-170	465
WP_011014186.1	WP_011014186.1	100.000	531	0.0	1105
WP_011014187.1	WP_011014187.1	100.000	1248	0.0	2590
WP_011014188.1	WP_011014188.1	100.000	445	0.0	871
WP_011014189.1	WP_011014189.1	100.000	162	1.94e-115	320
WP_011014189.1	WP_003858456.1	31.288	163	7.03e-19	76.3
WP_011014189.1	WP_011013474.1	27.891	147	6.36e-11	54.3
WP_011014191.1	WP_011014191.1	100.000	336	0.0	675
WP_011014191.1	WP_011014370.1	28.280	343	2.33e-36	131
WP_011014191.1	WP_011014371.1	28.875	329	1.23e-33	125
WP_011014191.1	WP_011014192.1	23.692	325	5.12e-20	87.0
WP_011014192.1	WP_011014192.1	100.000	467	0.0	936
WP_011014192.1	WP_011014371.1	31.746	441	4.94e-65	213
WP_011014192.1	WP_011014370.1	31.143	350	2.63e-42	150
WP_011014192.1	WP_011014191.1	23.692	325	1.81e-21	91.7
WP_011014192.1	WP_003859459.1	26.038	265	3.78e-20	89.0
WP_011014193.1	WP_011014193.1	100.000	187	4.09e-135	372
WP_011014194.1	WP_011014194.1	100.000	403	0.0	808
WP_011014194.1	WP_011013476.1	33.230	322	5.50e-35	129
WP_011014194.1	WP_003858461.1	26.515	396	5.27e-25	102
WP_011014195.1	WP_011014195.1	100.000	377	0.0	765
WP_011014197.1	WP_011014197.1	100.000	762	0.0	1528
WP_011014198.1	WP_011014198.1	100.000	279	0.0	560
WP_011014199.1	WP_011014199.1	100.000	382	0.0	742
WP_011014199.1	WP_011014924.1	27.119	177	1.28e-09	55.5
WP_011014201.1	WP_011014201.1	100.000	188	2.18e-136	375
WP_011014201.1	WP_003862858.1	69.444	36	2.28e-14	62.4
WP_011014202.1	WP_011014202.1	100.000	547	0.0	1102
WP_011014202.1	WP_011014204.1	25.392	319	1.69e-19	87.8
WP_011014202.1	WP_011014197.1	25.769	260	6.53e-06	45.4
WP_011014203.1	WP_011014203.1	100.000	325	0.0	662
WP_011014204.1	WP_011014204.1	100.000	483	0.0	978
WP_011014204.1	WP_011014202.1	25.392	319	1.49e-19	87.8
WP_011014204.1	WP_011014197.1	25.877	228	4.45e-06	45.4
WP_011014205.1	WP_011014205.1	100.000	230	3.68e-172	469
WP_011014206.1	WP_011014206.1	100.000	95	6.22e-70	200
WP_011014207.1	WP_011014207.1	100.000	151	4.07e-113	313
WP_011014209.1	WP_011014209.1	100.000	307	0.0	608
WP_011014209.1	WP_011013817.1	27.536	276	1.11e-20	86.7
WP_011014210.1	WP_011014210.1	100.000	381	0.0	772
WP_011014210.1	WP_011014051.1	57.373	373	1.67e-149	425
WP_011014210.1	WP_011013841.1	26.053	380	3.58e-16	75.9
WP_011014210.1	WP_011014048.1	22.222	225	2.73e-07	48.5
WP_011014211.1	WP_011014211.1	100.000	256	0.0	501
WP_011014212.1	WP_011014212.1	100.000	243	8.94e-177	482
WP_011014212.1	WP_003858826.1	35.537	242	1.26e-37	129
WP_011014212.1	WP_011013642.1	38.693	199	6.02e-32	116
WP_011014212.1	WP_011013479.1	37.500	208	6.03e-32	115
WP_011014212.1	WP_003857431.1	34.101	217	9.30e-32	113
WP_011014212.1	WP_011015040.1	33.632	223	2.47e-30	114
WP_011014212.1	WP_011015040.1	32.301	226	8.78e-24	95.5
WP_011014212.1	WP_003854632.1	31.944	216	1.55e-28	107
WP_011014212.1	WP_011015140.1	34.978	223	2.14e-28	107
WP_011014212.1	WP_011014327.1	32.432	222	1.64e-27	105
WP_011014212.1	WP_011013851.1	34.804	204	3.32e-27	103
WP_011014212.1	WP_011013931.1	39.000	200	3.91e-27	100
WP_011014212.1	WP_011014450.1	33.784	222	7.44e-27	102
WP_011014212.1	WP_011014850.1	31.068	206	3.04e-26	100
WP_011014212.1	WP_003860245.1	32.456	228	4.82e-26	99.4
WP_011014212.1	WP_003855103.1	31.674	221	7.31e-26	97.8
WP_011014212.1	WP_011013783.1	31.330	233	1.55e-25	97.1
WP_011014212.1	WP_003857536.1	34.135	208	1.49e-24	94.4
WP_011014212.1	WP_003858089.1	32.018	228	4.41e-23	90.5
WP_011014212.1	WP_011015284.1	31.553	206	9.33e-23	90.5
WP_011014212.1	WP_011013333.1	30.415	217	1.39e-22	89.7
WP_011014212.1	WP_011013996.1	31.982	222	3.02e-22	89.7
WP_011014212.1	WP_011014374.1	33.333	222	5.74e-22	87.8
WP_011014212.1	WP_011014807.1	32.114	246	4.16e-21	88.2
WP_011014212.1	WP_011014807.1	31.250	224	5.06e-20	85.1
WP_011014212.1	WP_011015118.1	32.673	202	4.53e-19	82.4
WP_011014212.1	WP_011015118.1	29.358	218	1.86e-18	80.5
WP_011014212.1	WP_003861735.1	30.180	222	7.38e-19	80.1
WP_011014212.1	WP_011015345.1	29.907	214	1.46e-18	79.7
WP_011014212.1	WP_011014492.1	30.841	214	1.51e-18	78.6
WP_011014212.1	WP_011015020.1	30.631	222	3.53e-18	79.7
WP_011014212.1	WP_011014379.1	32.812	192	3.89e-18	77.8
WP_011014212.1	WP_004567959.1	32.258	217	4.40e-18	78.2
WP_011014212.1	WP_011013802.1	29.952	207	6.65e-18	77.0
WP_011014212.1	WP_011014139.1	28.571	210	6.75e-18	79.0
WP_011014212.1	WP_011014139.1	29.524	210	3.50e-13	65.1
WP_011014212.1	WP_011014443.1	31.841	201	8.83e-18	78.6
WP_011014212.1	WP_011014443.1	29.091	220	3.22e-10	56.2
WP_011014212.1	WP_011015221.1	30.918	207	2.36e-17	75.5
WP_011014212.1	WP_011013331.1	35.349	215	3.93e-17	74.3
WP_011014212.1	WP_011013338.1	29.469	207	5.37e-17	74.3
WP_011014212.1	WP_011013622.1	32.227	211	6.62e-17	74.3
WP_011014212.1	WP_003856990.1	28.509	228	6.76e-17	74.3
WP_011014212.1	WP_011014233.1	27.679	224	9.03e-17	75.5
WP_011014212.1	WP_011014233.1	25.592	211	1.72e-12	62.8
WP_011014212.1	WP_011013807.1	32.258	217	1.29e-16	73.6
WP_011014212.1	WP_011013698.1	29.032	217	4.65e-16	72.0
WP_011014212.1	WP_011265869.1	27.232	224	8.72e-15	69.7
WP_011014212.1	WP_011013906.1	26.168	214	1.11e-14	67.8
WP_011014212.1	WP_011014012.1	30.275	218	1.26e-14	69.3
WP_011014212.1	WP_011013712.1	28.807	243	2.00e-14	68.6
WP_011014212.1	WP_011013712.1	24.664	223	9.74e-11	57.8
WP_011014212.1	WP_003856445.1	28.972	214	2.71e-14	67.0
WP_011014212.1	WP_011014785.1	31.765	170	7.84e-14	65.1
WP_011014212.1	WP_003862124.1	31.892	185	9.68e-14	66.6
WP_011014212.1	WP_003862124.1	29.439	214	3.84e-11	58.9
WP_011014212.1	WP_011015133.1	29.259	270	1.57e-13	65.9
WP_011014212.1	WP_011015133.1	30.769	156	2.62e-13	65.5
WP_011014212.1	WP_011013466.1	28.866	194	1.73e-13	64.7
WP_011014212.1	WP_011013968.1	31.638	177	2.82e-13	65.1
WP_011014212.1	WP_011013968.1	33.333	135	5.78e-09	52.4
WP_011014212.1	WP_011265940.1	30.870	230	2.87e-13	63.9
WP_011014212.1	WP_011014910.1	26.728	217	5.02e-13	64.3
WP_011014212.1	WP_011013985.1	30.573	157	7.88e-13	62.4
WP_011014212.1	WP_011014362.1	26.606	218	1.54e-12	63.2
WP_011014212.1	WP_011265986.1	25.110	227	8.07e-12	60.8
WP_011014212.1	WP_011013984.1	25.974	231	1.50e-11	58.9
WP_011014212.1	WP_011014424.1	27.027	259	1.13e-10	57.4
WP_011014212.1	WP_011015261.1	30.645	186	1.82e-10	55.8
WP_011014212.1	WP_011014011.1	25.676	222	1.91e-10	57.0
WP_011014212.1	WP_011014216.1	26.606	218	5.10e-10	55.1
WP_011014212.1	WP_011014351.1	25.692	253	2.42e-09	53.5
WP_011014212.1	WP_011014351.1	30.625	160	1.15e-07	48.5
WP_011014212.1	WP_011014865.1	32.105	190	2.55e-09	53.5
WP_011014212.1	WP_011265658.1	27.311	238	2.51e-08	50.4
WP_011014212.1	WP_011014089.1	30.263	228	2.99e-08	50.1
WP_011014212.1	WP_011014089.1	29.448	163	1.63e-06	45.1
WP_011014212.1	WP_003856078.1	25.926	189	5.63e-08	48.5
WP_011014212.1	WP_020948580.1	52.830	53	6.07e-08	49.3
WP_011014212.1	WP_011014540.1	25.258	194	1.89e-07	46.6
WP_011014212.1	WP_011266014.1	31.008	129	9.63e-07	45.4
WP_011014212.1	WP_011265741.1	38.571	70	2.06e-06	44.7
WP_011014213.1	WP_011014213.1	100.000	319	0.0	640
WP_011014214.1	WP_011014214.1	100.000	731	0.0	1511
WP_011014214.1	WP_020948610.1	25.745	470	1.05e-24	105
WP_011014214.1	WP_011014885.1	23.453	307	6.76e-11	62.0
WP_011014215.1	WP_011014215.1	100.000	675	0.0	1380
WP_011014216.1	WP_011014216.1	100.000	293	0.0	595
WP_011014216.1	WP_011265940.1	37.597	258	3.11e-54	174
WP_011014216.1	WP_011014492.1	32.864	213	3.34e-27	103
WP_011014216.1	WP_011013622.1	27.839	273	3.77e-23	92.8
WP_011014216.1	WP_011013802.1	30.189	212	2.25e-21	87.8
WP_011014216.1	WP_011014850.1	30.275	218	2.69e-18	79.7
WP_011014216.1	WP_003858089.1	28.761	226	7.26e-18	77.4
WP_011014216.1	WP_003858826.1	27.692	260	3.20e-17	75.9
WP_011014216.1	WP_011014450.1	28.704	216	8.27e-17	75.9
WP_011014216.1	WP_011013338.1	28.879	232	1.69e-15	71.2
WP_011014216.1	WP_011013698.1	28.837	215	1.91e-15	71.2
WP_011014216.1	WP_011013807.1	24.490	245	1.95e-15	71.2
WP_011014216.1	WP_011015261.1	28.632	234	2.44e-15	70.5
WP_011014216.1	WP_003854632.1	27.863	262	4.31e-15	71.2
WP_011014216.1	WP_003857431.1	25.676	222	5.40e-15	69.7
WP_011014216.1	WP_011014374.1	28.139	231	6.81e-15	69.3
WP_011014216.1	WP_011013906.1	25.328	229	1.74e-14	68.2
WP_011014216.1	WP_003857536.1	27.638	199	1.75e-14	67.8
WP_011014216.1	WP_003861735.1	28.636	220	2.66e-14	68.2
WP_011014216.1	WP_011013996.1	26.457	223	6.34e-14	67.4
WP_011014216.1	WP_011013985.1	30.846	201	6.49e-14	66.2
WP_011014216.1	WP_003860245.1	28.571	210	7.63e-14	67.0
WP_011014216.1	WP_011014233.1	30.769	221	2.21e-13	66.6
WP_011014216.1	WP_011014379.1	26.642	274	7.11e-13	63.9
WP_011014216.1	WP_011015040.1	25.628	199	2.71e-12	63.2
WP_011014216.1	WP_011015040.1	26.906	223	6.31e-10	55.8
WP_011014216.1	WP_003856445.1	26.556	241	3.08e-12	62.0
WP_011014216.1	WP_011013712.1	30.047	213	5.80e-12	62.4
WP_011014216.1	WP_011013712.1	26.087	253	7.65e-10	55.8
WP_011014216.1	WP_011013479.1	27.461	193	8.69e-12	60.8
WP_011014216.1	WP_011015345.1	25.131	191	1.35e-11	60.5
WP_011014216.1	WP_003856990.1	26.047	215	1.71e-11	59.7
WP_011014216.1	WP_011013984.1	29.004	231	2.88e-11	58.9
WP_011014216.1	WP_011013968.1	29.474	190	7.67e-11	58.9
WP_011014216.1	WP_011013968.1	29.353	201	2.30e-10	57.4
WP_011014216.1	WP_011015284.1	23.529	238	1.55e-10	57.0
WP_011014216.1	WP_003855103.1	26.702	191	2.16e-10	56.2
WP_011014216.1	WP_011014089.1	29.891	184	4.49e-10	56.6
WP_011014216.1	WP_011013783.1	28.272	191	4.87e-10	55.1
WP_011014216.1	WP_011014011.1	28.936	235	4.96e-10	56.6
WP_011014216.1	WP_011013851.1	25.862	174	6.10e-10	55.5
WP_011014216.1	WP_011014212.1	26.606	218	6.15e-10	55.1
WP_011014216.1	WP_011015118.1	27.044	159	6.82e-09	52.8
WP_011014216.1	WP_011015140.1	25.850	147	1.02e-08	52.0
WP_011014216.1	WP_011265986.1	33.898	118	1.02e-08	52.4
WP_011014216.1	WP_004567959.1	27.083	192	2.85e-08	50.4
WP_011014216.1	WP_011014443.1	27.322	183	4.58e-08	50.4
WP_011014216.1	WP_011014443.1	27.027	222	4.26e-07	47.4
WP_011014216.1	WP_011014139.1	26.293	232	5.69e-08	50.4
WP_011014216.1	WP_003862124.1	31.088	193	7.69e-08	49.7
WP_011014216.1	WP_011014351.1	27.000	200	1.41e-07	48.9
WP_011014216.1	WP_011014351.1	24.903	257	7.84e-07	46.6
WP_011014216.1	WP_011014807.1	30.337	89	3.08e-07	47.8
WP_011014216.1	WP_011014807.1	31.858	113	8.36e-07	46.6
WP_011014216.1	WP_011014327.1	24.034	233	8.51e-07	46.2
WP_011014216.1	WP_011013333.1	24.255	235	8.81e-07	45.4
WP_011014216.1	WP_011014540.1	25.806	155	1.58e-06	44.3
WP_011014216.1	WP_011265869.1	24.242	198	1.96e-06	45.4
WP_011014216.1	WP_020948580.1	59.375	32	6.44e-06	43.5
WP_011014217.1	WP_011014217.1	100.000	387	0.0	782
WP_011014218.1	WP_011014218.1	100.000	262	0.0	519
WP_011014219.1	WP_011014219.1	100.000	317	0.0	616
WP_011014220.1	WP_011014220.1	100.000	376	0.0	752
WP_011014220.1	WP_011014094.1	39.257	377	1.75e-56	185
WP_011014220.1	WP_011014447.1	33.180	217	2.56e-20	88.2
WP_011014221.1	WP_011014221.1	100.000	382	0.0	780
WP_011014222.1	WP_011014222.1	100.000	168	3.57e-121	335
WP_011014223.1	WP_011014223.1	100.000	314	0.0	655
WP_011014224.1	WP_011014224.1	100.000	380	0.0	773
WP_011014225.1	WP_011014225.1	100.000	132	8.01e-95	266
WP_011014226.1	WP_011014226.1	100.000	330	0.0	661
WP_011014227.1	WP_011014227.1	100.000	680	0.0	1388
WP_011014228.1	WP_011014228.1	100.000	497	0.0	1011
WP_011014228.1	WP_011266027.1	31.126	151	6.46e-07	47.8
WP_011014229.1	WP_011014229.1	100.000	283	0.0	583
WP_011014229.1	WP_011013801.1	28.814	295	3.59e-24	95.9
WP_011014229.1	WP_011013339.1	22.857	280	1.07e-11	60.5
WP_011014229.1	WP_011013902.1	26.699	206	2.84e-11	58.9
WP_011014229.1	WP_011014372.1	24.194	248	3.27e-11	58.5
WP_011014230.1	WP_011014230.1	100.000	106	4.73e-71	204
WP_011014232.1	WP_011014232.1	100.000	369	0.0	744
WP_011014232.1	WP_011014311.1	45.317	331	9.02e-96	286
WP_011014232.1	WP_003857593.1	27.711	332	3.47e-31	117
WP_011014232.1	WP_011013448.1	27.273	330	3.07e-29	112
WP_011014232.1	WP_011013442.1	26.748	329	1.77e-20	87.8
WP_011014232.1	WP_011014889.1	24.551	334	1.00e-16	76.6
WP_011014232.1	WP_011015259.1	21.348	356	2.71e-07	48.1
WP_011014232.1	WP_011014235.1	27.626	257	2.24e-06	45.1
WP_011014233.1	WP_011014233.1	100.000	524	0.0	1042
WP_011014233.1	WP_011013333.1	34.177	237	8.08e-40	141
WP_011014233.1	WP_011013333.1	28.302	212	1.25e-18	82.0
WP_011014233.1	WP_011015040.1	26.681	476	1.68e-34	132
WP_011014233.1	WP_011015040.1	27.350	234	3.18e-18	83.6
WP_011014233.1	WP_011015040.1	27.354	223	1.08e-10	60.1
WP_011014233.1	WP_003857431.1	28.261	230	1.70e-25	101
WP_011014233.1	WP_003857431.1	26.214	206	4.86e-15	71.2
WP_011014233.1	WP_011265986.1	33.054	239	6.08e-24	102
WP_011014233.1	WP_011265986.1	28.340	247	8.76e-12	63.9
WP_011014233.1	WP_011015118.1	25.486	514	1.55e-23	100
WP_011014233.1	WP_011013931.1	33.190	232	2.49e-23	95.1
WP_011014233.1	WP_011013931.1	25.728	206	3.42e-10	56.6
WP_011014233.1	WP_011014807.1	23.561	556	4.48e-23	99.4
WP_011014233.1	WP_011013968.1	24.089	494	1.10e-22	98.2
WP_011014233.1	WP_011014450.1	29.918	244	1.61e-21	92.4
WP_011014233.1	WP_011014450.1	23.830	235	5.72e-10	57.4
WP_011014233.1	WP_003858826.1	26.818	220	4.99e-21	89.4
WP_011014233.1	WP_003858826.1	26.066	211	4.19e-11	60.1
WP_011014233.1	WP_011013783.1	28.899	218	6.16e-21	88.6
WP_011014233.1	WP_011013783.1	24.020	204	2.09e-08	51.6
WP_011014233.1	WP_003854632.1	29.756	205	6.85e-21	90.9
WP_011014233.1	WP_003854632.1	27.053	207	8.64e-14	69.3
WP_011014233.1	WP_011013984.1	27.948	229	1.56e-20	87.4
WP_011014233.1	WP_011013802.1	27.679	224	1.93e-20	87.8
WP_011014233.1	WP_011013802.1	23.913	230	2.63e-13	66.6
WP_011014233.1	WP_004567959.1	30.045	223	9.47e-20	86.3
WP_011014233.1	WP_004567959.1	28.444	225	2.44e-11	61.2
WP_011014233.1	WP_003862124.1	22.453	481	1.27e-19	87.8
WP_011014233.1	WP_011014492.1	30.000	220	1.69e-19	84.7
WP_011014233.1	WP_011014492.1	22.967	209	2.48e-07	48.5
WP_011014233.1	WP_011013479.1	28.440	218	2.16e-19	85.5
WP_011014233.1	WP_011013479.1	27.184	206	1.16e-12	65.1
WP_011014233.1	WP_011014850.1	28.767	219	4.52e-19	84.3
WP_011014233.1	WP_011014850.1	26.446	242	7.02e-15	71.6
WP_011014233.1	WP_011014379.1	28.049	246	7.38e-19	83.2
WP_011014233.1	WP_011014379.1	24.359	234	9.29e-09	53.1
WP_011014233.1	WP_011013996.1	25.909	220	7.77e-19	84.0
WP_011014233.1	WP_011013996.1	24.242	231	1.78e-11	61.6
WP_011014233.1	WP_011013851.1	26.962	293	1.31e-18	83.6
WP_011014233.1	WP_011013851.1	25.000	216	5.06e-12	63.5
WP_011014233.1	WP_003855103.1	28.384	229	1.33e-18	81.6
WP_011014233.1	WP_003855103.1	24.561	228	1.80e-09	54.7
WP_011014233.1	WP_011013622.1	30.180	222	1.44e-18	82.4
WP_011014233.1	WP_011013622.1	25.346	217	5.16e-07	47.8
WP_011014233.1	WP_011013712.1	24.427	524	1.91e-18	84.7
WP_011014233.1	WP_011013712.1	21.277	235	2.71e-08	52.8
WP_011014233.1	WP_011015345.1	27.354	223	2.78e-18	82.0
WP_011014233.1	WP_011015345.1	24.519	208	3.25e-08	51.6
WP_011014233.1	WP_011013807.1	25.909	220	7.78e-17	77.0
WP_011014233.1	WP_011013807.1	26.339	224	5.86e-16	74.3
WP_011014233.1	WP_011013698.1	26.432	227	1.70e-16	76.3
WP_011014233.1	WP_011013698.1	22.072	222	5.20e-09	53.5
WP_011014233.1	WP_011014212.1	27.679	224	1.95e-16	75.5
WP_011014233.1	WP_011014212.1	25.592	211	3.70e-12	62.8
WP_011014233.1	WP_003856990.1	27.642	246	2.47e-16	75.5
WP_011014233.1	WP_003856990.1	26.087	207	6.86e-07	47.4
WP_011014233.1	WP_011015284.1	29.565	230	2.94e-16	75.5
WP_011014233.1	WP_011015284.1	26.641	259	2.46e-14	69.7
WP_011014233.1	WP_003857536.1	27.014	211	3.77e-16	74.3
WP_011014233.1	WP_003857536.1	26.432	227	1.80e-09	54.7
WP_011014233.1	WP_011014327.1	25.238	210	9.98e-16	75.5
WP_011014233.1	WP_011014327.1	25.980	204	4.87e-12	63.9
WP_011014233.1	WP_011015140.1	28.141	199	2.54e-15	73.9
WP_011014233.1	WP_011015140.1	26.316	209	1.78e-11	62.0
WP_011014233.1	WP_011013338.1	27.434	226	2.71e-15	72.4
WP_011014233.1	WP_011013338.1	23.810	189	1.08e-07	49.7
WP_011014233.1	WP_011013642.1	27.982	218	7.06e-15	72.4
WP_011014233.1	WP_011013642.1	25.743	202	1.68e-13	68.2
WP_011014233.1	WP_011013985.1	23.529	221	9.66e-15	70.5
WP_011014233.1	WP_011013985.1	25.792	221	2.50e-14	68.9
WP_011014233.1	WP_003861735.1	25.000	224	1.01e-14	71.2
WP_011014233.1	WP_003861735.1	25.475	263	3.20e-09	54.7
WP_011014233.1	WP_011265940.1	27.700	213	3.08e-14	69.3
WP_011014233.1	WP_011265940.1	24.402	209	1.51e-07	49.3
WP_011014233.1	WP_011015020.1	30.144	209	4.64e-14	71.2
WP_011014233.1	WP_011015020.1	25.630	238	1.13e-10	60.5
WP_011014233.1	WP_003860245.1	29.412	221	9.03e-14	68.2
WP_011014233.1	WP_003860245.1	19.617	209	8.75e-10	56.2
WP_011014233.1	WP_011015221.1	26.991	226	2.15e-13	66.6
WP_011014233.1	WP_011015221.1	26.570	207	1.24e-08	52.4
WP_011014233.1	WP_011014216.1	30.769	221	3.95e-13	66.6
WP_011014233.1	WP_011014362.1	28.182	220	1.77e-12	65.9
WP_011014233.1	WP_011014139.1	27.027	222	2.75e-12	65.9
WP_011014233.1	WP_011014139.1	24.691	243	2.39e-09	56.6
WP_011014233.1	WP_011014139.1	24.793	242	5.31e-09	55.5
WP_011014233.1	WP_011014011.1	25.822	213	4.07e-12	65.1
WP_011014233.1	WP_003858089.1	26.214	206	8.91e-12	61.6
WP_011014233.1	WP_003858089.1	22.439	205	1.09e-08	52.4
WP_011014233.1	WP_003856445.1	24.891	229	1.69e-11	61.2
WP_011014233.1	WP_003856445.1	25.210	238	7.08e-10	56.2
WP_011014233.1	WP_011014374.1	25.616	203	3.83e-11	60.1
WP_011014233.1	WP_011014374.1	25.980	204	5.27e-10	56.6
WP_011014233.1	WP_011013906.1	23.413	252	1.93e-10	57.8
WP_011014233.1	WP_011013906.1	21.778	225	6.51e-06	44.3
WP_011014233.1	WP_011013331.1	25.114	219	2.83e-10	57.0
WP_011014233.1	WP_011013466.1	23.786	206	1.12e-09	55.8
WP_011014233.1	WP_011014424.1	26.667	240	2.37e-09	56.2
WP_011014233.1	WP_011014910.1	25.652	230	3.51e-09	55.5
WP_011014233.1	WP_011014910.1	26.066	211	9.04e-08	50.8
WP_011014233.1	WP_011014540.1	23.267	202	5.43e-09	52.8
WP_011014233.1	WP_011014351.1	23.529	221	1.31e-08	53.5
WP_011014233.1	WP_011014351.1	26.066	211	6.28e-07	48.1
WP_011014233.1	WP_011014351.1	23.077	182	1.81e-06	46.6
WP_011014233.1	WP_011014443.1	26.407	231	1.57e-08	53.5
WP_011014233.1	WP_011014443.1	26.699	206	1.67e-08	53.1
WP_011014233.1	WP_011014443.1	25.000	216	1.52e-06	47.0
WP_011014233.1	WP_011014443.1	23.887	247	5.60e-06	45.1
WP_011014233.1	WP_011265658.1	25.439	228	2.76e-08	52.8
WP_011014233.1	WP_011265869.1	26.941	219	1.16e-07	50.4
WP_011014233.1	WP_011015261.1	27.225	191	1.50e-07	48.9
WP_011014233.1	WP_011015133.1	34.426	61	4.07e-07	48.9
WP_011014233.1	WP_011014110.1	26.400	125	1.51e-06	47.4
WP_011014233.1	WP_011014785.1	21.649	194	3.74e-06	44.7
WP_011014233.1	WP_003856078.1	20.283	212	8.43e-06	43.9
WP_011014234.1	WP_011014234.1	100.000	304	0.0	581
WP_011014234.1	WP_003855379.1	29.043	303	9.08e-27	103
WP_011014235.1	WP_011014235.1	100.000	314	0.0	613
WP_011014235.1	WP_011015259.1	32.231	242	2.57e-12	63.2
WP_011014235.1	WP_011014311.1	26.259	278	2.88e-11	60.1
WP_011014235.1	WP_011014232.1	27.203	261	5.27e-10	56.2
WP_011014235.1	WP_011013442.1	26.941	219	5.30e-08	50.1
WP_011014235.1	WP_011014889.1	29.167	168	2.31e-06	45.1
WP_011014236.1	WP_011014236.1	100.000	123	7.60e-89	250
WP_011014237.1	WP_011014237.1	100.000	338	0.0	679
WP_011014237.1	WP_011013789.1	32.440	336	1.26e-45	155
WP_011014237.1	WP_011013805.1	33.333	243	1.39e-23	96.3
WP_011014237.1	WP_011015613.1	32.035	231	2.05e-19	84.3
WP_011014237.1	WP_011013903.1	32.886	149	5.21e-12	62.0
WP_011014237.1	WP_011013576.1	26.996	263	6.18e-11	58.9
WP_011014237.1	WP_011265861.1	31.169	154	2.19e-09	54.3
WP_011014238.1	WP_011014238.1	100.000	501	0.0	1019
WP_011014239.1	WP_011014239.1	100.000	361	0.0	740
WP_011014239.1	WP_011265758.1	29.878	328	3.40e-25	100
WP_011014239.1	WP_003858893.1	29.932	294	7.04e-24	97.1
WP_011014239.1	WP_011014301.1	25.688	327	3.97e-10	56.6
WP_011014239.1	WP_011014076.1	26.286	175	6.07e-08	49.7
WP_011014239.1	WP_011013705.1	31.169	154	6.98e-08	49.7
WP_011014239.1	WP_011265932.1	22.531	324	1.34e-07	48.9
WP_011014240.1	WP_011014240.1	100.000	290	0.0	575
WP_011014241.1	WP_011014241.1	100.000	359	0.0	744
WP_011014243.1	WP_011014243.1	100.000	352	0.0	700
WP_011014244.1	WP_011014244.1	100.000	211	1.46e-158	433
WP_011014245.1	WP_011014245.1	100.000	533	0.0	1072
WP_011014246.1	WP_011014246.1	100.000	626	0.0	1278
WP_011014246.1	WP_011015247.1	25.841	565	2.37e-36	140
WP_011014246.1	WP_011013434.1	29.175	521	8.50e-34	133
WP_011014251.1	WP_011014251.1	100.000	144	2.27e-104	291
WP_011014253.1	WP_011014253.1	100.000	162	1.55e-119	330
WP_011014253.1	WP_011014045.1	29.630	162	1.26e-15	67.0
WP_011014254.1	WP_011014254.1	100.000	318	0.0	632
WP_011014254.1	WP_011015373.1	29.902	204	6.48e-15	70.9
WP_011014254.1	WP_011014862.1	26.786	168	8.40e-06	42.4
WP_011014255.1	WP_011014255.1	100.000	605	0.0	1236
WP_011014256.1	WP_011014256.1	100.000	581	0.0	1181
WP_011014257.1	WP_011014257.1	100.000	289	0.0	584
WP_011014258.1	WP_011014258.1	100.000	340	0.0	679
WP_011014260.1	WP_011014260.1	100.000	622	0.0	1277
WP_011014260.1	WP_011013757.1	32.117	137	2.49e-11	62.8
WP_011014261.1	WP_011014261.1	100.000	218	3.52e-164	448
WP_011014262.1	WP_011014262.1	100.000	201	7.97e-153	418
WP_011014263.1	WP_011014263.1	100.000	376	0.0	770
WP_011014263.1	WP_011015581.1	29.302	215	7.39e-15	72.0
WP_011014265.1	WP_011014265.1	100.000	71	7.43e-49	145
WP_011014266.1	WP_011014266.1	100.000	157	7.02e-106	296
WP_011014267.1	WP_011014267.1	100.000	174	4.42e-127	350
WP_011014267.1	WP_227747761.1	31.250	80	1.39e-06	41.6
WP_011014268.1	WP_011014268.1	100.000	149	5.50e-112	310
WP_011014270.1	WP_011014270.1	100.000	60	4.35e-39	119
WP_011014271.1	WP_011014271.1	100.000	384	0.0	787
WP_011014271.1	WP_227747745.1	77.215	158	8.01e-91	267
WP_011014271.1	WP_227747746.1	62.121	132	4.28e-52	167
WP_011014272.1	WP_011014272.1	100.000	108	3.92e-77	219
WP_011014272.1	WP_011014082.1	67.593	108	2.64e-52	156
WP_011014273.1	WP_011014273.1	100.000	587	0.0	1220
WP_011014275.1	WP_011014275.1	100.000	795	0.0	1648
WP_011014275.1	WP_231838273.1	22.621	557	1.83e-17	83.6
WP_011014277.1	WP_011014277.1	100.000	469	0.0	962
WP_011014277.1	WP_011013350.1	57.701	461	0.0	560
WP_011014277.1	WP_011013352.1	38.961	77	3.95e-14	64.7
WP_011014277.1	WP_011014510.1	25.472	212	2.06e-08	51.2
WP_011014279.1	WP_011014279.1	100.000	188	9.21e-141	386
WP_011014279.1	WP_003855910.1	33.333	126	1.38e-13	64.7
WP_011014280.1	WP_011014280.1	100.000	235	2.18e-170	465
WP_011014280.1	WP_011013727.1	26.636	214	1.93e-16	72.8
WP_011014280.1	WP_011015087.1	30.000	200	8.19e-11	57.0
WP_011014280.1	WP_011266064.1	22.685	216	1.27e-06	45.1
WP_011014281.1	WP_011014281.1	100.000	481	0.0	993
WP_011014281.1	WP_170844367.1	27.007	274	1.36e-13	69.7
WP_011014282.1	WP_011014282.1	100.000	197	5.85e-148	405
WP_011014285.1	WP_011014285.1	100.000	360	0.0	733
WP_011014286.1	WP_011014286.1	100.000	326	0.0	654
WP_011014287.1	WP_011014287.1	100.000	329	0.0	662
WP_011014288.1	WP_011014288.1	100.000	249	0.0	507
WP_011014290.1	WP_011014290.1	100.000	707	0.0	1437
WP_011014290.1	WP_011014010.1	34.230	409	4.75e-57	206
WP_011014290.1	WP_011013876.1	33.721	86	2.81e-08	52.8
WP_011014291.1	WP_011014291.1	100.000	334	0.0	674
WP_011014292.1	WP_011014292.1	100.000	326	0.0	649
WP_011014295.1	WP_011014295.1	100.000	288	0.0	588
WP_011014295.1	WP_011014729.1	91.667	72	6.73e-39	135
WP_011014295.1	WP_011014688.1	90.278	72	1.06e-37	132
WP_011014298.1	WP_011014298.1	100.000	880	0.0	1790
WP_011014299.1	WP_011014299.1	100.000	466	0.0	905
WP_011014299.1	WP_003854772.1	31.605	405	2.87e-51	177
WP_011014299.1	WP_011014147.1	30.633	395	4.01e-49	171
WP_011014299.1	WP_011015248.1	31.126	302	4.49e-32	124
WP_011014299.1	WP_003859734.1	30.166	421	1.60e-30	120
WP_011014299.1	WP_011015504.1	27.848	395	4.57e-23	98.2
WP_011014299.1	WP_011013615.1	25.229	436	1.10e-22	97.4
WP_011014299.1	WP_011015308.1	25.063	399	2.49e-17	80.5
WP_011014299.1	WP_041625642.1	31.834	289	4.35e-16	76.6
WP_011014299.1	WP_011013368.1	26.959	434	2.20e-15	74.7
WP_011014299.1	WP_011015167.1	24.201	438	4.88e-13	67.0
WP_011014299.1	WP_011014309.1	23.438	256	2.22e-07	49.3
WP_011014300.1	WP_011014300.1	100.000	325	0.0	664
WP_011014300.1	WP_011013692.1	40.000	265	3.53e-55	177
WP_011014301.1	WP_011014301.1	100.000	291	0.0	598
WP_011014301.1	WP_011265932.1	49.097	277	1.05e-84	253
WP_011014301.1	WP_011013705.1	35.271	258	7.15e-47	155
WP_011014301.1	WP_011014076.1	33.333	243	2.68e-39	135
WP_011014301.1	WP_011014239.1	25.382	327	4.70e-10	56.2
WP_011014301.1	WP_003858893.1	25.517	290	4.16e-09	53.1
WP_011014302.1	WP_011014302.1	100.000	259	0.0	539
WP_011014302.1	WP_011013674.1	43.434	99	3.32e-15	69.3
WP_011014303.1	WP_011014303.1	100.000	486	0.0	972
WP_011014303.1	WP_011014841.1	50.000	82	2.08e-11	62.8
WP_011014303.1	WP_011014841.1	45.946	74	3.27e-08	52.4
WP_011014304.1	WP_011014304.1	100.000	683	0.0	1374
WP_011014304.1	WP_011015272.1	30.861	674	1.09e-73	247
WP_011014305.1	WP_011014305.1	100.000	200	1.03e-141	390
WP_011014306.1	WP_011014306.1	100.000	366	0.0	745
WP_011014306.1	WP_011265591.1	31.000	200	4.72e-16	74.7
WP_011014307.1	WP_011014307.1	100.000	145	8.56e-104	289
WP_011014308.1	WP_011014308.1	100.000	312	0.0	635
WP_011014308.1	WP_011014797.1	35.737	319	1.27e-45	154
WP_011014308.1	WP_011015421.1	31.507	292	1.51e-21	89.4
WP_011014309.1	WP_011014309.1	100.000	483	0.0	942
WP_011014309.1	WP_003859734.1	26.168	214	1.42e-14	72.4
WP_011014309.1	WP_011014147.1	24.425	348	1.40e-13	68.9
WP_011014309.1	WP_011013615.1	27.682	289	3.26e-11	61.6
WP_011014309.1	WP_003854772.1	23.030	330	1.52e-10	59.3
WP_011014309.1	WP_011015248.1	24.384	406	2.88e-10	58.5
WP_011014309.1	WP_003862889.1	30.220	182	2.24e-09	55.5
WP_011014309.1	WP_011015504.1	22.945	292	1.93e-08	52.8
WP_011014309.1	WP_011013368.1	24.211	380	2.25e-08	52.8
WP_011014309.1	WP_011014299.1	23.684	266	4.11e-08	51.6
WP_011014309.1	WP_011015167.1	27.106	273	8.01e-08	50.8
WP_011014309.1	WP_011013450.1	28.696	115	1.49e-06	47.0
WP_011014310.1	WP_011014310.1	100.000	307	0.0	600
WP_011014310.1	WP_011015041.1	59.459	296	3.44e-117	336
WP_011014310.1	WP_011014765.1	38.372	86	4.40e-06	43.9
WP_011014311.1	WP_011014311.1	100.000	346	0.0	706
WP_011014311.1	WP_011014232.1	45.317	331	1.22e-95	285
WP_011014311.1	WP_011013448.1	28.659	328	1.62e-34	125
WP_011014311.1	WP_003857593.1	30.195	308	7.57e-28	107
WP_011014311.1	WP_011014889.1	28.296	311	1.36e-25	101
WP_011014311.1	WP_011013442.1	23.899	318	5.92e-15	71.2
WP_011014311.1	WP_011015259.1	26.115	314	1.04e-13	67.8
WP_011014311.1	WP_011014235.1	26.996	263	2.83e-08	50.8
WP_011014313.1	WP_011014313.1	100.000	110	3.85e-81	229
WP_011014313.1	WP_011265760.1	29.000	100	5.16e-10	49.7
WP_011014315.1	WP_011014315.1	100.000	147	1.91e-105	294
WP_011014315.1	WP_011014342.1	33.113	151	1.76e-07	44.7
WP_011014315.1	WP_011015511.1	30.822	146	4.13e-06	41.6
WP_011014317.1	WP_011014317.1	100.000	755	0.0	1519
WP_011014318.1	WP_011014318.1	100.000	304	0.0	616
WP_011014319.1	WP_011014319.1	100.000	949	0.0	1939
WP_011014319.1	WP_011014110.1	34.005	744	5.50e-118	375
WP_011014319.1	WP_011014110.1	46.903	113	4.75e-26	111
WP_011014319.1	WP_011014110.1	32.000	175	2.35e-14	73.6
WP_011014319.1	WP_003858826.1	31.111	135	6.74e-08	51.2
WP_011014319.1	WP_011013698.1	33.333	96	2.43e-06	46.6
WP_011014319.1	WP_011013712.1	25.714	105	4.90e-06	46.6
WP_011014319.1	WP_011015040.1	28.632	234	5.72e-06	46.2
WP_011014319.1	WP_003862124.1	40.909	66	7.54e-06	45.8
WP_011014320.1	WP_011014320.1	100.000	708	0.0	1390
WP_011014321.1	WP_011014321.1	100.000	189	4.95e-139	382
WP_011014322.1	WP_011014322.1	100.000	270	0.0	557
WP_011014325.1	WP_011014325.1	100.000	278	0.0	561
WP_011014325.1	WP_011013847.1	29.137	278	2.94e-33	119
WP_011014325.1	WP_011015137.1	25.758	264	6.41e-26	100
WP_011014325.1	WP_004567523.1	23.952	167	9.32e-06	42.4
WP_011014326.1	WP_011014326.1	100.000	438	0.0	893
WP_011014327.1	WP_011014327.1	100.000	408	0.0	827
WP_011014327.1	WP_011015140.1	58.025	324	1.00e-121	354
WP_011014327.1	WP_011013851.1	57.055	326	2.95e-118	344
WP_011014327.1	WP_011013642.1	38.019	313	1.37e-61	199
WP_011014327.1	WP_011013479.1	36.471	255	3.02e-47	160
WP_011014327.1	WP_003858089.1	39.462	223	1.89e-37	132
WP_011014327.1	WP_003857431.1	36.323	223	4.19e-37	132
WP_011014327.1	WP_003858826.1	33.333	255	3.35e-31	116
WP_011014327.1	WP_003854632.1	28.980	245	5.92e-30	115
WP_011014327.1	WP_011015118.1	31.801	261	1.98e-29	116
WP_011014327.1	WP_011015118.1	26.772	254	2.06e-17	80.5
WP_011014327.1	WP_011015284.1	30.672	238	2.20e-29	112
WP_011014327.1	WP_011014212.1	32.432	222	2.75e-27	105
WP_011014327.1	WP_003856445.1	29.845	258	9.34e-27	104
WP_011014327.1	WP_003860245.1	33.040	227	2.10e-25	101
WP_011014327.1	WP_011015040.1	31.140	228	5.73e-25	102
WP_011014327.1	WP_011015040.1	25.446	224	2.14e-12	64.7
WP_011014327.1	WP_011265986.1	30.603	232	1.44e-24	102
WP_011014327.1	WP_011013931.1	32.127	221	1.95e-24	97.1
WP_011014327.1	WP_011013906.1	29.960	247	5.71e-24	96.7
WP_011014327.1	WP_011013783.1	30.928	194	2.85e-22	91.7
WP_011014327.1	WP_003855103.1	27.149	221	4.06e-22	90.9
WP_011014327.1	WP_011014807.1	29.412	272	3.11e-21	92.0
WP_011014327.1	WP_011014807.1	31.156	199	1.13e-15	75.1
WP_011014327.1	WP_011013333.1	33.180	217	3.77e-21	88.6
WP_011014327.1	WP_011015221.1	30.859	256	4.09e-21	88.6
WP_011014327.1	WP_011014850.1	25.926	216	1.18e-20	88.2
WP_011014327.1	WP_003862124.1	29.231	260	2.22e-20	89.0
WP_011014327.1	WP_003862124.1	28.440	218	5.81e-12	63.2
WP_011014327.1	WP_003856990.1	29.412	221	4.47e-20	85.9
WP_011014327.1	WP_011014450.1	29.333	225	5.08e-20	87.0
WP_011014327.1	WP_003857536.1	28.571	210	1.49e-19	83.6
WP_011014327.1	WP_011014379.1	32.367	207	2.34e-19	84.0
WP_011014327.1	WP_011013802.1	29.148	223	5.09e-19	82.8
WP_011014327.1	WP_011014492.1	29.870	231	1.31e-18	81.3
WP_011014327.1	WP_011013698.1	28.821	229	3.51e-18	80.5
WP_011014327.1	WP_011013996.1	30.583	206	1.44e-17	79.3
WP_011014327.1	WP_011015020.1	27.948	229	1.50e-17	80.9
WP_011014327.1	WP_011013712.1	29.648	199	1.91e-17	80.5
WP_011014327.1	WP_011013712.1	28.922	204	4.27e-08	51.6
WP_011014327.1	WP_011014012.1	28.448	232	2.13e-17	80.5
WP_011014327.1	WP_011014785.1	30.653	199	5.70e-17	76.3
WP_011014327.1	WP_011015345.1	25.532	235	5.96e-17	77.4
WP_011014327.1	WP_011014233.1	25.238	210	7.77e-16	75.5
WP_011014327.1	WP_011014233.1	25.980	204	3.80e-12	63.9
WP_011014327.1	WP_011013985.1	32.895	152	1.41e-15	72.4
WP_011014327.1	WP_011265940.1	28.879	232	1.91e-15	72.4
WP_011014327.1	WP_011014011.1	26.368	201	4.60e-15	73.6
WP_011014327.1	WP_011014139.1	28.436	211	8.73e-15	72.8
WP_011014327.1	WP_011014139.1	29.302	215	2.84e-14	71.2
WP_011014327.1	WP_011014374.1	28.507	221	2.18e-14	68.9
WP_011014327.1	WP_011013968.1	30.108	186	3.76e-14	70.5
WP_011014327.1	WP_011013968.1	31.658	199	8.10e-12	63.2
WP_011014327.1	WP_011013984.1	23.671	207	1.01e-13	67.0
WP_011014327.1	WP_011013622.1	30.409	171	1.52e-13	67.0
WP_011014327.1	WP_003861735.1	24.885	217	1.81e-13	67.0
WP_011014327.1	WP_011013338.1	26.768	198	4.08e-13	65.5
WP_011014327.1	WP_011013807.1	29.412	187	6.41e-13	64.7
WP_011014327.1	WP_011015261.1	30.137	219	1.24e-12	63.5
WP_011014327.1	WP_011265869.1	27.189	217	4.85e-12	63.9
WP_011014327.1	WP_011014540.1	26.154	195	9.71e-12	60.5
WP_011014327.1	WP_011013331.1	27.149	221	1.62e-11	60.1
WP_011014327.1	WP_011014424.1	27.426	237	2.23e-11	62.0
WP_011014327.1	WP_011013466.1	29.714	175	2.41e-11	60.1
WP_011014327.1	WP_011014865.1	30.481	187	6.33e-11	60.1
WP_011014327.1	WP_004567959.1	27.778	198	9.22e-11	58.9
WP_011014327.1	WP_011266014.1	30.263	152	9.41e-11	59.3
WP_011014327.1	WP_011014362.1	29.448	163	1.25e-09	56.2
WP_011014327.1	WP_003856078.1	26.066	211	8.58e-09	52.4
WP_011014327.1	WP_011014351.1	27.103	214	1.96e-07	49.3
WP_011014327.1	WP_011015133.1	25.521	192	2.75e-07	48.9
WP_011014327.1	WP_011014216.1	24.034	233	1.18e-06	46.2
WP_011014327.1	WP_020948580.1	41.935	62	4.91e-06	45.1
WP_011014328.1	WP_011014328.1	100.000	235	9.46e-173	471
WP_011014330.1	WP_011014330.1	100.000	835	0.0	1687
WP_011014331.1	WP_011014331.1	100.000	461	0.0	931
WP_011014333.1	WP_011014333.1	100.000	388	0.0	780
WP_011014334.1	WP_011014334.1	100.000	391	0.0	789
WP_011014334.1	WP_011015122.1	31.378	392	2.50e-50	172
WP_011014334.1	WP_011013682.1	33.500	400	1.05e-45	159
WP_011014334.1	WP_011015243.1	28.846	416	2.26e-39	142
WP_011014334.1	WP_011265562.1	31.511	311	1.23e-29	115
WP_011014335.1	WP_011014335.1	100.000	319	0.0	659
WP_011014335.1	WP_011265673.1	25.080	311	1.48e-21	89.0
WP_011014335.1	WP_003862210.1	27.019	322	2.33e-18	80.5
WP_011014337.1	WP_011014337.1	100.000	477	0.0	957
WP_011014337.1	WP_003856814.1	27.230	213	2.78e-11	61.6
WP_011014337.1	WP_011014843.1	27.933	179	3.18e-10	58.2
WP_011014338.1	WP_011014338.1	100.000	381	0.0	777
WP_011014339.1	WP_011014339.1	100.000	525	0.0	1057
WP_011014340.1	WP_011014340.1	100.000	204	8.81e-152	416
WP_011014341.1	WP_011014341.1	100.000	420	0.0	862
WP_011014342.1	WP_011014342.1	100.000	155	1.28e-110	307
WP_011014342.1	WP_011014315.1	33.113	151	5.76e-07	43.1
WP_011014343.1	WP_011014343.1	100.000	434	0.0	835
WP_011014344.1	WP_011014344.1	100.000	328	0.0	660
WP_011014344.1	WP_003859582.1	29.885	261	5.07e-27	103
WP_011014345.1	WP_011014345.1	100.000	320	0.0	635
WP_011014346.1	WP_011014346.1	100.000	593	0.0	1178
WP_011014347.1	WP_011014347.1	100.000	397	0.0	795
WP_011014348.1	WP_011014348.1	100.000	321	0.0	630
WP_011014349.1	WP_011014349.1	100.000	223	2.27e-165	451
WP_011014350.1	WP_011014350.1	100.000	304	0.0	612
WP_011014350.1	WP_011014833.1	34.653	303	1.24e-50	166
WP_011014350.1	WP_231838290.1	40.299	67	8.94e-09	49.7
WP_011014351.1	WP_011014351.1	100.000	510	0.0	1031
WP_011014351.1	WP_011014910.1	32.022	534	3.64e-60	204
WP_011014351.1	WP_011014910.1	44.286	70	1.41e-09	56.6
WP_011014351.1	WP_011015133.1	26.448	518	4.20e-33	129
WP_011014351.1	WP_011015133.1	29.146	199	9.16e-10	57.4
WP_011014351.1	WP_011014089.1	29.174	545	3.35e-29	117
WP_011014351.1	WP_011014089.1	31.000	200	3.05e-13	68.2
WP_011014351.1	WP_011014443.1	27.799	518	2.14e-28	115
WP_011014351.1	WP_011014443.1	26.337	243	3.34e-11	62.0
WP_011014351.1	WP_011014443.1	26.601	203	1.17e-07	50.4
WP_011014351.1	WP_011013968.1	24.665	523	9.50e-26	107
WP_011014351.1	WP_011013968.1	28.063	253	3.56e-14	71.2
WP_011014351.1	WP_011013802.1	29.961	257	1.29e-17	79.3
WP_011014351.1	WP_011013802.1	25.989	177	3.37e-08	51.2
WP_011014351.1	WP_011013642.1	29.437	231	1.99e-13	67.8
WP_011014351.1	WP_011013642.1	28.221	163	8.32e-06	44.3
WP_011014351.1	WP_011013698.1	29.258	229	2.09e-13	67.0
WP_011014351.1	WP_011013698.1	31.515	165	4.68e-07	47.8
WP_011014351.1	WP_004567959.1	26.754	228	8.66e-13	65.5
WP_011014351.1	WP_011014540.1	27.523	218	1.19e-12	63.5
WP_011014351.1	WP_011014540.1	29.299	157	2.98e-09	53.5
WP_011014351.1	WP_011013712.1	23.713	544	4.07e-12	64.7
WP_011014351.1	WP_011013338.1	27.807	187	1.27e-11	61.6
WP_011014351.1	WP_011014492.1	28.837	215	4.28e-11	59.7
WP_011014351.1	WP_011013906.1	25.778	225	8.48e-11	58.9
WP_011014351.1	WP_011013479.1	29.101	189	9.09e-11	59.3
WP_011014351.1	WP_011013996.1	26.738	187	2.26e-10	58.2
WP_011014351.1	WP_011013996.1	29.518	166	7.62e-09	53.5
WP_011014351.1	WP_011014450.1	30.303	165	5.15e-10	57.4
WP_011014351.1	WP_011015040.1	25.893	224	1.42e-09	56.6
WP_011014351.1	WP_011015040.1	25.121	207	2.83e-07	49.3
WP_011014351.1	WP_011015140.1	30.374	214	2.23e-09	55.5
WP_011014351.1	WP_011014807.1	23.944	213	4.22e-09	55.1
WP_011014351.1	WP_011014807.1	27.426	237	6.11e-08	51.6
WP_011014351.1	WP_011014212.1	25.692	253	5.36e-09	53.5
WP_011014351.1	WP_011014212.1	30.625	160	2.13e-07	48.5
WP_011014351.1	WP_003854632.1	24.537	216	1.11e-08	53.1
WP_011014351.1	WP_011014374.1	29.825	171	1.27e-08	52.4
WP_011014351.1	WP_011013984.1	25.114	219	1.54e-08	52.0
WP_011014351.1	WP_011015345.1	25.893	224	1.57e-08	52.8
WP_011014351.1	WP_011015345.1	27.273	154	1.89e-06	46.2
WP_011014351.1	WP_011014233.1	23.529	221	1.63e-08	53.1
WP_011014351.1	WP_011014233.1	23.256	215	4.92e-07	48.5
WP_011014351.1	WP_011014233.1	26.066	211	5.23e-07	48.5
WP_011014351.1	WP_011013333.1	25.683	183	3.32e-08	51.2
WP_011014351.1	WP_011013333.1	26.136	176	6.91e-07	47.0
WP_011014351.1	WP_011014011.1	25.877	228	6.09e-08	51.6
WP_011014351.1	WP_011265986.1	24.895	237	7.82e-08	51.2
WP_011014351.1	WP_011265986.1	38.571	70	1.93e-06	46.6
WP_011014351.1	WP_011014850.1	24.444	225	1.64e-07	49.3
WP_011014351.1	WP_011014850.1	26.471	136	3.13e-07	48.5
WP_011014351.1	WP_003856445.1	27.160	243	2.17e-07	48.9
WP_011014351.1	WP_003856445.1	30.159	189	3.88e-07	48.1
WP_011014351.1	WP_011014139.1	26.087	184	2.18e-07	50.1
WP_011014351.1	WP_011014327.1	26.267	217	2.91e-07	48.9
WP_011014351.1	WP_011015261.1	36.585	123	2.98e-07	48.1
WP_011014351.1	WP_011014216.1	27.000	200	3.12e-07	48.5
WP_011014351.1	WP_011014216.1	24.903	257	1.77e-06	46.2
WP_011014351.1	WP_003856990.1	28.333	180	4.78e-07	47.8
WP_011014351.1	WP_011015020.1	25.405	185	5.14e-07	48.5
WP_011014351.1	WP_003861735.1	23.077	247	6.14e-07	47.4
WP_011014351.1	WP_011014379.1	26.263	198	7.74e-07	47.0
WP_011014351.1	WP_011013985.1	26.020	196	1.25e-06	46.2
WP_011014351.1	WP_003857536.1	28.177	181	1.34e-06	45.8
WP_011014351.1	WP_003857536.1	28.571	210	1.80e-06	45.4
WP_011014351.1	WP_003862124.1	24.887	221	1.70e-06	46.6
WP_011014351.1	WP_011013331.1	31.056	161	2.90e-06	44.7
WP_011014351.1	WP_003858089.1	24.737	190	4.03e-06	44.7
WP_011014351.1	WP_011015118.1	26.977	215	7.44e-06	44.7
WP_011014351.1	WP_011013466.1	24.762	210	7.76e-06	43.9
WP_011014351.1	WP_003857431.1	26.667	180	8.76e-06	43.5
WP_011014352.1	WP_011014352.1	100.000	290	0.0	591
WP_011014352.1	WP_003855308.1	42.264	265	1.58e-62	196
WP_011014352.1	WP_011013584.1	21.782	202	3.83e-06	44.3
WP_011014354.1	WP_011014354.1	100.000	187	5.92e-137	377
WP_011014355.1	WP_011014355.1	100.000	289	0.0	582
WP_011014355.1	WP_011013827.1	27.820	266	1.31e-20	86.3
WP_011014355.1	WP_011015366.1	30.348	201	1.25e-19	83.2
WP_011014356.1	WP_011014356.1	100.000	192	1.75e-138	381
WP_011014358.1	WP_011014358.1	100.000	222	1.39e-164	449
WP_011014359.1	WP_011014359.1	100.000	166	6.17e-122	337
WP_011014359.1	WP_011014767.1	28.276	145	8.51e-10	51.6
WP_011014360.1	WP_011014360.1	100.000	271	0.0	559
WP_011014362.1	WP_011014362.1	100.000	581	0.0	1155
WP_011014362.1	WP_011265658.1	38.007	542	2.72e-113	346
WP_011014362.1	WP_011014424.1	33.445	595	2.26e-77	253
WP_011014362.1	WP_011014139.1	28.246	570	3.29e-59	210
WP_011014362.1	WP_011014139.1	26.022	465	4.14e-33	132
WP_011014362.1	WP_011014011.1	26.945	527	1.99e-56	197
WP_011014362.1	WP_011015020.1	25.371	607	1.38e-47	172
WP_011014362.1	WP_011014012.1	26.655	574	6.99e-44	161
WP_011014362.1	WP_011265869.1	24.744	489	5.20e-17	80.5
WP_011014362.1	WP_003854632.1	26.792	265	1.39e-15	75.1
WP_011014362.1	WP_011013642.1	28.261	230	1.66e-14	71.6
WP_011014362.1	WP_011014492.1	28.085	235	1.82e-13	67.0
WP_011014362.1	WP_011013479.1	28.761	226	3.11e-13	67.0
WP_011014362.1	WP_011014212.1	28.054	221	1.03e-12	64.7
WP_011014362.1	WP_003857431.1	26.484	219	1.14e-12	64.7
WP_011014362.1	WP_011014233.1	28.182	220	1.37e-12	66.6
WP_011014362.1	WP_003858826.1	25.620	242	2.15e-12	63.9
WP_011014362.1	WP_003861735.1	28.824	170	3.07e-12	63.9
WP_011014362.1	WP_011015140.1	26.809	235	3.71e-12	64.7
WP_011014362.1	WP_011013331.1	27.273	220	5.92e-12	62.0
WP_011014362.1	WP_011013807.1	26.271	236	9.63e-12	62.0
WP_011014362.1	WP_011014865.1	22.047	508	1.06e-11	63.5
WP_011014362.1	WP_011013985.1	26.638	229	2.58e-11	60.5
WP_011014362.1	WP_011014850.1	25.110	227	4.73e-11	60.5
WP_011014362.1	WP_011265986.1	28.400	250	5.20e-11	61.6
WP_011014362.1	WP_011014807.1	25.954	262	9.52e-11	60.8
WP_011014362.1	WP_011014807.1	25.000	248	5.74e-07	48.5
WP_011014362.1	WP_011014374.1	26.168	214	1.27e-10	58.5
WP_011014362.1	WP_011013984.1	28.509	228	1.71e-10	58.2
WP_011014362.1	WP_003860245.1	25.410	244	1.92e-10	58.5
WP_011014362.1	WP_011013783.1	26.636	214	2.60e-10	57.4
WP_011014362.1	WP_011013698.1	25.105	239	2.98e-10	57.8
WP_011014362.1	WP_011014450.1	26.639	244	5.60e-10	57.4
WP_011014362.1	WP_011013333.1	28.492	179	8.29e-10	56.2
WP_011014362.1	WP_011013931.1	26.667	225	1.20e-09	55.1
WP_011014362.1	WP_011014154.1	33.136	169	1.20e-09	57.0
WP_011014362.1	WP_011013906.1	24.255	235	2.06e-09	55.1
WP_011014362.1	WP_011014379.1	26.772	254	2.06e-09	55.1
WP_011014362.1	WP_011014327.1	29.448	163	2.17e-09	55.8
WP_011014362.1	WP_011013996.1	26.582	237	2.89e-09	55.1
WP_011014362.1	WP_003855103.1	23.684	228	3.78e-09	53.9
WP_011014362.1	WP_011265504.1	23.224	366	4.18e-09	55.5
WP_011014362.1	WP_011013802.1	23.894	226	4.63e-09	53.9
WP_011014362.1	WP_011015221.1	23.673	245	8.00e-09	53.1
WP_011014362.1	WP_011014910.1	40.741	54	1.08e-08	54.3
WP_011014362.1	WP_011013968.1	27.638	199	2.16e-08	53.1
WP_011014362.1	WP_011013622.1	26.641	259	2.37e-08	52.0
WP_011014362.1	WP_011015118.1	25.991	227	2.93e-08	52.8
WP_011014362.1	WP_011013712.1	27.928	222	5.12e-08	52.0
WP_011014362.1	WP_003857536.1	24.138	232	1.23e-07	49.3
WP_011014362.1	WP_011015345.1	23.529	221	2.29e-07	49.3
WP_011014362.1	WP_011015040.1	26.407	231	2.76e-07	49.7
WP_011014362.1	WP_011015040.1	25.769	260	4.34e-07	48.9
WP_011014362.1	WP_003858089.1	27.841	176	3.92e-07	47.8
WP_011014362.1	WP_011015284.1	26.407	231	5.46e-07	47.8
WP_011014362.1	WP_003856445.1	25.941	239	6.96e-07	47.4
WP_011014362.1	WP_011013851.1	30.000	170	8.04e-07	47.8
WP_011014362.1	WP_011265940.1	22.822	241	1.21e-06	46.6
WP_011014362.1	WP_003856990.1	23.767	223	1.58e-06	46.2
WP_011014362.1	WP_004567959.1	34.328	67	9.60e-06	44.3
WP_011014363.1	WP_011014363.1	100.000	268	0.0	516
WP_011014364.1	WP_011014364.1	100.000	516	0.0	1019
WP_011014365.1	WP_011014365.1	100.000	129	1.42e-95	267
WP_011014367.1	WP_011014367.1	100.000	763	0.0	1536
WP_011014367.1	WP_011013871.1	38.612	663	3.74e-119	375
WP_011014368.1	WP_011014368.1	100.000	463	0.0	912
WP_011014370.1	WP_011014370.1	100.000	354	0.0	716
WP_011014370.1	WP_011014371.1	31.429	350	1.43e-41	147
WP_011014370.1	WP_011014192.1	31.143	350	7.57e-40	143
WP_011014370.1	WP_011014191.1	28.280	343	2.45e-36	131
WP_011014370.1	WP_003859459.1	20.000	350	4.25e-10	57.0
WP_011014371.1	WP_011014371.1	100.000	460	0.0	925
WP_011014371.1	WP_011014192.1	31.746	441	5.20e-63	208
WP_011014371.1	WP_011014370.1	31.429	350	1.86e-41	147
WP_011014371.1	WP_011014191.1	28.875	329	1.69e-33	125
WP_011014371.1	WP_003859459.1	24.877	406	5.74e-25	103
WP_011014372.1	WP_011014372.1	100.000	245	0.0	511
WP_011014372.1	WP_011013902.1	26.178	191	3.15e-12	61.2
WP_011014372.1	WP_011014229.1	27.807	187	1.25e-08	50.8
WP_011014372.1	WP_011013339.1	22.674	172	2.31e-08	50.1
WP_011014373.1	WP_011014373.1	100.000	154	9.88e-113	313
WP_011014374.1	WP_011014374.1	100.000	247	0.0	499
WP_011014374.1	WP_011014450.1	31.004	229	4.07e-32	117
WP_011014374.1	WP_004567959.1	36.111	216	1.33e-31	114
WP_011014374.1	WP_011013996.1	34.000	200	5.93e-30	110
WP_011014374.1	WP_003857536.1	31.304	230	1.30e-29	107
WP_011014374.1	WP_011014850.1	32.653	196	1.00e-28	107
WP_011014374.1	WP_011013479.1	33.495	206	4.41e-26	100
WP_011014374.1	WP_003857431.1	29.911	224	6.47e-26	98.2
WP_011014374.1	WP_011013642.1	34.804	204	7.97e-26	100
WP_011014374.1	WP_003858826.1	28.390	236	2.12e-25	97.4
WP_011014374.1	WP_011015345.1	34.896	192	5.72e-25	97.1
WP_011014374.1	WP_003855103.1	33.333	204	5.37e-24	92.8
WP_011014374.1	WP_011013985.1	29.730	185	8.95e-23	89.7
WP_011014374.1	WP_011014212.1	33.333	222	5.83e-22	87.8
WP_011014374.1	WP_003861735.1	28.571	224	9.20e-22	88.2
WP_011014374.1	WP_003858089.1	31.694	183	1.63e-21	86.3
WP_011014374.1	WP_011013851.1	28.829	222	1.98e-21	87.8
WP_011014374.1	WP_011015140.1	30.049	203	5.03e-21	87.4
WP_011014374.1	WP_003854632.1	29.224	219	6.54e-21	86.7
WP_011014374.1	WP_011013783.1	32.124	193	8.14e-21	84.7
WP_011014374.1	WP_011013807.1	28.326	233	2.25e-20	84.0
WP_011014374.1	WP_011013622.1	31.707	205	5.20e-20	83.2
WP_011014374.1	WP_011013802.1	30.159	252	9.57e-20	82.4
WP_011014374.1	WP_003860245.1	29.703	202	1.02e-19	82.4
WP_011014374.1	WP_011265940.1	29.439	214	5.28e-19	80.1
WP_011014374.1	WP_011013698.1	30.045	223	1.45e-18	79.0
WP_011014374.1	WP_011013984.1	28.448	232	7.72e-18	76.6
WP_011014374.1	WP_011014540.1	29.570	186	1.11e-17	75.5
WP_011014374.1	WP_011014379.1	30.189	212	3.35e-17	75.5
WP_011014374.1	WP_011015040.1	29.694	229	5.73e-17	76.3
WP_011014374.1	WP_011015040.1	27.511	229	1.32e-16	75.1
WP_011014374.1	WP_011013931.1	30.806	211	1.02e-16	73.2
WP_011014374.1	WP_011265986.1	28.685	251	1.18e-16	75.5
WP_011014374.1	WP_011015020.1	29.646	226	2.00e-16	74.7
WP_011014374.1	WP_011014139.1	28.571	217	2.61e-15	71.6
WP_011014374.1	WP_011014139.1	27.755	245	1.22e-11	60.8
WP_011014374.1	WP_003856445.1	28.821	229	2.65e-15	70.1
WP_011014374.1	WP_011014216.1	28.139	231	5.74e-15	69.3
WP_011014374.1	WP_011014492.1	33.163	196	6.36e-15	68.6
WP_011014374.1	WP_011013906.1	24.215	223	1.16e-14	67.8
WP_011014374.1	WP_011014327.1	28.507	221	1.32e-14	68.9
WP_011014374.1	WP_011015221.1	25.620	242	2.04e-14	67.4
WP_011014374.1	WP_011265869.1	25.909	220	2.33e-14	68.6
WP_011014374.1	WP_011013712.1	27.230	213	3.10e-14	68.2
WP_011014374.1	WP_011013712.1	29.680	219	3.42e-13	65.1
WP_011014374.1	WP_011013331.1	27.041	196	1.83e-13	64.3
WP_011014374.1	WP_011015118.1	35.976	164	9.04e-13	63.9
WP_011014374.1	WP_011015118.1	25.940	266	1.82e-12	62.8
WP_011014374.1	WP_011013333.1	28.922	204	1.98e-12	61.6
WP_011014374.1	WP_011014011.1	24.034	233	5.15e-12	61.6
WP_011014374.1	WP_011015284.1	27.556	225	5.43e-12	60.5
WP_011014374.1	WP_011014807.1	27.064	218	7.42e-12	61.2
WP_011014374.1	WP_011014807.1	24.314	255	8.45e-12	60.8
WP_011014374.1	WP_011015261.1	27.848	158	7.43e-12	59.7
WP_011014374.1	WP_011013968.1	33.784	148	8.08e-12	60.8
WP_011014374.1	WP_011013968.1	31.410	156	1.19e-11	60.5
WP_011014374.1	WP_011014012.1	28.111	217	1.59e-11	60.1
WP_011014374.1	WP_011014233.1	25.616	203	1.81e-11	60.1
WP_011014374.1	WP_011014233.1	25.980	204	2.48e-10	56.6
WP_011014374.1	WP_003856990.1	29.245	212	1.98e-11	58.9
WP_011014374.1	WP_011265694.1	27.273	187	2.47e-11	59.3
WP_011014374.1	WP_011014443.1	29.412	204	2.63e-11	59.3
WP_011014374.1	WP_011015133.1	30.409	171	3.81e-11	58.9
WP_011014374.1	WP_011015133.1	27.228	202	7.41e-07	45.8
WP_011014374.1	WP_011014362.1	26.168	214	6.51e-11	58.2
WP_011014374.1	WP_011013338.1	25.217	230	1.72e-10	56.2
WP_011014374.1	WP_003862124.1	31.818	176	1.77e-10	57.0
WP_011014374.1	WP_003862124.1	30.323	155	7.06e-09	52.0
WP_011014374.1	WP_011013466.1	24.352	193	1.08e-09	53.9
WP_011014374.1	WP_011014351.1	29.825	171	4.23e-09	52.8
WP_011014374.1	WP_011014910.1	32.203	177	5.14e-09	52.4
WP_011014374.1	WP_011014910.1	29.004	231	1.45e-08	51.2
WP_011014374.1	WP_011014110.1	27.679	112	9.30e-08	48.9
WP_011014374.1	WP_020948580.1	40.678	59	2.42e-07	47.4
WP_011014374.1	WP_011014785.1	24.581	179	4.14e-07	45.8
WP_011014374.1	WP_003856078.1	25.134	187	3.35e-06	43.5
WP_011014374.1	WP_011265741.1	34.286	70	4.69e-06	43.5
WP_011014374.1	WP_011266014.1	25.926	162	7.25e-06	42.7
WP_011014375.1	WP_011014375.1	100.000	247	0.0	493
WP_011014376.1	WP_011014376.1	100.000	291	0.0	575
WP_011014377.1	WP_011014377.1	100.000	282	0.0	559
WP_011014377.1	WP_011014378.1	32.453	265	2.19e-29	108
WP_011014378.1	WP_011014378.1	100.000	268	0.0	525
WP_011014378.1	WP_011014377.1	33.971	209	4.19e-33	119
WP_011014379.1	WP_011014379.1	100.000	268	0.0	547
WP_011014379.1	WP_003854632.1	36.515	241	2.36e-43	147
WP_011014379.1	WP_003858089.1	37.445	227	9.61e-42	139
WP_011014379.1	WP_003857431.1	35.865	237	8.37e-39	132
WP_011014379.1	WP_003855103.1	34.934	229	1.13e-33	119
WP_011014379.1	WP_011013642.1	33.036	224	1.15e-29	111
WP_011014379.1	WP_003858826.1	32.218	239	1.75e-29	108
WP_011014379.1	WP_011013802.1	31.579	247	2.93e-29	108
WP_011014379.1	WP_011013931.1	38.424	203	6.73e-29	106
WP_011014379.1	WP_011013783.1	35.047	214	3.08e-28	105
WP_011014379.1	WP_003860245.1	31.556	225	4.79e-27	102
WP_011014379.1	WP_011013479.1	35.294	238	2.82e-26	101
WP_011014379.1	WP_011013984.1	33.480	227	3.03e-26	99.8
WP_011014379.1	WP_003856445.1	28.897	263	3.47e-26	100
WP_011014379.1	WP_011014492.1	31.064	235	8.89e-26	98.6
WP_011014379.1	WP_011013807.1	32.000	250	3.99e-25	97.1
WP_011014379.1	WP_003857536.1	34.197	193	1.37e-23	92.4
WP_011014379.1	WP_011015040.1	30.488	246	6.47e-23	94.0
WP_011014379.1	WP_011015040.1	30.544	239	6.29e-16	73.6
WP_011014379.1	WP_011013906.1	31.513	238	9.57e-23	90.5
WP_011014379.1	WP_011013851.1	29.583	240	1.70e-22	91.3
WP_011014379.1	WP_011015118.1	30.672	238	7.47e-22	91.3
WP_011014379.1	WP_011015118.1	31.020	245	5.39e-16	73.9
WP_011014379.1	WP_011015020.1	33.333	207	9.03e-22	90.9
WP_011014379.1	WP_011013338.1	29.004	231	1.47e-21	87.4
WP_011014379.1	WP_011015345.1	31.356	236	1.59e-21	88.2
WP_011014379.1	WP_011014807.1	30.544	239	1.68e-21	90.1
WP_011014379.1	WP_011014807.1	30.093	216	5.62e-19	82.8
WP_011014379.1	WP_011015140.1	27.966	236	7.16e-21	87.4
WP_011014379.1	WP_011013622.1	27.935	247	5.93e-20	83.6
WP_011014379.1	WP_011014850.1	30.052	193	1.04e-19	83.2
WP_011014379.1	WP_011014327.1	32.367	207	1.54e-19	84.0
WP_011014379.1	WP_011013698.1	28.049	246	2.85e-19	81.3
WP_011014379.1	WP_011014233.1	28.049	246	3.77e-19	83.2
WP_011014379.1	WP_011014233.1	24.359	234	4.75e-09	53.1
WP_011014379.1	WP_011013712.1	27.444	266	7.69e-19	82.4
WP_011014379.1	WP_011013712.1	25.630	238	1.46e-10	57.8
WP_011014379.1	WP_011013333.1	33.508	191	1.20e-18	79.3
WP_011014379.1	WP_011265986.1	30.213	235	1.36e-18	81.6
WP_011014379.1	WP_011013996.1	24.481	241	2.19e-18	79.7
WP_011014379.1	WP_011265940.1	27.381	252	2.92e-18	78.6
WP_011014379.1	WP_003856990.1	26.471	272	3.86e-18	78.2
WP_011014379.1	WP_011014212.1	32.812	192	4.29e-18	77.8
WP_011014379.1	WP_011015284.1	28.632	234	8.41e-18	77.4
WP_011014379.1	WP_011014374.1	30.189	212	3.63e-17	75.5
WP_011014379.1	WP_011013985.1	29.333	225	9.14e-17	73.9
WP_011014379.1	WP_011014139.1	30.263	228	1.05e-16	76.3
WP_011014379.1	WP_011014139.1	26.638	229	1.12e-08	52.0
WP_011014379.1	WP_011014012.1	30.000	210	1.27e-15	72.8
WP_011014379.1	WP_011013331.1	28.333	240	7.50e-15	68.6
WP_011014379.1	WP_011015221.1	30.126	239	9.13e-15	68.6
WP_011014379.1	WP_011014450.1	25.475	263	2.95e-14	68.2
WP_011014379.1	WP_003861735.1	24.060	266	4.29e-14	67.0
WP_011014379.1	WP_003862124.1	29.018	224	5.58e-14	67.8
WP_011014379.1	WP_011015261.1	34.146	164	3.32e-13	63.9
WP_011014379.1	WP_011014216.1	26.642	274	6.51e-13	63.9
WP_011014379.1	WP_011013968.1	27.919	197	1.73e-12	63.5
WP_011014379.1	WP_011013968.1	29.891	184	1.59e-11	60.5
WP_011014379.1	WP_011014424.1	27.839	273	2.72e-12	62.8
WP_011014379.1	WP_011014011.1	25.417	240	1.37e-11	60.8
WP_011014379.1	WP_011265658.1	26.692	266	6.25e-11	58.9
WP_011014379.1	WP_011014443.1	27.895	190	4.83e-10	55.8
WP_011014379.1	WP_004567959.1	23.600	250	1.57e-09	53.9
WP_011014379.1	WP_011015133.1	24.603	252	3.50e-09	53.5
WP_011014379.1	WP_011014362.1	28.177	181	4.85e-09	53.1
WP_011014379.1	WP_011265869.1	27.041	196	8.38e-09	52.4
WP_011014379.1	WP_011014785.1	28.205	234	1.63e-08	50.4
WP_011014379.1	WP_011013466.1	23.636	165	1.79e-07	47.4
WP_011014379.1	WP_011014865.1	34.161	161	1.94e-07	48.1
WP_011014379.1	WP_011014910.1	39.655	58	2.39e-07	47.8
WP_011014379.1	WP_020948580.1	47.826	46	3.52e-07	47.4
WP_011014379.1	WP_011014351.1	24.227	194	4.41e-07	47.0
WP_011014379.1	WP_011265741.1	41.860	43	9.10e-06	42.7
WP_011014380.1	WP_011014380.1	100.000	350	0.0	698
WP_011014382.1	WP_011014382.1	100.000	763	0.0	1550
WP_011014382.1	WP_011015616.1	31.557	244	3.41e-20	87.8
WP_011014382.1	WP_011014839.1	29.279	222	2.05e-08	52.0
WP_011014383.1	WP_011014383.1	100.000	268	0.0	528
WP_011014384.1	WP_011014384.1	100.000	438	0.0	889
WP_011014385.1	WP_011014385.1	100.000	462	0.0	924
WP_011014385.1	WP_011013531.1	34.228	447	6.66e-75	239
WP_011014385.1	WP_011013638.1	34.899	447	1.31e-66	217
WP_011014385.1	WP_011015489.1	34.842	442	1.34e-58	195
WP_011014385.1	WP_011015605.1	28.097	452	9.20e-34	129
WP_011014385.1	WP_011015577.1	28.044	271	8.37e-11	60.1
WP_011014385.1	WP_003861178.1	24.317	366	2.33e-10	58.5
WP_011014385.1	WP_011266071.1	24.696	247	8.51e-09	52.8
WP_011014386.1	WP_011014386.1	100.000	190	2.53e-133	368
WP_011014387.1	WP_011014387.1	100.000	332	0.0	639
WP_011014387.1	WP_011013516.1	22.917	288	5.76e-08	50.1
WP_011014389.1	WP_011014389.1	100.000	462	0.0	919
WP_011014389.1	WP_011265637.1	27.883	477	9.75e-39	144
WP_011014389.1	WP_011265677.1	23.374	492	6.04e-15	73.6
WP_011014392.1	WP_011014392.1	100.000	545	0.0	1097
WP_011014395.1	WP_011014395.1	100.000	258	0.0	510
WP_011014396.1	WP_011014396.1	100.000	426	0.0	867
WP_011014397.1	WP_011014397.1	100.000	246	0.0	498
WP_011014397.1	WP_011013458.1	39.113	248	6.42e-43	142
WP_011014397.1	WP_011015148.1	27.717	184	4.13e-07	46.2
WP_011014398.1	WP_011014398.1	100.000	379	0.0	765
WP_011014398.1	WP_011014485.1	38.075	239	1.41e-42	149
WP_011014398.1	WP_020948601.1	26.705	176	5.38e-08	50.1
WP_011014398.1	WP_011013728.1	28.662	157	4.96e-07	47.0
WP_011014399.1	WP_011014399.1	100.000	929	0.0	1911
WP_011014399.1	WP_020948596.1	36.585	164	4.68e-23	102
WP_011014399.1	WP_020948596.1	47.253	91	1.30e-20	94.0
WP_011014400.1	WP_011014400.1	100.000	314	0.0	629
WP_011014401.1	WP_011014401.1	100.000	105	9.69e-75	213
WP_011014401.1	WP_003855212.1	71.111	45	1.10e-20	75.1
WP_011014402.1	WP_011014402.1	100.000	327	0.0	677
WP_011014402.1	WP_011014403.1	27.511	229	4.53e-11	59.3
WP_011014403.1	WP_011014403.1	100.000	324	0.0	657
WP_011014403.1	WP_011014402.1	28.108	185	4.96e-11	59.3
WP_011014405.1	WP_011014405.1	100.000	514	0.0	1063
WP_011014405.1	WP_227747724.1	36.641	393	4.33e-76	244
WP_011014408.1	WP_011014408.1	100.000	403	0.0	787
WP_011014408.1	WP_011014092.1	52.051	390	8.62e-139	399
WP_011014408.1	WP_011015308.1	24.848	165	3.95e-11	60.8
WP_011014408.1	WP_003859734.1	22.764	369	4.13e-07	48.1
WP_011014408.1	WP_011014146.1	28.800	125	4.18e-07	48.1
WP_011014408.1	WP_011014147.1	27.551	98	2.37e-06	45.8
WP_011014409.1	WP_011014409.1	100.000	526	0.0	1088
WP_011014409.1	WP_003856814.1	39.262	461	2.59e-98	302
WP_011014409.1	WP_011014843.1	25.552	317	1.85e-07	49.7
WP_011014410.1	WP_011014410.1	100.000	231	3.22e-174	474
WP_011014411.1	WP_011014411.1	100.000	1221	0.0	2507
WP_011014412.1	WP_011014412.1	100.000	190	2.07e-142	390
WP_011014413.1	WP_011014413.1	100.000	342	0.0	700
WP_011014413.1	WP_011015374.1	39.048	210	5.53e-31	117
WP_011014413.1	WP_011015465.1	27.419	186	1.54e-06	46.2
WP_011014415.1	WP_011014415.1	100.000	140	2.43e-102	285
WP_011014415.1	WP_003863342.1	66.667	129	7.45e-58	172
WP_011014415.1	WP_011014416.1	32.117	137	8.52e-21	80.9
WP_011014416.1	WP_011014416.1	100.000	213	5.72e-161	439
WP_011014416.1	WP_003863342.1	34.146	123	3.94e-21	81.6
WP_011014416.1	WP_011014415.1	32.117	137	1.30e-20	80.9
WP_011014417.1	WP_011014417.1	100.000	420	0.0	860
WP_011014417.1	WP_011015271.1	35.913	323	1.17e-62	206
WP_011014420.1	WP_011014420.1	100.000	371	0.0	749
WP_011014422.1	WP_011014422.1	100.000	269	0.0	556
WP_011014422.1	WP_231838282.1	100.000	95	3.41e-65	195
WP_011014423.1	WP_011014423.1	100.000	386	0.0	791
WP_011014423.1	WP_011265505.1	99.482	386	0.0	786
WP_011014423.1	WP_101677571.1	30.128	156	3.50e-10	57.4
WP_011014423.1	WP_096633838.1	29.412	187	3.59e-09	54.3
WP_011014424.1	WP_011014424.1	100.000	599	0.0	1192
WP_011014424.1	WP_011014362.1	33.445	595	5.51e-79	257
WP_011014424.1	WP_011265658.1	33.469	493	3.58e-70	234
WP_011014424.1	WP_011014139.1	28.041	592	4.06e-45	168
WP_011014424.1	WP_011014139.1	23.576	509	4.25e-17	81.6
WP_011014424.1	WP_011014011.1	25.000	528	3.71e-37	143
WP_011014424.1	WP_011015020.1	29.032	279	1.82e-35	137
WP_011014424.1	WP_011014012.1	25.000	504	5.44e-33	130
WP_011014424.1	WP_003854632.1	29.461	241	4.78e-18	82.4
WP_011014424.1	WP_011265869.1	30.882	204	9.31e-17	79.7
WP_011014424.1	WP_011015140.1	29.461	241	5.75e-16	76.3
WP_011014424.1	WP_011014865.1	31.250	176	2.64e-15	75.1
WP_011014424.1	WP_011013642.1	28.452	239	7.05e-15	72.8
WP_011014424.1	WP_011013851.1	28.631	241	7.53e-14	69.3
WP_011014424.1	WP_011014450.1	27.234	235	8.36e-13	66.2
WP_011014424.1	WP_003858826.1	26.984	252	1.46e-12	64.3
WP_011014424.1	WP_011013996.1	28.870	239	1.53e-12	65.1
WP_011014424.1	WP_011014233.1	28.216	241	4.91e-12	64.7
WP_011014424.1	WP_011014327.1	28.452	239	1.03e-11	63.5
WP_011014424.1	WP_011014807.1	28.634	227	1.59e-11	63.2
WP_011014424.1	WP_011014379.1	27.839	273	1.63e-11	61.6
WP_011014424.1	WP_011013698.1	26.724	232	2.20e-11	61.2
WP_011014424.1	WP_003855103.1	22.066	213	6.39e-11	59.3
WP_011014424.1	WP_003860245.1	26.222	225	8.58e-11	59.7
WP_011014424.1	WP_011014212.1	27.027	259	2.21e-10	57.8
WP_011014424.1	WP_003857536.1	25.455	220	4.56e-10	56.6
WP_011014424.1	WP_011013622.1	26.141	241	4.62e-10	57.4
WP_011014424.1	WP_011013931.1	29.661	236	7.63e-10	55.8
WP_011014424.1	WP_011013479.1	26.009	223	9.24e-10	56.6
WP_011014424.1	WP_003861735.1	22.979	235	1.23e-09	56.2
WP_011014424.1	WP_003856990.1	26.786	224	1.39e-09	55.8
WP_011014424.1	WP_011013807.1	27.155	232	1.81e-09	55.5
WP_011014424.1	WP_011013783.1	23.967	242	2.07e-09	54.7
WP_011014424.1	WP_003857431.1	25.446	224	3.07e-09	54.3
WP_011014424.1	WP_011014154.1	28.223	287	4.18e-09	55.5
WP_011014424.1	WP_011014492.1	25.532	235	5.73e-09	53.5
WP_011014424.1	WP_003858089.1	24.675	231	6.24e-09	53.1
WP_011014424.1	WP_011013906.1	24.895	237	8.49e-09	53.1
WP_011014424.1	WP_011013338.1	24.348	230	8.64e-09	53.1
WP_011014424.1	WP_011013331.1	27.232	224	2.77e-08	51.2
WP_011014424.1	WP_011265986.1	26.255	259	2.78e-08	53.1
WP_011014424.1	WP_011015118.1	27.511	229	1.64e-07	50.4
WP_011014424.1	WP_011013333.1	25.600	250	1.65e-07	49.3
WP_011014424.1	WP_003856445.1	25.283	265	2.52e-07	48.9
WP_011014424.1	WP_011015345.1	25.322	233	2.70e-07	48.9
WP_011014424.1	WP_011013984.1	25.346	217	2.84e-07	48.5
WP_011014424.1	WP_011013712.1	25.514	243	4.26e-07	49.3
WP_011014424.1	WP_011015040.1	27.500	240	7.83e-07	48.1
WP_011014424.1	WP_011014910.1	36.667	60	1.27e-06	47.8
WP_011014424.1	WP_004567959.1	24.775	222	1.88e-06	46.2
WP_011014424.1	WP_011013968.1	25.967	181	2.93e-06	46.6
WP_011014424.1	WP_011013802.1	25.431	232	8.97e-06	43.9
WP_011014426.1	WP_011014426.1	100.000	363	0.0	739
WP_011014427.1	WP_011014427.1	100.000	737	0.0	1504
WP_011014427.1	WP_011014428.1	24.324	444	4.88e-26	110
WP_011014428.1	WP_011014428.1	100.000	616	0.0	1245
WP_011014428.1	WP_011014427.1	24.324	444	4.47e-29	119
WP_011014430.1	WP_011014430.1	100.000	199	3.51e-145	399
WP_011014431.1	WP_011014431.1	100.000	432	0.0	869
WP_011014432.1	WP_011014432.1	100.000	281	0.0	570
WP_011014433.1	WP_011014433.1	100.000	261	0.0	525
WP_011014434.1	WP_011014434.1	100.000	370	0.0	768
WP_011014436.1	WP_011014436.1	100.000	166	4.01e-118	327
WP_011014437.1	WP_011014437.1	100.000	252	0.0	525
WP_011014439.1	WP_011014439.1	100.000	892	0.0	1800
WP_011014439.1	WP_011014176.1	33.136	169	1.36e-19	90.1
WP_011014439.1	WP_011015537.1	34.375	160	2.20e-18	86.3
WP_011014439.1	WP_011015537.1	27.778	234	3.77e-09	56.6
WP_011014439.1	WP_011015526.1	32.022	178	1.97e-16	80.1
WP_011014439.1	WP_011015526.1	24.918	305	6.94e-12	65.5
WP_011014439.1	WP_011013619.1	24.697	413	6.96e-14	72.0
WP_011014439.1	WP_011013619.1	31.319	182	1.41e-08	54.7
WP_011014439.1	WP_011013685.1	33.621	116	1.12e-07	52.0
WP_011014441.1	WP_011014441.1	100.000	80	9.60e-57	165
WP_011014443.1	WP_011014443.1	100.000	543	0.0	1102
WP_011014443.1	WP_011015133.1	31.102	508	8.22e-61	206
WP_011014443.1	WP_011015133.1	29.493	217	3.32e-12	65.1
WP_011014443.1	WP_011015133.1	27.984	243	4.91e-12	64.7
WP_011014443.1	WP_011013968.1	30.724	511	3.57e-47	170
WP_011014443.1	WP_011013968.1	32.584	178	1.41e-19	88.6
WP_011014443.1	WP_011014089.1	29.865	519	5.19e-43	157
WP_011014443.1	WP_011014910.1	27.963	540	3.83e-41	152
WP_011014443.1	WP_011014910.1	28.704	216	1.18e-14	72.8
WP_011014443.1	WP_011014351.1	27.052	536	2.01e-29	118
WP_011014443.1	WP_011014351.1	26.337	243	2.18e-11	62.4
WP_011014443.1	WP_011014351.1	26.601	203	1.29e-06	47.4
WP_011014443.1	WP_011015040.1	24.361	509	4.72e-23	98.6
WP_011014443.1	WP_011015040.1	25.000	220	4.98e-15	73.9
WP_011014443.1	WP_011015040.1	26.042	192	3.16e-08	52.4
WP_011014443.1	WP_003855103.1	28.311	219	1.33e-17	78.6
WP_011014443.1	WP_011014212.1	31.841	201	2.05e-17	78.6
WP_011014443.1	WP_011014212.1	29.091	220	5.82e-10	56.2
WP_011014443.1	WP_003858826.1	27.803	223	1.26e-16	76.3
WP_011014443.1	WP_003858826.1	24.229	227	6.89e-06	44.3
WP_011014443.1	WP_003857431.1	28.182	220	8.88e-16	73.6
WP_011014443.1	WP_003860245.1	28.634	227	1.45e-15	73.9
WP_011014443.1	WP_011014850.1	34.054	185	3.06e-15	72.8
WP_011014443.1	WP_011014850.1	27.313	227	1.60e-07	49.3
WP_011014443.1	WP_011014233.1	23.640	533	1.07e-14	73.2
WP_011014443.1	WP_011014233.1	26.923	208	1.73e-08	53.1
WP_011014443.1	WP_011014233.1	23.729	236	6.33e-06	45.1
WP_011014443.1	WP_003854632.1	29.333	225	1.73e-13	68.6
WP_011014443.1	WP_003854632.1	22.467	227	1.72e-09	55.8
WP_011014443.1	WP_011014492.1	29.767	215	5.72e-13	65.5
WP_011014443.1	WP_011014492.1	28.230	209	3.85e-11	60.1
WP_011014443.1	WP_011013333.1	30.570	193	8.36e-13	65.1
WP_011014443.1	WP_011013333.1	26.190	210	1.96e-08	52.0
WP_011014443.1	WP_003858089.1	30.964	197	1.34e-12	63.9
WP_011014443.1	WP_011014807.1	23.826	575	1.85e-12	65.9
WP_011014443.1	WP_011013466.1	31.609	174	3.52e-12	63.2
WP_011014443.1	WP_011013466.1	28.030	264	1.07e-11	62.0
WP_011014443.1	WP_011013479.1	29.126	206	6.49e-12	63.2
WP_011014443.1	WP_011013783.1	29.130	230	6.65e-12	62.0
WP_011014443.1	WP_011013622.1	26.556	241	8.67e-12	62.4
WP_011014443.1	WP_011013622.1	29.348	184	2.92e-09	54.7
WP_011014443.1	WP_011014450.1	27.897	233	1.97e-11	62.0
WP_011014443.1	WP_003862124.1	32.039	206	3.11e-11	62.0
WP_011014443.1	WP_003862124.1	28.837	215	1.39e-08	53.5
WP_011014443.1	WP_011014374.1	30.994	171	5.95e-11	59.3
WP_011014443.1	WP_003861735.1	27.317	205	7.18e-11	59.7
WP_011014443.1	WP_003861735.1	26.984	252	1.40e-07	49.7
WP_011014443.1	WP_011265869.1	25.405	185	2.28e-10	59.3
WP_011014443.1	WP_011013931.1	27.189	217	2.36e-10	57.4
WP_011014443.1	WP_004567959.1	27.907	215	8.13e-10	56.6
WP_011014443.1	WP_004567959.1	33.088	136	2.37e-06	45.8
WP_011014443.1	WP_011014379.1	27.895	190	8.15e-10	56.2
WP_011014443.1	WP_011013698.1	25.234	214	1.22e-09	55.8
WP_011014443.1	WP_011013698.1	26.794	209	3.15e-06	45.4
WP_011014443.1	WP_011013996.1	28.205	195	1.70e-09	55.8
WP_011014443.1	WP_011013996.1	26.818	220	7.05e-09	53.9
WP_011014443.1	WP_011013985.1	29.518	166	2.09e-09	54.7
WP_011014443.1	WP_011013985.1	26.368	201	3.69e-07	47.8
WP_011014443.1	WP_003856445.1	28.365	208	3.16e-09	54.3
WP_011014443.1	WP_003856445.1	28.571	224	1.21e-06	46.6
WP_011014443.1	WP_011013642.1	28.646	192	3.75e-09	55.1
WP_011014443.1	WP_011013642.1	29.050	179	1.79e-07	49.7
WP_011014443.1	WP_011013851.1	32.653	196	4.19e-09	54.7
WP_011014443.1	WP_011013802.1	25.263	285	4.97e-09	53.9
WP_011014443.1	WP_011013802.1	23.618	199	2.49e-08	51.6
WP_011014443.1	WP_011015118.1	24.554	224	5.26e-09	55.1
WP_011014443.1	WP_011013712.1	21.795	546	2.87e-08	52.8
WP_011014443.1	WP_011013712.1	30.247	162	5.59e-08	51.6
WP_011014443.1	WP_011265940.1	28.643	199	3.72e-08	51.2
WP_011014443.1	WP_011265940.1	25.105	239	9.47e-06	43.9
WP_011014443.1	WP_011265986.1	27.727	220	4.97e-08	52.0
WP_011014443.1	WP_011015221.1	27.692	195	6.24e-08	50.4
WP_011014443.1	WP_011015140.1	30.000	190	7.43e-08	50.8
WP_011014443.1	WP_011015345.1	26.961	204	7.73e-08	50.4
WP_011014443.1	WP_011014216.1	27.322	183	9.97e-08	50.1
WP_011014443.1	WP_011014216.1	27.027	222	6.49e-07	47.8
WP_011014443.1	WP_011013807.1	25.641	195	1.37e-07	49.3
WP_011014443.1	WP_011266014.1	40.323	62	1.50e-07	49.7
WP_011014443.1	WP_011013984.1	28.899	218	1.73e-07	48.9
WP_011014443.1	WP_011014110.1	24.471	425	1.90e-07	50.1
WP_011014443.1	WP_011015284.1	24.380	242	2.11e-07	48.9
WP_011014443.1	WP_011015284.1	23.645	203	8.68e-06	43.9
WP_011014443.1	WP_011013331.1	28.155	206	2.19e-07	48.1
WP_011014443.1	WP_011013331.1	26.923	208	1.15e-06	46.2
WP_011014443.1	WP_011015261.1	27.397	146	1.57e-06	45.8
WP_011014443.1	WP_003856078.1	26.214	206	3.88e-06	45.1
WP_011014444.1	WP_011014444.1	100.000	492	0.0	990
WP_011014445.1	WP_011014445.1	100.000	399	0.0	817
WP_011014445.1	WP_011015279.1	28.037	321	4.24e-11	60.5
WP_011014446.1	WP_011014446.1	100.000	195	3.42e-147	403
WP_011014447.1	WP_011014447.1	100.000	421	0.0	867
WP_011014447.1	WP_011014220.1	33.180	217	2.44e-20	88.6
WP_011014447.1	WP_011014094.1	24.481	241	1.44e-07	49.3
WP_011014448.1	WP_011014448.1	100.000	392	0.0	797
WP_011014448.1	WP_003862284.1	27.106	273	9.25e-25	102
WP_011014450.1	WP_011014450.1	100.000	340	0.0	690
WP_011014450.1	WP_011013996.1	44.595	222	1.38e-59	191
WP_011014450.1	WP_011014850.1	36.025	322	5.22e-43	147
WP_011014450.1	WP_004567959.1	35.514	214	2.39e-35	127
WP_011014450.1	WP_003861735.1	29.289	239	3.61e-34	123
WP_011014450.1	WP_011014374.1	31.004	229	5.37e-32	117
WP_011014450.1	WP_011015345.1	28.479	309	1.69e-30	114
WP_011014450.1	WP_003857431.1	32.000	225	1.88e-29	110
WP_011014450.1	WP_003858826.1	29.258	229	2.83e-28	107
WP_011014450.1	WP_011014212.1	33.784	222	1.18e-26	102
WP_011014450.1	WP_011013479.1	32.099	243	3.20e-26	102
WP_011014450.1	WP_011013985.1	30.317	221	3.90e-26	100
WP_011014450.1	WP_011013642.1	33.831	201	3.91e-26	103
WP_011014450.1	WP_003854632.1	30.374	214	1.09e-25	102
WP_011014450.1	WP_003860245.1	32.243	214	1.51e-25	100
WP_011014450.1	WP_011265940.1	30.000	250	1.63e-25	99.8
WP_011014450.1	WP_011013338.1	28.194	227	7.00e-24	95.5
WP_011014450.1	WP_003855103.1	30.088	226	7.30e-24	94.7
WP_011014450.1	WP_011013984.1	31.441	229	2.78e-23	93.2
WP_011014450.1	WP_011013622.1	29.333	225	5.12e-23	93.2
WP_011014450.1	WP_011013906.1	29.279	222	9.74e-23	92.0
WP_011014450.1	WP_011013698.1	27.632	228	2.42e-22	91.3
WP_011014450.1	WP_003858089.1	27.650	217	3.39e-22	90.1
WP_011014450.1	WP_011015140.1	32.701	211	1.29e-21	90.9
WP_011014450.1	WP_011014233.1	29.918	244	1.63e-21	91.7
WP_011014450.1	WP_011014233.1	23.830	235	3.22e-10	57.4
WP_011014450.1	WP_011014807.1	30.041	243	6.24e-21	90.1
WP_011014450.1	WP_011014807.1	28.311	219	1.67e-12	64.7
WP_011014450.1	WP_011013802.1	27.778	216	3.41e-20	85.5
WP_011014450.1	WP_011014327.1	29.333	225	5.22e-20	86.7
WP_011014450.1	WP_003856445.1	31.532	222	6.90e-20	84.3
WP_011014450.1	WP_011013807.1	25.943	212	7.72e-20	84.3
WP_011014450.1	WP_011014492.1	27.477	222	1.41e-19	83.2
WP_011014450.1	WP_011013851.1	28.959	221	1.88e-19	84.3
WP_011014450.1	WP_011013331.1	32.536	209	2.31e-19	82.0
WP_011014450.1	WP_011015020.1	27.004	237	2.50e-19	85.5
WP_011014450.1	WP_011015118.1	30.508	236	1.28e-18	83.2
WP_011014450.1	WP_011015118.1	28.571	280	2.53e-15	73.2
WP_011014450.1	WP_011015284.1	27.602	221	6.29e-18	79.0
WP_011014450.1	WP_003857536.1	27.700	213	7.72e-18	78.2
WP_011014450.1	WP_011014216.1	27.347	245	1.77e-17	78.2
WP_011014450.1	WP_011013783.1	25.974	231	2.97e-17	76.6
WP_011014450.1	WP_011013712.1	25.778	225	1.02e-16	77.4
WP_011014450.1	WP_011013712.1	27.386	241	1.31e-15	73.9
WP_011014450.1	WP_011015040.1	26.407	231	2.12e-16	76.3
WP_011014450.1	WP_011015040.1	29.268	205	1.03e-13	68.2
WP_011014450.1	WP_011265986.1	29.358	218	3.13e-16	76.3
WP_011014450.1	WP_003862124.1	29.187	209	2.00e-15	73.2
WP_011014450.1	WP_003862124.1	27.570	214	2.49e-11	60.8
WP_011014450.1	WP_011013333.1	25.676	222	3.51e-15	70.9
WP_011014450.1	WP_011265869.1	31.111	225	9.30e-15	71.6
WP_011014450.1	WP_011013931.1	28.505	214	1.70e-14	68.2
WP_011014450.1	WP_011014139.1	28.054	221	2.26e-14	70.9
WP_011014450.1	WP_011014139.1	27.014	211	2.56e-12	64.3
WP_011014450.1	WP_011014379.1	25.475	263	4.36e-14	67.8
WP_011014450.1	WP_003856990.1	27.490	251	4.49e-14	67.8
WP_011014450.1	WP_011015221.1	31.169	231	1.79e-13	65.9
WP_011014450.1	WP_011014540.1	26.531	196	2.58e-13	64.7
WP_011014450.1	WP_011015261.1	29.442	197	6.32e-13	63.9
WP_011014450.1	WP_011014012.1	27.381	252	8.43e-13	65.5
WP_011014450.1	WP_011014011.1	27.451	255	1.35e-12	65.1
WP_011014450.1	WP_011015133.1	28.409	176	2.50e-12	63.9
WP_011014450.1	WP_011014785.1	27.064	218	3.74e-12	61.6
WP_011014450.1	WP_011014443.1	27.897	233	1.20e-11	62.0
WP_011014450.1	WP_003856078.1	24.057	212	4.08e-11	58.9
WP_011014450.1	WP_011014424.1	25.957	235	8.25e-11	59.3
WP_011014450.1	WP_011265658.1	24.809	262	1.08e-10	58.9
WP_011014450.1	WP_011013466.1	28.365	208	2.38e-10	57.0
WP_011014450.1	WP_011014351.1	30.303	165	2.95e-10	57.8
WP_011014450.1	WP_011013968.1	30.000	190	1.14e-09	55.8
WP_011014450.1	WP_011013968.1	27.027	148	5.15e-06	44.3
WP_011014450.1	WP_011014362.1	26.471	238	2.57e-09	54.7
WP_011014450.1	WP_020948580.1	48.276	58	6.87e-09	53.5
WP_011014450.1	WP_011014110.1	34.409	93	2.55e-08	51.6
WP_011014450.1	WP_011265694.1	28.402	169	3.22e-06	45.1
WP_011014450.1	WP_011014000.1	31.959	97	4.85e-06	44.3
WP_011014450.1	WP_011014865.1	26.966	178	9.51e-06	43.5
WP_011014451.1	WP_011014451.1	100.000	268	0.0	518
WP_011014452.1	WP_011014452.1	100.000	346	0.0	694
WP_011014453.1	WP_011014453.1	100.000	783	0.0	1612
WP_011014453.1	WP_011014158.1	23.611	360	6.25e-19	88.2
WP_011014453.1	WP_003858302.1	26.525	377	2.28e-16	79.3
WP_011014457.1	WP_011014457.1	100.000	514	0.0	1059
WP_011014458.1	WP_011014458.1	100.000	319	0.0	640
WP_011014462.1	WP_011014462.1	100.000	382	0.0	780
WP_011014463.1	WP_011014463.1	100.000	452	0.0	890
WP_011014463.1	WP_011014854.1	37.788	434	7.26e-75	238
WP_011014464.1	WP_011014464.1	100.000	77	2.55e-49	146
WP_011014465.1	WP_011014465.1	100.000	919	0.0	1877
WP_011014466.1	WP_011014466.1	100.000	259	0.0	521
WP_011014467.1	WP_011014467.1	100.000	341	0.0	682
WP_011014468.1	WP_011014468.1	100.000	696	0.0	1422
WP_011014469.1	WP_011014469.1	100.000	193	8.12e-143	392
WP_011014470.1	WP_011014470.1	100.000	211	3.77e-155	425
WP_011014471.1	WP_011014471.1	100.000	328	0.0	662
WP_011014471.1	WP_003855650.1	34.483	116	1.02e-07	47.4
WP_011014472.1	WP_011014472.1	100.000	219	2.25e-163	446
WP_011014474.1	WP_011014474.1	100.000	688	0.0	1385
WP_011014475.1	WP_011014475.1	100.000	420	0.0	850
WP_011014477.1	WP_011014477.1	100.000	278	0.0	565
WP_011014478.1	WP_011014478.1	100.000	393	0.0	805
WP_011014478.1	WP_011013761.1	26.425	193	3.11e-08	51.6
WP_011014478.1	WP_003855176.1	35.821	67	3.01e-06	44.3
WP_011014479.1	WP_011014479.1	100.000	447	0.0	917
WP_011014481.1	WP_011014481.1	100.000	159	4.20e-120	332
WP_011014482.1	WP_011014482.1	100.000	154	3.61e-112	311
WP_011014484.1	WP_011014484.1	100.000	227	2.72e-161	441
WP_011014485.1	WP_011014485.1	100.000	363	0.0	724
WP_011014485.1	WP_011014398.1	38.075	239	1.31e-42	149
WP_011014485.1	WP_011013728.1	28.736	174	4.49e-08	50.1
WP_011014486.1	WP_011014486.1	100.000	365	0.0	740
WP_011014487.1	WP_011014487.1	100.000	190	4.42e-140	385
WP_011014489.1	WP_011014489.1	100.000	137	9.09e-93	261
WP_011014490.1	WP_011014490.1	100.000	358	0.0	687
WP_011014490.1	WP_003859752.1	39.236	288	3.28e-60	194
WP_011014490.1	WP_172820752.1	38.138	333	4.59e-59	191
WP_011014490.1	WP_011013700.1	37.604	359	8.34e-56	182
WP_011014490.1	WP_003858297.1	38.194	288	1.04e-32	121
WP_011014490.1	WP_011013804.1	35.786	299	2.07e-31	117
WP_011014490.1	WP_011013803.1	31.047	277	1.59e-29	112
WP_011014490.1	WP_011013337.1	30.887	327	7.87e-23	94.0
WP_011014490.1	WP_011013699.1	29.091	275	1.30e-19	85.5
WP_011014490.1	WP_003863480.1	24.277	346	1.68e-18	81.6
WP_011014490.1	WP_003863478.1	30.556	108	9.43e-08	49.7
WP_011014491.1	WP_011014491.1	100.000	319	0.0	642
WP_011014492.1	WP_011014492.1	100.000	251	0.0	499
WP_011014492.1	WP_011013802.1	40.171	234	2.80e-52	167
WP_011014492.1	WP_011013698.1	37.885	227	4.79e-48	156
WP_011014492.1	WP_011013807.1	36.220	254	2.07e-47	154
WP_011014492.1	WP_011013338.1	39.316	234	2.36e-47	154
WP_011014492.1	WP_011013906.1	35.417	240	4.69e-47	153
WP_011014492.1	WP_011013622.1	39.381	226	5.39e-45	149
WP_011014492.1	WP_003856445.1	35.223	247	1.02e-37	130
WP_011014492.1	WP_011265940.1	31.466	232	1.45e-31	114
WP_011014492.1	WP_003857431.1	32.456	228	2.69e-30	110
WP_011014492.1	WP_003858826.1	31.224	237	3.76e-28	104
WP_011014492.1	WP_011014216.1	32.864	213	2.86e-27	103
WP_011014492.1	WP_011013479.1	34.335	233	9.84e-27	102
WP_011014492.1	WP_011013331.1	34.389	221	1.30e-26	99.8
WP_011014492.1	WP_011014379.1	31.064	235	8.33e-26	98.6
WP_011014492.1	WP_011013642.1	33.040	227	1.70e-24	96.7
WP_011014492.1	WP_011014807.1	31.140	228	1.54e-23	95.5
WP_011014492.1	WP_011014807.1	30.769	247	1.31e-18	81.3
WP_011014492.1	WP_011013985.1	30.172	232	3.69e-23	90.9
WP_011014492.1	WP_003854632.1	30.374	214	1.99e-22	91.3
WP_011014492.1	WP_011013851.1	30.493	223	8.18e-22	89.0
WP_011014492.1	WP_011014850.1	27.679	224	8.98e-22	88.2
WP_011014492.1	WP_011015284.1	33.010	206	1.01e-21	87.8
WP_011014492.1	WP_011265986.1	31.405	242	6.51e-21	87.8
WP_011014492.1	WP_011015040.1	30.045	223	7.94e-21	87.4
WP_011014492.1	WP_011015040.1	29.185	233	1.00e-16	75.5
WP_011014492.1	WP_011013968.1	34.536	194	8.43e-21	87.8
WP_011014492.1	WP_011013968.1	30.846	201	8.57e-17	75.9
WP_011014492.1	WP_011015140.1	32.308	195	1.22e-20	86.3
WP_011014492.1	WP_011013931.1	31.390	223	1.74e-20	83.6
WP_011014492.1	WP_011013996.1	25.877	228	2.76e-20	84.3
WP_011014492.1	WP_003860245.1	30.841	214	3.31e-20	84.0
WP_011014492.1	WP_011015345.1	29.167	216	4.46e-20	84.0
WP_011014492.1	WP_011014233.1	30.000	220	8.11e-20	84.7
WP_011014492.1	WP_011014233.1	22.967	209	1.19e-07	48.5
WP_011014492.1	WP_011014450.1	27.477	222	1.16e-19	83.2
WP_011014492.1	WP_011014327.1	29.870	231	8.08e-19	81.3
WP_011014492.1	WP_011015020.1	29.048	210	1.31e-18	81.3
WP_011014492.1	WP_011014212.1	30.841	214	1.56e-18	78.6
WP_011014492.1	WP_011014139.1	28.636	220	2.76e-18	80.5
WP_011014492.1	WP_011014139.1	25.446	224	3.41e-10	56.6
WP_011014492.1	WP_011015133.1	27.230	213	3.85e-18	79.7
WP_011014492.1	WP_011015133.1	26.778	239	4.13e-14	67.8
WP_011014492.1	WP_011013783.1	32.057	209	5.14e-18	77.0
WP_011014492.1	WP_003861735.1	26.271	236	7.07e-18	77.4
WP_011014492.1	WP_011015118.1	29.515	227	7.12e-18	79.0
WP_011014492.1	WP_011015118.1	31.140	228	4.46e-15	70.9
WP_011014492.1	WP_011013984.1	24.583	240	9.20e-18	76.6
WP_011014492.1	WP_011013333.1	27.826	230	2.73e-16	72.8
WP_011014492.1	WP_003858089.1	29.557	203	3.12e-16	72.0
WP_011014492.1	WP_003855103.1	29.680	219	4.50e-16	71.6
WP_011014492.1	WP_011015261.1	28.767	219	4.45e-15	68.9
WP_011014492.1	WP_011014011.1	28.384	229	4.57e-15	70.9
WP_011014492.1	WP_011014374.1	33.163	196	6.46e-15	68.6
WP_011014492.1	WP_003857536.1	29.412	204	7.78e-15	68.2
WP_011014492.1	WP_011014362.1	28.085	235	5.99e-14	67.4
WP_011014492.1	WP_011014443.1	29.767	215	2.00e-13	65.9
WP_011014492.1	WP_011014443.1	28.230	209	1.51e-11	60.1
WP_011014492.1	WP_011265869.1	26.818	220	2.57e-13	65.5
WP_011014492.1	WP_003862124.1	25.728	206	1.79e-12	62.8
WP_011014492.1	WP_003862124.1	28.384	229	1.04e-11	60.5
WP_011014492.1	WP_011013712.1	28.511	235	4.31e-12	62.0
WP_011014492.1	WP_011013712.1	23.967	242	2.50e-10	56.6
WP_011014492.1	WP_011014910.1	27.083	240	5.07e-12	61.6
WP_011014492.1	WP_011014910.1	27.461	193	1.21e-10	57.4
WP_011014492.1	WP_011014540.1	27.215	158	8.78e-12	59.3
WP_011014492.1	WP_011014785.1	26.374	182	1.07e-11	59.3
WP_011014492.1	WP_011014351.1	28.837	215	1.83e-11	60.1
WP_011014492.1	WP_011015221.1	27.660	235	2.58e-11	58.5
WP_011014492.1	WP_004567959.1	24.312	218	6.83e-11	57.8
WP_011014492.1	WP_011014089.1	28.333	180	3.90e-10	55.8
WP_011014492.1	WP_011014012.1	25.551	227	9.20e-10	55.1
WP_011014492.1	WP_003856990.1	21.951	246	1.36e-09	53.5
WP_011014492.1	WP_011014424.1	25.532	235	4.44e-09	52.8
WP_011014492.1	WP_011014110.1	37.234	94	1.19e-08	51.6
WP_011014492.1	WP_011265658.1	25.328	229	4.31e-08	49.7
WP_011014492.1	WP_003862692.1	38.462	52	6.49e-08	45.1
WP_011014492.1	WP_011014865.1	26.154	195	1.27e-07	48.5
WP_011014492.1	WP_011013466.1	44.444	54	3.49e-06	43.5
WP_011014492.1	WP_020948580.1	41.935	62	4.80e-06	43.5
WP_011014493.1	WP_011014493.1	100.000	276	0.0	561
WP_011014493.1	WP_011013640.1	29.225	284	9.36e-15	69.3
WP_011014493.1	WP_011014141.1	25.681	257	1.67e-07	47.8
WP_011014494.1	WP_011014494.1	100.000	389	0.0	792
WP_011014495.1	WP_011014495.1	100.000	182	1.11e-131	363
WP_011014496.1	WP_011014496.1	100.000	888	0.0	1825
WP_011014497.1	WP_011014497.1	100.000	399	0.0	804
WP_011014498.1	WP_011014498.1	100.000	608	0.0	1242
WP_011014498.1	WP_011015310.1	32.026	153	6.51e-12	64.3
WP_011014500.1	WP_011014500.1	100.000	892	0.0	1831
WP_011014500.1	WP_011014168.1	30.667	450	2.79e-43	166
WP_011014501.1	WP_011014501.1	100.000	619	0.0	1243
WP_011014501.1	WP_011013522.1	29.412	187	1.92e-13	69.3
WP_011014502.1	WP_011014502.1	100.000	198	1.15e-149	410
WP_011014503.1	WP_011014503.1	100.000	238	8.89e-179	486
WP_011014504.1	WP_011014504.1	100.000	371	0.0	768
WP_011014504.1	WP_011014896.1	26.957	345	3.32e-26	104
WP_011014504.1	WP_011015031.1	25.146	171	2.83e-06	45.1
WP_011014507.1	WP_011014507.1	100.000	449	0.0	915
WP_011014509.1	WP_011014509.1	100.000	429	0.0	871
WP_011014510.1	WP_011014510.1	100.000	213	7.70e-161	439
WP_011014510.1	WP_011013561.1	32.195	205	2.20e-25	95.1
WP_011014510.1	WP_003858732.1	30.061	163	3.36e-11	57.0
WP_011014510.1	WP_011013350.1	25.000	232	1.44e-10	56.2
WP_011014510.1	WP_011014277.1	25.472	212	9.33e-09	51.2
WP_011014511.1	WP_011014511.1	100.000	280	0.0	570
WP_011014511.1	WP_031512456.1	34.946	186	3.23e-12	60.5
WP_011014512.1	WP_011014512.1	100.000	185	3.39e-130	359
WP_011014513.1	WP_011014513.1	100.000	91	3.85e-61	177
WP_011014513.1	WP_011014512.1	43.243	74	1.11e-07	43.5
WP_011014514.1	WP_011014514.1	100.000	185	5.13e-132	364
WP_011014515.1	WP_011014515.1	100.000	533	0.0	1093
WP_011014516.1	WP_011014516.1	100.000	403	0.0	813
WP_011014518.1	WP_011014518.1	100.000	121	1.22e-86	244
WP_011014519.1	WP_011014519.1	100.000	221	6.25e-168	458
WP_011014520.1	WP_011014520.1	100.000	251	0.0	511
WP_011014521.1	WP_011014521.1	100.000	282	0.0	585
WP_011014522.1	WP_011014522.1	100.000	158	1.16e-113	315
WP_011014523.1	WP_011014523.1	100.000	321	0.0	655
WP_011014525.1	WP_011014525.1	100.000	686	0.0	1425
WP_011014526.1	WP_011014526.1	100.000	182	1.11e-130	360
WP_011014528.1	WP_011014528.1	100.000	469	0.0	957
WP_011014530.1	WP_011014530.1	100.000	108	5.26e-78	221
WP_011014530.1	WP_011015385.1	74.444	90	5.09e-35	120
WP_011014532.1	WP_011014532.1	100.000	289	0.0	598
WP_011014533.1	WP_011014533.1	100.000	860	0.0	1669
WP_011014533.1	WP_011014534.1	39.891	183	2.06e-26	108
WP_011014533.1	WP_011014534.1	39.865	148	1.18e-19	88.2
WP_011014533.1	WP_011014534.1	37.762	143	2.26e-17	81.3
WP_011014533.1	WP_011014534.1	26.904	197	4.04e-07	49.3
WP_011014533.1	WP_011014534.1	48.276	58	1.88e-06	47.4
WP_011014533.1	WP_011014535.1	39.655	116	2.83e-11	63.5
WP_011014533.1	WP_011014535.1	38.136	118	3.99e-11	62.8
WP_011014533.1	WP_011014535.1	39.785	93	9.97e-10	58.5
WP_011014533.1	WP_011014535.1	33.884	121	2.31e-09	57.4
WP_011014533.1	WP_011014535.1	30.000	130	1.30e-07	51.6
WP_011014534.1	WP_011014534.1	100.000	371	0.0	713
WP_011014534.1	WP_011014533.1	39.891	183	3.73e-27	109
WP_011014534.1	WP_011014533.1	38.961	154	1.03e-20	90.5
WP_011014534.1	WP_011014533.1	37.762	143	4.47e-18	82.4
WP_011014534.1	WP_011014533.1	26.904	197	1.16e-07	50.1
WP_011014534.1	WP_011014533.1	48.276	58	4.93e-07	48.1
WP_011014534.1	WP_011014535.1	45.600	125	7.78e-25	102
WP_011014535.1	WP_011014535.1	100.000	641	0.0	1283
WP_011014535.1	WP_011014534.1	45.223	157	2.93e-29	116
WP_011014535.1	WP_011014533.1	38.854	157	3.28e-15	75.5
WP_011014535.1	WP_011014533.1	39.024	123	2.31e-13	69.7
WP_011014535.1	WP_011014533.1	38.068	176	3.99e-12	65.9
WP_011014535.1	WP_011014533.1	33.566	143	3.59e-11	62.8
WP_011014536.1	WP_011014536.1	100.000	161	2.27e-120	333
WP_011014537.1	WP_011014537.1	100.000	63	2.57e-43	130
WP_011014538.1	WP_011014538.1	100.000	75	1.25e-51	152
WP_011014540.1	WP_011014540.1	100.000	199	2.96e-149	409
WP_011014540.1	WP_011014374.1	29.570	186	8.97e-18	75.5
WP_011014540.1	WP_003861735.1	30.151	199	4.51e-17	73.9
WP_011014540.1	WP_011013331.1	27.692	195	1.93e-15	68.6
WP_011014540.1	WP_011015345.1	26.733	202	5.13e-15	68.6
WP_011014540.1	WP_011013802.1	26.977	215	1.47e-14	67.0
WP_011014540.1	WP_011015140.1	26.702	191	2.61e-14	67.0
WP_011014540.1	WP_011013851.1	26.042	192	6.22e-14	65.5
WP_011014540.1	WP_011014089.1	30.556	180	1.45e-13	65.1
WP_011014540.1	WP_011014450.1	26.531	196	1.51e-13	64.7
WP_011014540.1	WP_011013479.1	27.500	200	1.67e-13	64.3
WP_011014540.1	WP_011013985.1	25.275	182	2.28e-13	63.2
WP_011014540.1	WP_011014351.1	27.523	218	4.20e-13	63.5
WP_011014540.1	WP_011014351.1	29.299	157	9.37e-10	53.9
WP_011014540.1	WP_011015284.1	26.263	198	4.92e-13	62.8
WP_011014540.1	WP_011013807.1	26.289	194	9.74e-13	61.6
WP_011014540.1	WP_011265694.1	28.492	179	2.05e-12	61.6
WP_011014540.1	WP_003860245.1	28.571	196	3.00e-12	60.5
WP_011014540.1	WP_011013906.1	29.189	185	3.60e-12	60.1
WP_011014540.1	WP_004567959.1	23.350	197	3.67e-12	60.5
WP_011014540.1	WP_011014327.1	26.154	195	4.74e-12	60.5
WP_011014540.1	WP_003855103.1	24.155	207	6.02e-12	58.9
WP_011014540.1	WP_011014492.1	27.215	158	6.96e-12	59.3
WP_011014540.1	WP_003857431.1	23.445	209	7.46e-12	58.9
WP_011014540.1	WP_011015040.1	27.179	195	9.11e-12	59.7
WP_011014540.1	WP_011015040.1	23.711	194	1.77e-08	50.1
WP_011014540.1	WP_011013698.1	26.344	186	4.96e-11	57.0
WP_011014540.1	WP_011013931.1	25.000	196	6.05e-11	56.2
WP_011014540.1	WP_011013783.1	24.599	187	2.65e-10	54.7
WP_011014540.1	WP_003854632.1	23.902	205	3.58e-10	54.7
WP_011014540.1	WP_011014910.1	25.110	227	4.15e-10	54.7
WP_011014540.1	WP_011014910.1	32.738	168	1.12e-07	47.8
WP_011014540.1	WP_011013466.1	25.967	181	8.98e-10	53.1
WP_011014540.1	WP_003857536.1	24.378	201	1.32e-09	52.4
WP_011014540.1	WP_011014233.1	23.267	202	2.06e-09	52.8
WP_011014540.1	WP_011014850.1	25.131	191	2.43e-09	52.0
WP_011014540.1	WP_011013712.1	23.370	184	3.10e-09	52.4
WP_011014540.1	WP_011013968.1	26.404	178	5.81e-09	51.6
WP_011014540.1	WP_011013968.1	27.811	169	2.06e-07	47.0
WP_011014540.1	WP_011013338.1	30.000	140	6.06e-09	50.8
WP_011014540.1	WP_011265986.1	26.404	178	7.77e-09	51.2
WP_011014540.1	WP_011015118.1	24.084	191	1.34e-08	50.4
WP_011014540.1	WP_003862124.1	26.087	184	1.54e-08	50.1
WP_011014540.1	WP_011014807.1	24.631	203	1.81e-08	50.1
WP_011014540.1	WP_011014807.1	26.108	203	2.95e-08	49.3
WP_011014540.1	WP_011013996.1	26.178	191	2.23e-08	49.3
WP_011014540.1	WP_011013642.1	25.118	211	2.78e-08	49.3
WP_011014540.1	WP_011013984.1	22.222	198	4.06e-08	48.1
WP_011014540.1	WP_003856078.1	24.737	190	6.94e-08	47.8
WP_011014540.1	WP_011013333.1	23.858	197	8.19e-08	47.4
WP_011014540.1	WP_011013622.1	23.684	152	9.21e-08	47.4
WP_011014540.1	WP_003858089.1	26.111	180	1.07e-07	47.0
WP_011014540.1	WP_011015133.1	22.791	215	1.44e-07	47.4
WP_011014540.1	WP_011015133.1	24.176	182	4.75e-07	45.8
WP_011014540.1	WP_011014212.1	25.258	194	1.55e-07	46.6
WP_011014540.1	WP_011015020.1	22.959	196	1.02e-06	44.7
WP_011014540.1	WP_011014216.1	25.806	155	1.07e-06	44.3
WP_011014540.1	WP_011015261.1	26.241	141	5.91e-06	42.0
WP_011014540.1	WP_011014785.1	26.220	164	6.55e-06	42.0
WP_011014542.1	WP_011014542.1	100.000	369	0.0	750
WP_011014545.1	WP_011014545.1	100.000	140	9.41e-104	289
WP_011014546.1	WP_011014546.1	100.000	245	0.0	507
WP_011014548.1	WP_011014548.1	100.000	221	9.45e-170	462
WP_011014549.1	WP_011014549.1	100.000	145	2.35e-108	301
WP_011014549.1	WP_011014550.1	34.586	133	1.68e-16	69.3
WP_011014550.1	WP_011014550.1	100.000	201	2.54e-148	407
WP_011014550.1	WP_011014549.1	34.586	133	2.32e-16	69.3
WP_011014551.1	WP_011014551.1	100.000	141	1.14e-101	284
WP_011014552.1	WP_011014552.1	100.000	177	7.37e-128	353
WP_011014553.1	WP_011014553.1	100.000	88	8.90e-61	176
WP_011014554.1	WP_011014554.1	100.000	155	5.32e-114	316
WP_011014555.1	WP_011014555.1	100.000	79	1.93e-53	157
WP_011014556.1	WP_011014556.1	100.000	204	1.41e-152	417
WP_011014557.1	WP_011014557.1	100.000	304	0.0	624
WP_011014558.1	WP_011014558.1	100.000	152	4.43e-114	316
WP_011014559.1	WP_011014559.1	100.000	189	6.06e-142	389
WP_011014560.1	WP_011014560.1	100.000	95	1.93e-69	199
WP_011014561.1	WP_011014561.1	100.000	111	2.57e-76	217
WP_011014562.1	WP_011014562.1	100.000	204	1.51e-152	417
WP_011014562.1	WP_011015523.1	72.917	48	2.05e-17	70.1
WP_011014562.1	WP_020948655.1	43.636	55	2.16e-10	51.2
WP_011014564.1	WP_011014564.1	100.000	125	7.46e-90	253
WP_011014565.1	WP_011014565.1	100.000	159	5.80e-118	326
WP_011014566.1	WP_011014566.1	100.000	242	0.0	499
WP_011014567.1	WP_011014567.1	100.000	246	0.0	493
WP_011014567.1	WP_227747767.1	77.489	231	2.54e-125	352
WP_011014567.1	WP_011265924.1	23.636	220	1.43e-11	58.9
WP_011014568.1	WP_011014568.1	100.000	255	0.0	525
WP_011014568.1	WP_231838289.1	50.769	260	1.21e-76	230
WP_011014569.1	WP_011014569.1	100.000	152	1.37e-113	315
WP_011014569.1	WP_003862384.1	33.333	138	1.69e-22	84.0
WP_011014570.1	WP_011014570.1	100.000	62	8.56e-41	124
WP_011014576.1	WP_011014576.1	100.000	565	0.0	1172
WP_011014577.1	WP_011014577.1	100.000	73	2.04e-50	149
WP_011014578.1	WP_011014578.1	100.000	143	4.68e-105	292
WP_011014578.1	WP_011014682.1	98.601	143	3.69e-103	288
WP_011014578.1	WP_003858105.1	97.902	143	6.77e-102	285
WP_011014578.1	WP_011013445.1	70.213	141	2.97e-72	209
WP_011014583.1	WP_011014583.1	100.000	433	0.0	866
WP_011014584.1	WP_011014584.1	100.000	620	0.0	1276
WP_011014585.1	WP_011014585.1	100.000	260	0.0	535
WP_011014586.1	WP_011014586.1	100.000	591	0.0	1226
WP_011014587.1	WP_011014587.1	100.000	1263	0.0	2610
WP_011014588.1	WP_011014588.1	100.000	149	6.95e-111	308
WP_011014589.1	WP_011014589.1	100.000	139	1.89e-101	283
WP_011014590.1	WP_011014590.1	100.000	613	0.0	1261
WP_011014591.1	WP_011014591.1	100.000	125	2.25e-94	264
WP_011014592.1	WP_011014592.1	100.000	112	1.59e-81	230
WP_011014593.1	WP_011014593.1	100.000	116	6.52e-83	234
WP_011014595.1	WP_011014595.1	100.000	179	2.45e-135	372
WP_011014596.1	WP_011014596.1	100.000	176	6.54e-133	365
WP_011014597.1	WP_011014597.1	100.000	249	0.0	509
WP_011014598.1	WP_011014598.1	100.000	62	1.09e-41	126
WP_011014599.1	WP_011014599.1	100.000	192	1.14e-136	376
WP_011014600.1	WP_011014600.1	100.000	407	0.0	790
WP_011014601.1	WP_011014601.1	100.000	426	0.0	882
WP_011014602.1	WP_011014602.1	100.000	191	1.08e-142	391
WP_011014603.1	WP_011014603.1	100.000	60	1.51e-39	120
WP_011014604.1	WP_011014604.1	100.000	419	0.0	851
WP_011014607.1	WP_011014607.1	100.000	158	1.54e-118	328
WP_011014608.1	WP_011014608.1	100.000	52	1.43e-34	107
WP_011014611.1	WP_011014611.1	100.000	126	5.80e-89	250
WP_011014612.1	WP_011014612.1	100.000	155	9.40e-115	318
WP_011014613.1	WP_011014613.1	100.000	88	4.50e-64	184
WP_011014614.1	WP_011014614.1	100.000	259	0.0	535
WP_011014614.1	WP_003854804.1	27.572	243	8.74e-19	79.7
WP_011014615.1	WP_011014615.1	100.000	234	1.75e-177	483
WP_011014616.1	WP_011014616.1	100.000	75	2.03e-51	152
WP_011014617.1	WP_011014617.1	100.000	706	0.0	1452
WP_011014618.1	WP_011014618.1	100.000	77	1.72e-51	152
WP_011014619.1	WP_011014619.1	100.000	2169	0.0	4481
WP_011014621.1	WP_011014621.1	100.000	358	0.0	747
WP_011014623.1	WP_011014623.1	100.000	507	0.0	1046
WP_011014624.1	WP_011014624.1	100.000	223	3.63e-165	451
WP_011014625.1	WP_011014625.1	100.000	606	0.0	1259
WP_011014626.1	WP_011014626.1	100.000	62	1.01e-42	129
WP_011014630.1	WP_011014630.1	100.000	402	0.0	833
WP_011014631.1	WP_011014631.1	100.000	415	0.0	863
WP_011014632.1	WP_011014632.1	100.000	831	0.0	1664
WP_011014633.1	WP_011014633.1	100.000	595	0.0	1211
WP_011014633.1	WP_011015301.1	27.955	626	3.25e-50	183
WP_011014633.1	WP_011015370.1	31.317	281	7.35e-27	112
WP_011014633.1	WP_011015370.1	27.509	269	8.94e-20	90.1
WP_011014633.1	WP_227747665.1	24.007	579	9.49e-27	111
WP_011014634.1	WP_011014634.1	100.000	192	6.29e-145	397
WP_011014635.1	WP_011014635.1	100.000	324	0.0	650
WP_011014636.1	WP_011014636.1	100.000	282	0.0	545
WP_011014637.1	WP_011014637.1	100.000	293	0.0	572
WP_011014638.1	WP_011014638.1	100.000	922	0.0	1885
WP_011014638.1	WP_011014639.1	37.500	152	4.30e-27	106
WP_011014639.1	WP_011014639.1	100.000	200	1.20e-149	410
WP_011014639.1	WP_011014638.1	37.500	152	9.06e-28	106
WP_011014640.1	WP_011014640.1	100.000	417	0.0	843
WP_011014641.1	WP_011014641.1	100.000	232	1.36e-170	465
WP_011014642.1	WP_011014642.1	100.000	238	3.78e-178	485
WP_011014643.1	WP_011014643.1	100.000	336	0.0	683
WP_011014644.1	WP_011014644.1	100.000	553	0.0	1127
WP_011014646.1	WP_011014646.1	100.000	119	3.26e-80	228
WP_011014647.1	WP_011014647.1	100.000	503	0.0	1038
WP_011014649.1	WP_011014649.1	100.000	74	2.35e-52	154
WP_011014650.1	WP_011014650.1	100.000	62	3.91e-42	127
WP_011014650.1	WP_011013903.1	33.333	57	6.42e-07	40.8
WP_011014652.1	WP_011014652.1	100.000	172	4.33e-127	350
WP_011014653.1	WP_011014653.1	100.000	310	0.0	651
WP_011014653.1	WP_011013482.1	30.705	241	7.17e-36	127
WP_011014654.1	WP_011014654.1	100.000	1488	0.0	2990
WP_011014655.1	WP_011014655.1	100.000	193	1.99e-138	381
WP_011014659.1	WP_011014659.1	100.000	607	0.0	1251
WP_011014665.1	WP_011014665.1	100.000	314	0.0	649
WP_011014666.1	WP_011014666.1	100.000	189	2.65e-139	383
WP_011014671.1	WP_011014671.1	100.000	196	5.87e-146	400
WP_011014671.1	WP_011014702.1	60.914	197	3.83e-85	246
WP_011014672.1	WP_011014672.1	100.000	148	4.52e-108	300
WP_011014672.1	WP_011014703.1	32.026	153	3.08e-17	69.7
WP_011014673.1	WP_011014673.1	100.000	233	1.70e-170	465
WP_011014674.1	WP_011014674.1	100.000	98	3.88e-70	201
WP_011014678.1	WP_011014678.1	100.000	276	0.0	554
WP_011014678.1	WP_011265822.1	65.000	280	3.16e-127	359
WP_011014680.1	WP_011014680.1	100.000	127	5.04e-91	256
WP_011014680.1	WP_011013896.1	100.000	111	4.80e-80	229
WP_011014682.1	WP_011014682.1	100.000	143	1.19e-104	291
WP_011014682.1	WP_003858105.1	99.301	143	1.95e-103	288
WP_011014682.1	WP_011014578.1	98.601	143	3.69e-103	288
WP_011014682.1	WP_011013445.1	70.922	141	5.99e-73	211
WP_011014683.1	WP_011014683.1	100.000	527	0.0	1085
WP_011014683.1	WP_011013894.1	95.636	527	0.0	1049
WP_011014683.1	WP_011015203.1	70.796	339	2.18e-172	494
WP_011014683.1	WP_011014691.1	32.945	343	1.25e-44	163
WP_011014683.1	WP_011014731.1	35.081	248	8.81e-39	145
WP_011014683.1	WP_011015455.1	33.333	216	3.93e-25	105
WP_011014683.1	WP_011015455.1	38.655	119	4.10e-15	74.7
WP_011014684.1	WP_011014684.1	100.000	810	0.0	1671
WP_011014684.1	WP_227747675.1	72.973	148	1.39e-63	206
WP_011014685.1	WP_011014685.1	100.000	289	0.0	600
WP_011014686.1	WP_011014686.1	100.000	759	0.0	1574
WP_011014688.1	WP_011014688.1	100.000	297	0.0	617
WP_011014688.1	WP_011014729.1	88.475	295	0.0	540
WP_011014688.1	WP_011014295.1	90.278	72	1.09e-37	132
WP_011014689.1	WP_011014689.1	100.000	144	4.08e-107	298
WP_011014689.1	WP_011014730.1	99.306	144	1.59e-106	296
WP_011014689.1	WP_003858809.1	96.528	144	5.52e-104	290
WP_011014689.1	WP_011014861.1	45.205	146	2.01e-40	129
WP_011014690.1	WP_011014690.1	100.000	248	0.0	514
WP_011014690.1	WP_003861519.1	95.161	248	3.32e-169	463
WP_011014691.1	WP_011014691.1	100.000	618	0.0	1287
WP_011014691.1	WP_011014731.1	98.674	528	0.0	1093
WP_011014691.1	WP_011015203.1	36.364	275	3.88e-41	153
WP_011014691.1	WP_011014683.1	32.945	343	2.27e-40	151
WP_011014691.1	WP_011013894.1	32.641	337	1.48e-37	143
WP_011014691.1	WP_011013894.1	26.667	240	1.01e-08	54.3
WP_011014691.1	WP_011015455.1	36.364	198	9.27e-24	102
WP_011014691.1	WP_011015455.1	26.829	205	2.10e-06	47.0
WP_011014691.1	WP_011015455.1	27.007	137	6.40e-06	45.4
WP_011014692.1	WP_011014692.1	100.000	97	4.21e-70	200
WP_011014694.1	WP_011014694.1	100.000	392	0.0	781
WP_011014695.1	WP_011014695.1	100.000	110	1.51e-79	225
WP_011014696.1	WP_011014696.1	100.000	212	1.15e-158	434
WP_011014697.1	WP_011014697.1	100.000	188	1.92e-141	388
WP_011014698.1	WP_011014698.1	100.000	484	0.0	973
WP_011014699.1	WP_011014699.1	100.000	153	3.29e-114	316
WP_011014700.1	WP_011014700.1	100.000	380	0.0	793
WP_011014701.1	WP_011014701.1	100.000	473	0.0	947
WP_011014701.1	WP_227747676.1	66.230	382	5.05e-173	488
WP_011014702.1	WP_011014702.1	100.000	197	7.04e-149	407
WP_011014702.1	WP_011014671.1	60.914	197	3.85e-85	246
WP_011014703.1	WP_011014703.1	100.000	132	9.04e-95	266
WP_011014703.1	WP_011014672.1	32.026	153	2.74e-17	69.7
WP_011014704.1	WP_011014704.1	100.000	79	6.82e-50	148
WP_011014705.1	WP_011014705.1	100.000	208	1.45e-150	413
WP_011014706.1	WP_011014706.1	100.000	193	1.53e-143	394
WP_011014707.1	WP_011014707.1	100.000	154	2.83e-117	324
WP_011014708.1	WP_011014708.1	100.000	169	7.61e-126	347
WP_011014709.1	WP_011014709.1	100.000	186	1.53e-140	385
WP_011014710.1	WP_011014710.1	100.000	90	4.80e-62	179
WP_011014711.1	WP_011014711.1	100.000	160	2.01e-120	333
WP_011014712.1	WP_011014712.1	100.000	190	1.03e-142	391
WP_011014714.1	WP_011014714.1	100.000	231	2.73e-173	472
WP_011014715.1	WP_011014715.1	100.000	122	8.92e-91	254
WP_011014716.1	WP_011014716.1	100.000	214	3.16e-162	443
WP_011014717.1	WP_011014717.1	100.000	121	1.07e-89	252
WP_011014718.1	WP_011014718.1	100.000	91	3.48e-65	187
WP_011014720.1	WP_011014720.1	100.000	78	5.13e-54	158
WP_011014720.1	WP_011014721.1	43.243	74	7.26e-15	59.7
WP_011014721.1	WP_011014721.1	100.000	78	8.05e-54	158
WP_011014721.1	WP_011014720.1	43.243	74	7.26e-15	59.7
WP_011014722.1	WP_011014722.1	100.000	91	2.78e-66	190
WP_011014728.1	WP_011014728.1	100.000	276	0.0	562
WP_011014729.1	WP_011014729.1	100.000	297	0.0	614
WP_011014729.1	WP_011014688.1	88.475	295	0.0	540
WP_011014729.1	WP_011014295.1	91.667	72	6.94e-39	135
WP_011014730.1	WP_011014730.1	100.000	144	5.92e-107	297
WP_011014730.1	WP_011014689.1	99.306	144	1.59e-106	296
WP_011014730.1	WP_003858809.1	97.222	144	1.99e-104	291
WP_011014730.1	WP_011014861.1	45.890	146	6.96e-41	130
WP_011014731.1	WP_011014731.1	100.000	528	0.0	1099
WP_011014731.1	WP_011014691.1	98.674	528	0.0	1093
WP_011014731.1	WP_011015203.1	36.214	243	9.83e-38	142
WP_011014731.1	WP_011014683.1	35.081	248	1.80e-34	132
WP_011014731.1	WP_011013894.1	35.081	248	4.35e-33	129
WP_011014731.1	WP_011015455.1	36.364	198	1.46e-23	100
WP_011014731.1	WP_011015455.1	26.829	205	5.21e-06	45.4
WP_011014734.1	WP_011014734.1	100.000	144	9.67e-104	289
WP_011014735.1	WP_011014735.1	100.000	115	1.55e-83	236
WP_011014735.1	WP_003857322.1	58.261	115	1.91e-45	139
WP_011014736.1	WP_011014736.1	100.000	232	2.57e-172	470
WP_011014738.1	WP_011014738.1	100.000	232	5.56e-175	476
WP_011014740.1	WP_011014740.1	100.000	403	0.0	815
WP_011014741.1	WP_011014741.1	100.000	636	0.0	1291
WP_011014741.1	WP_172820728.1	22.430	214	5.53e-06	45.8
WP_011014742.1	WP_011014742.1	100.000	412	0.0	828
WP_011014743.1	WP_011014743.1	100.000	287	0.0	573
WP_011014744.1	WP_011014744.1	100.000	149	2.20e-105	294
WP_011014745.1	WP_011014745.1	100.000	69	2.11e-48	144
WP_011014746.1	WP_011014746.1	100.000	280	0.0	567
WP_011014746.1	WP_011013899.1	32.864	213	5.94e-22	89.4
WP_011014746.1	WP_011013898.1	30.732	205	2.38e-19	81.6
WP_011014746.1	WP_003861968.1	31.609	174	3.62e-13	64.7
WP_011014746.1	WP_003862394.1	34.884	86	1.50e-07	47.8
WP_011014747.1	WP_011014747.1	100.000	250	0.0	499
WP_011014747.1	WP_011014942.1	28.743	167	1.02e-07	48.1
WP_011014749.1	WP_011014749.1	100.000	445	0.0	886
WP_011014750.1	WP_011014750.1	100.000	165	4.40e-122	337
WP_011014751.1	WP_011014751.1	100.000	509	0.0	1028
WP_011014752.1	WP_011014752.1	100.000	331	0.0	667
WP_011014752.1	WP_011265837.1	60.841	309	8.76e-129	374
WP_011014753.1	WP_011014753.1	100.000	228	3.33e-165	451
WP_011014753.1	WP_003854638.1	33.333	135	5.83e-19	79.0
WP_011014753.1	WP_011265961.1	32.812	128	2.06e-16	72.0
WP_011014754.1	WP_011014754.1	100.000	329	0.0	672
WP_011014754.1	WP_011013564.1	32.362	309	1.25e-37	133
WP_011014754.1	WP_011013574.1	28.165	316	1.68e-25	101
WP_011014757.1	WP_011014757.1	100.000	327	0.0	664
WP_011014757.1	WP_011015253.1	34.637	179	1.58e-25	99.0
WP_011014757.1	WP_011013662.1	30.364	247	1.53e-23	95.1
WP_011014757.1	WP_011015499.1	22.697	304	2.58e-14	68.9
WP_011014757.1	WP_003855552.1	29.688	192	2.99e-12	62.8
WP_011014757.1	WP_011013484.1	26.070	257	1.61e-11	60.1
WP_011014757.1	WP_011013760.1	27.237	257	8.32e-11	58.5
WP_011014757.1	WP_011013318.1	22.115	208	4.81e-10	56.2
WP_011014757.1	WP_011014859.1	22.556	266	2.64e-08	50.8
WP_011014758.1	WP_011014758.1	100.000	363	0.0	729
WP_011014759.1	WP_011014759.1	100.000	1302	0.0	2652
WP_011014759.1	WP_011013422.1	32.071	449	1.25e-49	186
WP_011014761.1	WP_011014761.1	100.000	259	0.0	521
WP_011014761.1	WP_011014764.1	30.417	240	4.53e-32	115
WP_011014761.1	WP_011013394.1	29.536	237	2.03e-19	81.6
WP_011014761.1	WP_011013397.1	28.750	240	1.97e-17	76.3
WP_011014762.1	WP_011014762.1	100.000	320	0.0	644
WP_011014762.1	WP_011014765.1	28.435	313	1.36e-32	120
WP_011014764.1	WP_011014764.1	100.000	264	0.0	528
WP_011014764.1	WP_011014761.1	30.417	240	4.61e-32	115
WP_011014764.1	WP_011013394.1	25.830	271	7.67e-09	51.6
WP_011014764.1	WP_011013397.1	24.545	220	2.81e-07	47.0
WP_011014765.1	WP_011014765.1	100.000	330	0.0	650
WP_011014765.1	WP_011014762.1	28.435	313	1.41e-32	120
WP_011014765.1	WP_011014310.1	38.372	86	4.73e-06	43.9
WP_011014765.1	WP_011015041.1	34.444	90	5.17e-06	43.9
WP_011014766.1	WP_011014766.1	100.000	688	0.0	1362
WP_011014767.1	WP_011014767.1	100.000	175	7.11e-130	358
WP_011014767.1	WP_011014359.1	28.276	145	8.97e-10	51.6
WP_011014768.1	WP_011014768.1	100.000	429	0.0	835
WP_011014768.1	WP_011015065.1	31.095	402	6.02e-23	97.8
WP_011014770.1	WP_011014770.1	100.000	252	0.0	511
WP_011014771.1	WP_011014771.1	100.000	179	3.90e-133	366
WP_011014772.1	WP_011014772.1	100.000	277	0.0	560
WP_011014773.1	WP_011014773.1	100.000	301	0.0	610
WP_011014774.1	WP_011014774.1	100.000	206	1.39e-149	410
WP_011014775.1	WP_011014775.1	100.000	453	0.0	903
WP_011014776.1	WP_011014776.1	100.000	341	0.0	705
WP_011014777.1	WP_011014777.1	100.000	526	0.0	1088
WP_011014779.1	WP_011014779.1	100.000	295	0.0	601
WP_011014779.1	WP_011015348.1	26.404	178	5.21e-13	65.1
WP_011014780.1	WP_011014780.1	100.000	228	2.96e-164	449
WP_011014780.1	WP_003858824.1	37.107	159	8.07e-25	96.3
WP_011014780.1	WP_011014781.1	31.122	196	7.30e-20	82.0
WP_011014781.1	WP_011014781.1	100.000	273	0.0	549
WP_011014781.1	WP_011014780.1	31.122	196	8.75e-20	82.0
WP_011014781.1	WP_003858824.1	26.271	236	2.15e-14	68.6
WP_011014782.1	WP_011014782.1	100.000	215	5.24e-155	424
WP_011014785.1	WP_011014785.1	100.000	230	4.69e-171	466
WP_011014785.1	WP_003854632.1	32.461	191	2.10e-27	103
WP_011014785.1	WP_003855103.1	30.366	191	7.08e-26	97.4
WP_011014785.1	WP_011013851.1	29.060	234	1.77e-24	95.9
WP_011014785.1	WP_011015284.1	36.667	180	4.39e-24	93.6
WP_011014785.1	WP_011014327.1	30.653	199	1.72e-23	94.0
WP_011014785.1	WP_011013642.1	30.804	224	2.95e-23	92.8
WP_011014785.1	WP_011015140.1	30.928	194	7.51e-23	92.0
WP_011014785.1	WP_011015040.1	31.937	191	1.97e-22	91.3
WP_011014785.1	WP_011015040.1	30.570	193	3.09e-16	73.6
WP_011014785.1	WP_003857431.1	29.897	194	1.11e-21	86.7
WP_011014785.1	WP_003860245.1	31.183	186	2.30e-21	86.7
WP_011014785.1	WP_003858826.1	27.160	243	3.11e-21	85.5
WP_011014785.1	WP_011013783.1	30.986	213	3.45e-21	85.1
WP_011014785.1	WP_011013802.1	29.596	223	9.17e-21	84.7
WP_011014785.1	WP_011014450.1	27.064	218	1.05e-20	85.5
WP_011014785.1	WP_011013338.1	29.907	214	3.58e-20	82.8
WP_011014785.1	WP_011013698.1	27.753	227	9.78e-20	81.6
WP_011014785.1	WP_011015020.1	25.333	225	1.41e-19	83.6
WP_011014785.1	WP_011014807.1	31.250	208	3.80e-19	82.0
WP_011014785.1	WP_011014807.1	34.503	171	9.86e-18	78.2
WP_011014785.1	WP_011013906.1	27.354	223	4.08e-19	79.7
WP_011014785.1	WP_011014212.1	30.108	186	4.99e-19	79.3
WP_011014785.1	WP_011014492.1	25.792	221	5.10e-19	79.7
WP_011014785.1	WP_003862124.1	32.086	187	1.35e-18	80.5
WP_011014785.1	WP_003862124.1	32.086	187	4.64e-17	75.9
WP_011014785.1	WP_011015118.1	29.670	182	2.58e-18	79.7
WP_011014785.1	WP_011015118.1	31.527	203	6.60e-18	78.6
WP_011014785.1	WP_011014850.1	26.923	208	5.34e-18	77.4
WP_011014785.1	WP_011013622.1	27.273	220	8.86e-18	76.6
WP_011014785.1	WP_011014011.1	27.727	220	1.16e-16	75.1
WP_011014785.1	WP_011013931.1	29.630	189	3.28e-16	71.2
WP_011014785.1	WP_011013984.1	29.018	224	6.69e-16	70.9
WP_011014785.1	WP_011013996.1	27.751	209	7.23e-16	71.6
WP_011014785.1	WP_011013985.1	34.641	153	8.93e-16	70.5
WP_011014785.1	WP_011015345.1	31.183	186	1.29e-15	70.9
WP_011014785.1	WP_003858089.1	27.273	209	1.36e-15	69.7
WP_011014785.1	WP_011014139.1	24.545	220	1.45e-15	72.0
WP_011014785.1	WP_011014139.1	24.121	199	1.87e-10	56.6
WP_011014785.1	WP_011013712.1	35.000	140	2.04e-15	71.2
WP_011014785.1	WP_011013712.1	29.437	231	4.79e-12	61.2
WP_011014785.1	WP_011265986.1	30.939	181	2.45e-15	71.2
WP_011014785.1	WP_011014379.1	28.205	234	5.61e-15	68.6
WP_011014785.1	WP_011013807.1	28.421	190	1.18e-14	67.8
WP_011014785.1	WP_011265940.1	26.852	216	1.38e-14	67.4
WP_011014785.1	WP_011013968.1	26.768	198	1.47e-14	68.6
WP_011014785.1	WP_011013968.1	28.125	192	2.07e-11	59.3
WP_011014785.1	WP_011014362.1	25.893	224	5.66e-14	67.0
WP_011014785.1	WP_011015221.1	28.019	207	1.00e-13	65.1
WP_011014785.1	WP_003861735.1	24.873	197	1.08e-13	65.5
WP_011014785.1	WP_011014374.1	25.359	209	1.29e-13	64.7
WP_011014785.1	WP_011013466.1	27.500	200	2.59e-13	63.9
WP_011014785.1	WP_011014540.1	28.409	176	7.30e-13	61.6
WP_011014785.1	WP_011013479.1	25.214	234	8.06e-13	62.8
WP_011014785.1	WP_011013331.1	25.000	212	9.69e-13	61.6
WP_011014785.1	WP_011015133.1	29.630	189	1.73e-12	62.8
WP_011014785.1	WP_011015133.1	26.522	230	1.14e-11	60.1
WP_011014785.1	WP_011014012.1	26.786	224	1.98e-12	62.4
WP_011014785.1	WP_011014443.1	25.541	231	2.25e-12	62.4
WP_011014785.1	WP_011014443.1	30.387	181	4.19e-11	58.5
WP_011014785.1	WP_011014910.1	26.407	231	2.35e-12	62.0
WP_011014785.1	WP_004567959.1	32.544	169	2.45e-12	61.6
WP_011014785.1	WP_003857536.1	26.596	188	3.11e-12	60.5
WP_011014785.1	WP_011014216.1	25.112	223	6.57e-12	60.1
WP_011014785.1	WP_011014089.1	29.545	176	2.56e-11	58.9
WP_011014785.1	WP_011014089.1	39.344	61	4.66e-07	46.2
WP_011014785.1	WP_011014233.1	25.604	207	3.77e-11	58.5
WP_011014785.1	WP_011014233.1	22.807	228	1.03e-09	54.3
WP_011014785.1	WP_003856445.1	26.368	201	4.64e-11	57.8
WP_011014785.1	WP_011013333.1	31.126	151	1.56e-10	55.8
WP_011014785.1	WP_011015261.1	29.843	191	3.12e-10	54.7
WP_011014785.1	WP_011266014.1	32.174	115	8.79e-10	54.3
WP_011014785.1	WP_003856990.1	30.000	170	6.63e-09	51.2
WP_011014785.1	WP_011014865.1	30.460	174	1.23e-08	51.2
WP_011014785.1	WP_011014424.1	24.123	228	8.22e-08	48.5
WP_011014785.1	WP_011265658.1	26.126	222	1.39e-06	45.1
WP_011014785.1	WP_011014110.1	34.000	100	1.40e-06	45.1
WP_011014785.1	WP_020948580.1	65.625	32	4.94e-06	43.1
WP_011014786.1	WP_011014786.1	100.000	172	4.74e-125	345
WP_011014789.1	WP_011014789.1	100.000	369	0.0	745
WP_011014790.1	WP_011014790.1	100.000	959	0.0	1928
WP_011014790.1	WP_011265582.1	25.862	232	4.75e-14	73.2
WP_011014791.1	WP_011014791.1	100.000	718	0.0	1467
WP_011014792.1	WP_011014792.1	100.000	301	0.0	595
WP_011014792.1	WP_011015276.1	26.891	238	6.81e-18	79.0
WP_011014792.1	WP_003860476.1	26.936	297	3.41e-11	59.3
WP_011014793.1	WP_011014793.1	100.000	250	0.0	517
WP_011014794.1	WP_011014794.1	100.000	248	0.0	499
WP_011014796.1	WP_011014796.1	100.000	753	0.0	1526
WP_011014796.1	WP_011014303.1	49.275	69	1.03e-08	54.7
WP_011014796.1	WP_011014303.1	42.466	73	4.14e-06	46.2
WP_011014797.1	WP_011014797.1	100.000	316	0.0	635
WP_011014797.1	WP_011014308.1	35.737	319	1.29e-45	154
WP_011014797.1	WP_011015421.1	31.164	292	1.79e-22	92.0
WP_011014798.1	WP_011014798.1	100.000	341	0.0	696
WP_011014799.1	WP_011014799.1	100.000	297	0.0	599
WP_011014801.1	WP_011014801.1	100.000	332	0.0	669
WP_011014802.1	WP_011014802.1	100.000	1004	0.0	1970
WP_011014802.1	WP_011015054.1	26.293	232	1.32e-11	64.7
WP_011014802.1	WP_011014121.1	30.714	140	2.79e-11	63.5
WP_011014802.1	WP_011013696.1	33.198	247	2.80e-11	63.2
WP_011014802.1	WP_011013694.1	32.800	125	9.84e-09	55.5
WP_011014802.1	WP_003862775.1	35.780	109	2.98e-08	53.5
WP_011014802.1	WP_011013982.1	31.169	77	3.98e-07	50.1
WP_011014803.1	WP_011014803.1	100.000	112	3.47e-81	229
WP_011014804.1	WP_011014804.1	100.000	178	7.03e-130	358
WP_011014805.1	WP_011014805.1	100.000	272	0.0	547
WP_011014806.1	WP_011014806.1	100.000	534	0.0	1080
WP_011014806.1	WP_011015076.1	54.887	532	0.0	602
WP_011014806.1	WP_011265985.1	25.521	384	4.32e-17	80.5
WP_011014806.1	WP_011015037.1	23.077	312	2.41e-14	71.6
WP_011014807.1	WP_011014807.1	100.000	577	0.0	1172
WP_011014807.1	WP_011015118.1	47.016	553	8.37e-166	479
WP_011014807.1	WP_011015118.1	45.344	247	2.05e-49	176
WP_011014807.1	WP_011015040.1	42.193	538	3.19e-127	379
WP_011014807.1	WP_011015040.1	35.793	271	8.21e-42	154
WP_011014807.1	WP_011265986.1	47.490	259	6.90e-69	231
WP_011014807.1	WP_011265986.1	40.075	267	1.08e-49	179
WP_011014807.1	WP_011015284.1	43.644	236	5.76e-59	194
WP_011014807.1	WP_011015284.1	36.000	275	1.31e-46	161
WP_011014807.1	WP_003854632.1	34.601	263	1.78e-48	169
WP_011014807.1	WP_003854632.1	31.908	304	8.58e-36	134
WP_011014807.1	WP_003855103.1	37.768	233	5.88e-36	131
WP_011014807.1	WP_003855103.1	34.894	235	5.05e-33	122
WP_011014807.1	WP_003858826.1	34.568	243	2.48e-34	127
WP_011014807.1	WP_003858826.1	32.806	253	1.93e-28	110
WP_011014807.1	WP_003857431.1	32.051	234	2.12e-30	115
WP_011014807.1	WP_003857431.1	33.047	233	2.59e-25	101
WP_011014807.1	WP_011013783.1	30.738	244	2.84e-30	115
WP_011014807.1	WP_011013783.1	31.925	213	4.75e-27	106
WP_011014807.1	WP_011013712.1	25.730	548	5.29e-28	114
WP_011014807.1	WP_011013712.1	27.820	266	1.42e-16	79.3
WP_011014807.1	WP_011013712.1	29.185	233	1.01e-14	73.6
WP_011014807.1	WP_011013642.1	33.953	215	3.98e-27	109
WP_011014807.1	WP_011013642.1	30.769	260	1.11e-20	90.1
WP_011014807.1	WP_011013479.1	31.050	219	2.10e-26	106
WP_011014807.1	WP_011013479.1	28.512	242	1.06e-14	71.6
WP_011014807.1	WP_011013931.1	35.371	229	9.42e-26	102
WP_011014807.1	WP_011013931.1	32.751	229	3.21e-21	89.0
WP_011014807.1	WP_011013802.1	30.738	244	7.36e-25	100
WP_011014807.1	WP_011013802.1	29.817	218	6.94e-22	92.0
WP_011014807.1	WP_011013807.1	33.198	247	1.19e-23	97.1
WP_011014807.1	WP_011013807.1	30.364	247	4.75e-19	83.6
WP_011014807.1	WP_003860245.1	33.649	211	1.39e-23	97.4
WP_011014807.1	WP_003860245.1	32.407	216	2.17e-22	94.0
WP_011014807.1	WP_011015140.1	30.317	221	1.75e-23	99.0
WP_011014807.1	WP_011015140.1	27.132	258	8.43e-19	85.1
WP_011014807.1	WP_011013338.1	34.274	248	3.25e-23	95.9
WP_011014807.1	WP_011013338.1	31.050	219	3.47e-21	90.1
WP_011014807.1	WP_011014492.1	31.140	228	3.55e-23	95.5
WP_011014807.1	WP_011014492.1	30.769	247	3.01e-18	81.3
WP_011014807.1	WP_011014233.1	23.561	556	4.93e-23	99.4
WP_011014807.1	WP_011014850.1	32.057	209	8.72e-23	95.5
WP_011014807.1	WP_011014850.1	28.522	291	5.74e-21	90.1
WP_011014807.1	WP_011015020.1	32.099	243	1.70e-22	98.2
WP_011014807.1	WP_011015020.1	26.721	247	6.44e-13	67.8
WP_011014807.1	WP_011013851.1	29.278	263	6.28e-22	93.6
WP_011014807.1	WP_011013851.1	28.205	234	3.24e-18	82.4
WP_011014807.1	WP_011014379.1	30.544	239	3.61e-21	90.1
WP_011014807.1	WP_011014379.1	30.093	216	1.21e-18	82.8
WP_011014807.1	WP_011014327.1	29.412	272	4.40e-21	92.0
WP_011014807.1	WP_011014327.1	31.156	199	1.60e-15	75.1
WP_011014807.1	WP_011014450.1	30.041	243	6.13e-21	90.9
WP_011014807.1	WP_011014450.1	28.311	219	2.84e-12	64.7
WP_011014807.1	WP_011014212.1	32.114	246	9.87e-21	88.2
WP_011014807.1	WP_011014212.1	31.250	224	1.20e-19	85.1
WP_011014807.1	WP_003858089.1	31.068	206	1.59e-20	87.4
WP_011014807.1	WP_003858089.1	30.876	217	4.20e-16	74.3
WP_011014807.1	WP_003862124.1	24.850	499	2.04e-20	90.5
WP_011014807.1	WP_003862124.1	30.256	195	8.31e-12	63.9
WP_011014807.1	WP_003862124.1	25.877	228	2.85e-09	55.8
WP_011014807.1	WP_011013985.1	29.412	204	2.69e-20	86.7
WP_011014807.1	WP_011013985.1	32.020	203	1.67e-17	78.6
WP_011014807.1	WP_003856445.1	29.150	247	5.36e-20	86.7
WP_011014807.1	WP_003856445.1	29.032	248	1.83e-19	85.1
WP_011014807.1	WP_011015133.1	22.785	553	1.40e-19	88.6
WP_011014807.1	WP_011015133.1	26.721	247	2.82e-07	49.7
WP_011014807.1	WP_011015133.1	23.529	238	2.27e-06	46.6
WP_011014807.1	WP_011014139.1	33.486	218	1.76e-19	89.4
WP_011014807.1	WP_011014139.1	31.222	221	2.72e-16	79.0
WP_011014807.1	WP_011014139.1	29.412	238	1.52e-12	67.0
WP_011014807.1	WP_011014139.1	26.106	226	1.01e-06	48.1
WP_011014807.1	WP_011013698.1	31.278	227	4.38e-19	84.0
WP_011014807.1	WP_011013698.1	31.250	224	4.19e-18	80.9
WP_011014807.1	WP_011015221.1	31.274	259	5.77e-19	83.6
WP_011014807.1	WP_011015221.1	31.698	265	1.49e-15	73.2
WP_011014807.1	WP_011014012.1	31.250	224	4.93e-18	84.0
WP_011014807.1	WP_011014012.1	29.545	220	1.26e-12	66.6
WP_011014807.1	WP_011013906.1	26.230	244	2.52e-17	78.6
WP_011014807.1	WP_011013906.1	24.424	217	1.25e-14	70.5
WP_011014807.1	WP_011015345.1	29.004	231	1.02e-16	77.8
WP_011014807.1	WP_011015345.1	31.429	245	7.15e-16	75.1
WP_011014807.1	WP_003857536.1	27.830	212	1.68e-16	75.5
WP_011014807.1	WP_003857536.1	28.440	218	9.20e-16	73.6
WP_011014807.1	WP_011265940.1	27.074	229	5.43e-16	74.7
WP_011014807.1	WP_011265940.1	29.767	215	2.82e-11	60.8
WP_011014807.1	WP_011014011.1	27.602	221	1.66e-15	75.9
WP_011014807.1	WP_011014011.1	25.306	245	3.13e-10	59.3
WP_011014807.1	WP_004567959.1	28.814	236	4.29e-15	72.8
WP_011014807.1	WP_004567959.1	25.417	240	7.18e-15	72.0
WP_011014807.1	WP_003856990.1	28.571	217	1.69e-14	70.5
WP_011014807.1	WP_003856990.1	27.391	230	6.80e-13	65.5
WP_011014807.1	WP_011014785.1	30.000	190	4.32e-14	68.6
WP_011014807.1	WP_011014785.1	34.356	163	3.31e-11	60.1
WP_011014807.1	WP_011013333.1	28.194	227	5.98e-14	68.6
WP_011014807.1	WP_011013333.1	28.755	233	2.76e-13	66.6
WP_011014807.1	WP_011013622.1	25.893	224	9.21e-14	68.2
WP_011014807.1	WP_011013622.1	29.091	220	1.18e-11	62.0
WP_011014807.1	WP_011013984.1	29.204	226	2.14e-13	66.6
WP_011014807.1	WP_011013984.1	26.210	248	3.10e-12	63.2
WP_011014807.1	WP_003861735.1	23.846	260	4.10e-13	66.6
WP_011014807.1	WP_003861735.1	27.928	222	7.84e-11	59.7
WP_011014807.1	WP_011013996.1	26.160	237	7.68e-13	65.9
WP_011014807.1	WP_011013996.1	25.424	236	5.62e-08	51.2
WP_011014807.1	WP_011265869.1	30.165	242	1.41e-12	66.6
WP_011014807.1	WP_011265869.1	29.808	208	1.69e-11	63.2
WP_011014807.1	WP_011013466.1	26.339	224	4.80e-12	63.2
WP_011014807.1	WP_011013968.1	23.308	532	6.64e-12	64.3
WP_011014807.1	WP_011014374.1	27.064	218	1.73e-11	61.2
WP_011014807.1	WP_011014374.1	24.314	255	1.97e-11	60.8
WP_011014807.1	WP_011014424.1	28.634	227	5.54e-11	61.6
WP_011014807.1	WP_003856078.1	30.000	220	7.24e-11	59.3
WP_011014807.1	WP_003856078.1	26.389	216	2.58e-08	51.6
WP_011014807.1	WP_011014865.1	31.472	197	1.40e-10	60.1
WP_011014807.1	WP_011014443.1	23.143	579	1.60e-10	60.1
WP_011014807.1	WP_011015261.1	32.632	190	1.78e-10	57.8
WP_011014807.1	WP_011015261.1	27.064	218	2.02e-08	51.6
WP_011014807.1	WP_011014362.1	25.954	262	2.21e-10	59.7
WP_011014807.1	WP_011014362.1	25.000	248	1.59e-07	50.4
WP_011014807.1	WP_011014089.1	25.352	426	3.83e-10	58.9
WP_011014807.1	WP_011014351.1	24.286	210	4.94e-09	55.1
WP_011014807.1	WP_011014351.1	27.426	237	6.34e-08	51.6
WP_011014807.1	WP_011265658.1	26.432	227	2.31e-08	53.1
WP_011014807.1	WP_011265658.1	27.149	221	4.36e-06	45.8
WP_011014807.1	WP_011013331.1	28.837	215	2.76e-08	51.2
WP_011014807.1	WP_011013331.1	27.885	208	7.12e-08	50.1
WP_011014807.1	WP_011014540.1	24.631	203	5.25e-08	50.1
WP_011014807.1	WP_011014540.1	26.108	203	8.54e-08	49.3
WP_011014807.1	WP_020948580.1	56.410	39	7.37e-08	51.6
WP_011014807.1	WP_020948580.1	34.821	112	5.38e-06	45.4
WP_011014807.1	WP_011265741.1	44.643	56	4.95e-07	48.9
WP_011014807.1	WP_011014216.1	30.337	89	6.06e-07	47.8
WP_011014807.1	WP_011014216.1	31.858	113	1.65e-06	46.6
WP_011014807.1	WP_011014110.1	37.500	72	2.76e-06	46.6
WP_011014807.1	WP_011014910.1	26.829	205	3.18e-06	46.2
WP_011014808.1	WP_011014808.1	100.000	245	0.0	497
WP_011014810.1	WP_011014810.1	100.000	367	0.0	737
WP_011014811.1	WP_011014811.1	100.000	250	0.0	504
WP_011014811.1	WP_011013645.1	27.925	265	4.02e-15	70.9
WP_011014812.1	WP_011014812.1	100.000	474	0.0	970
WP_011014813.1	WP_011014813.1	100.000	306	0.0	627
WP_011014813.1	WP_003853529.1	27.211	147	4.00e-07	45.1
WP_011014814.1	WP_011014814.1	100.000	500	0.0	1030
WP_011014816.1	WP_011014816.1	100.000	465	0.0	952
WP_011014816.1	WP_011013602.1	30.818	477	1.05e-60	202
WP_011014816.1	WP_041625711.1	27.932	469	6.46e-40	145
WP_011014816.1	WP_011013815.1	25.376	465	3.09e-34	130
WP_011014816.1	WP_011015323.1	25.926	243	5.46e-10	57.4
WP_011014816.1	WP_011013721.1	30.964	197	1.83e-06	46.2
WP_011014817.1	WP_011014817.1	100.000	115	1.16e-81	231
WP_011014817.1	WP_011014818.1	32.773	119	2.08e-14	61.2
WP_011014818.1	WP_011014818.1	100.000	119	2.19e-85	241
WP_011014818.1	WP_011014817.1	32.773	119	2.99e-16	65.9
WP_011014821.1	WP_011014821.1	100.000	622	0.0	1267
WP_011014821.1	WP_011013342.1	30.226	354	5.51e-23	99.0
WP_011014821.1	WP_011014926.1	23.602	483	8.64e-10	57.8
WP_011014821.1	WP_011015547.1	30.455	220	1.45e-07	50.8
WP_011014822.1	WP_011014822.1	100.000	210	1.58e-151	416
WP_011014822.1	WP_003862544.1	57.477	214	1.23e-81	239
WP_011014822.1	WP_011015360.1	27.053	207	6.06e-21	83.2
WP_011014822.1	WP_003860075.1	27.570	214	1.54e-20	82.0
WP_011014822.1	WP_003854586.1	27.660	235	5.54e-20	81.3
WP_011014822.1	WP_011265935.1	33.824	68	8.48e-08	48.5
WP_011014822.1	WP_011013940.1	27.778	144	8.18e-07	44.7
WP_011014822.1	WP_003857068.1	42.623	61	8.40e-07	44.7
WP_011014823.1	WP_011014823.1	100.000	319	0.0	620
WP_011014824.1	WP_011014824.1	100.000	404	0.0	809
WP_011014825.1	WP_011014825.1	100.000	392	0.0	786
WP_011014826.1	WP_011014826.1	100.000	526	0.0	1037
WP_011014829.1	WP_011014829.1	100.000	185	1.03e-135	373
WP_011014830.1	WP_011014830.1	100.000	275	0.0	542
WP_011014831.1	WP_011014831.1	100.000	272	0.0	556
WP_011014832.1	WP_011014832.1	100.000	164	2.59e-119	330
WP_011014833.1	WP_011014833.1	100.000	315	0.0	646
WP_011014833.1	WP_011014350.1	34.653	303	1.28e-50	166
WP_011014834.1	WP_011014834.1	100.000	507	0.0	1033
WP_011014835.1	WP_011014835.1	100.000	122	5.71e-90	253
WP_011014836.1	WP_011014836.1	100.000	262	0.0	537
WP_011014838.1	WP_011014838.1	100.000	113	1.43e-78	223
WP_011014839.1	WP_011014839.1	100.000	221	6.40e-161	440
WP_011014839.1	WP_011014382.1	30.846	201	1.83e-10	56.6
WP_011014840.1	WP_011014840.1	100.000	358	0.0	721
WP_011014840.1	WP_011013472.1	33.989	356	1.02e-50	169
WP_011014841.1	WP_011014841.1	100.000	758	0.0	1529
WP_011014841.1	WP_011014303.1	50.000	82	6.83e-16	77.4
WP_011014841.1	WP_011014303.1	45.946	74	7.52e-13	67.8
WP_011014841.1	WP_011015059.1	38.983	59	2.88e-07	48.5
WP_011014843.1	WP_011014843.1	100.000	417	0.0	849
WP_011014843.1	WP_011015090.1	32.542	295	1.05e-32	123
WP_011014843.1	WP_003856814.1	28.049	328	3.04e-13	67.4
WP_011014843.1	WP_011014337.1	27.933	179	3.38e-10	58.2
WP_011014843.1	WP_172820771.1	27.442	215	6.85e-08	50.8
WP_011014843.1	WP_011014409.1	25.552	317	1.34e-07	49.7
WP_011014844.1	WP_011014844.1	100.000	126	1.94e-92	259
WP_011014845.1	WP_011014845.1	100.000	292	0.0	585
WP_011014846.1	WP_011014846.1	100.000	216	1.69e-157	431
WP_011014847.1	WP_011014847.1	100.000	171	1.19e-121	337
WP_011014848.1	WP_011014848.1	100.000	165	1.72e-115	320
WP_011014849.1	WP_011014849.1	100.000	289	0.0	560
WP_011014850.1	WP_011014850.1	100.000	292	0.0	588
WP_011014850.1	WP_011013996.1	40.625	224	1.12e-45	153
WP_011014850.1	WP_011014450.1	36.025	322	7.06e-43	146
WP_011014850.1	WP_011015345.1	31.466	232	3.22e-31	115
WP_011014850.1	WP_011013985.1	34.649	228	1.17e-30	112
WP_011014850.1	WP_003861735.1	33.772	228	1.19e-29	110
WP_011014850.1	WP_011014374.1	32.653	196	1.18e-28	107
WP_011014850.1	WP_011265940.1	34.211	228	8.76e-28	105
WP_011014850.1	WP_003855103.1	31.250	224	2.21e-27	103
WP_011014850.1	WP_003854632.1	31.674	221	3.78e-27	105
WP_011014850.1	WP_011013642.1	30.380	237	1.09e-26	103
WP_011014850.1	WP_011013783.1	30.137	219	1.36e-26	101
WP_011014850.1	WP_011014212.1	31.068	206	3.65e-26	100
WP_011014850.1	WP_011013479.1	31.278	227	3.82e-26	101
WP_011014850.1	WP_003857536.1	32.850	207	7.88e-26	99.0
WP_011014850.1	WP_003857431.1	30.000	250	1.09e-25	99.0
WP_011014850.1	WP_011015040.1	30.222	225	2.46e-25	101
WP_011014850.1	WP_011015040.1	30.290	241	4.28e-18	80.5
WP_011014850.1	WP_003858826.1	29.004	231	3.49e-25	97.8
WP_011014850.1	WP_004567959.1	31.364	220	3.94e-25	98.6
WP_011014850.1	WP_003860245.1	31.336	217	8.59e-25	97.4
WP_011014850.1	WP_011013333.1	31.154	260	2.03e-23	93.2
WP_011014850.1	WP_011014807.1	32.057	209	4.41e-23	95.5
WP_011014850.1	WP_011014807.1	28.522	291	2.91e-21	90.1
WP_011014850.1	WP_011013851.1	29.557	203	8.50e-23	92.8
WP_011014850.1	WP_011015140.1	28.986	207	1.15e-22	93.2
WP_011014850.1	WP_011013331.1	31.401	207	2.48e-22	89.4
WP_011014850.1	WP_003856445.1	30.472	233	3.97e-22	89.7
WP_011014850.1	WP_011013931.1	31.122	196	8.20e-22	87.8
WP_011014850.1	WP_011265986.1	30.364	247	9.49e-22	91.7
WP_011014850.1	WP_011014492.1	27.679	224	1.04e-21	88.2
WP_011014850.1	WP_011015118.1	28.205	234	5.29e-21	89.4
WP_011014850.1	WP_011015118.1	28.958	259	1.74e-18	81.6
WP_011014850.1	WP_003858089.1	29.000	200	5.79e-21	85.9
WP_011014850.1	WP_011014327.1	25.926	216	8.47e-21	88.2
WP_011014850.1	WP_011015284.1	28.638	213	2.76e-20	84.7
WP_011014850.1	WP_011015261.1	35.915	142	9.80e-20	82.4
WP_011014850.1	WP_011014379.1	30.052	193	1.13e-19	83.2
WP_011014850.1	WP_011013802.1	27.928	222	1.30e-19	82.8
WP_011014850.1	WP_011014233.1	28.767	219	2.52e-19	84.3
WP_011014850.1	WP_011014233.1	26.446	242	3.91e-15	71.6
WP_011014850.1	WP_011013712.1	29.630	243	1.77e-18	81.6
WP_011014850.1	WP_011013712.1	25.941	239	1.33e-12	64.3
WP_011014850.1	WP_011014216.1	30.275	218	2.68e-18	79.7
WP_011014850.1	WP_011015221.1	30.769	208	1.01e-17	77.4
WP_011014850.1	WP_011013984.1	27.500	240	1.18e-17	77.0
WP_011014850.1	WP_011013698.1	26.754	228	1.45e-16	74.3
WP_011014850.1	WP_011015020.1	29.825	228	1.69e-16	75.9
WP_011014850.1	WP_011013338.1	28.390	236	2.70e-16	73.6
WP_011014850.1	WP_011013807.1	26.236	263	4.34e-16	72.8
WP_011014850.1	WP_003862124.1	26.172	256	1.12e-15	73.2
WP_011014850.1	WP_003862124.1	30.542	203	4.74e-14	68.6
WP_011014850.1	WP_003856990.1	29.187	209	1.12e-15	71.6
WP_011014850.1	WP_011014443.1	34.054	185	1.89e-15	72.8
WP_011014850.1	WP_011014443.1	27.313	227	1.47e-07	48.9
WP_011014850.1	WP_011013622.1	25.000	232	2.17e-13	65.5
WP_011014850.1	WP_011013968.1	30.435	161	2.70e-13	66.2
WP_011014850.1	WP_011013968.1	32.237	152	1.64e-12	63.9
WP_011014850.1	WP_011015133.1	28.649	185	5.61e-12	62.4
WP_011014850.1	WP_011015133.1	25.000	236	4.53e-09	53.5
WP_011014850.1	WP_011014011.1	26.293	232	6.08e-12	62.4
WP_011014850.1	WP_011013906.1	23.305	236	6.25e-12	60.8
WP_011014850.1	WP_003856078.1	31.183	186	9.77e-12	60.5
WP_011014850.1	WP_011013466.1	25.789	190	2.07e-11	59.3
WP_011014850.1	WP_011014785.1	26.923	208	4.55e-11	58.2
WP_011014850.1	WP_011014362.1	24.554	224	7.03e-11	58.9
WP_011014850.1	WP_011014012.1	25.339	221	4.15e-10	56.6
WP_011014850.1	WP_011014139.1	25.112	223	1.90e-09	54.7
WP_011014850.1	WP_011014139.1	24.434	221	2.16e-08	51.6
WP_011014850.1	WP_011265869.1	29.293	198	2.15e-09	54.3
WP_011014850.1	WP_011014540.1	25.131	191	3.56e-09	52.0
WP_011014850.1	WP_011265658.1	26.891	238	3.84e-09	53.5
WP_011014850.1	WP_011014910.1	26.829	205	4.76e-09	53.5
WP_011014850.1	WP_011014910.1	29.197	137	2.42e-06	45.1
WP_011014850.1	WP_011014351.1	24.444	225	9.83e-08	49.3
WP_011014850.1	WP_011014351.1	26.471	136	1.76e-07	48.5
WP_011014850.1	WP_011014089.1	28.477	151	3.74e-07	47.4
WP_011014850.1	WP_011266014.1	39.535	86	1.82e-06	45.1
WP_011014851.1	WP_011014851.1	100.000	547	0.0	1088
WP_011014851.1	WP_011014855.1	37.383	214	4.91e-25	105
WP_011014852.1	WP_011014852.1	100.000	692	0.0	1391
WP_011014853.1	WP_011014853.1	100.000	112	1.81e-78	223
WP_011014854.1	WP_011014854.1	100.000	438	0.0	854
WP_011014854.1	WP_011014463.1	37.788	434	7.58e-77	243
WP_011014855.1	WP_011014855.1	100.000	582	0.0	1110
WP_011014855.1	WP_011014851.1	37.383	214	4.59e-34	132
WP_011014856.1	WP_011014856.1	100.000	1124	0.0	2271
WP_011014856.1	WP_011013854.1	22.934	968	1.07e-34	140
WP_011014857.1	WP_011014857.1	100.000	1155	0.0	2289
WP_011014859.1	WP_011014859.1	100.000	286	0.0	572
WP_011014859.1	WP_011013318.1	30.952	168	1.65e-11	60.1
WP_011014859.1	WP_011014757.1	22.543	173	2.45e-07	47.8
WP_011014859.1	WP_011013760.1	24.390	287	3.81e-06	43.9
WP_011014860.1	WP_011014860.1	100.000	269	0.0	513
WP_011014861.1	WP_011014861.1	100.000	149	5.75e-112	310
WP_011014861.1	WP_003858809.1	47.945	146	2.65e-42	134
WP_011014861.1	WP_011014730.1	45.890	146	7.21e-41	130
WP_011014861.1	WP_011014689.1	45.205	146	2.07e-40	129
WP_011014862.1	WP_011014862.1	100.000	205	2.82e-145	399
WP_011014862.1	WP_011014254.1	26.786	168	2.13e-07	46.6
WP_011014863.1	WP_011014863.1	100.000	286	0.0	590
WP_011014863.1	WP_011266054.1	24.913	289	1.36e-12	62.8
WP_011014863.1	WP_003862398.1	26.531	147	7.35e-10	54.7
WP_011014865.1	WP_011014865.1	100.000	510	0.0	1003
WP_011014865.1	WP_011014011.1	24.429	438	1.15e-32	128
WP_011014865.1	WP_011014012.1	26.316	456	6.42e-32	125
WP_011014865.1	WP_011015020.1	27.542	472	8.77e-32	125
WP_011014865.1	WP_011014139.1	26.582	474	3.97e-28	115
WP_011014865.1	WP_011014139.1	28.222	450	1.73e-24	104
WP_011014865.1	WP_011265658.1	33.838	198	2.09e-20	90.9
WP_011014865.1	WP_003855103.1	32.642	193	1.21e-19	84.3
WP_011014865.1	WP_011014424.1	31.795	195	2.05e-18	84.7
WP_011014865.1	WP_011015140.1	33.505	194	5.49e-18	82.0
WP_011014865.1	WP_003854632.1	34.906	212	1.14e-17	80.9
WP_011014865.1	WP_011265869.1	28.049	246	1.15e-17	82.0
WP_011014865.1	WP_011013851.1	31.527	203	1.27e-17	80.5
WP_011014865.1	WP_003857431.1	33.511	188	1.73e-17	78.6
WP_011014865.1	WP_003857536.1	31.980	197	7.37e-17	76.3
WP_011014865.1	WP_011014807.1	31.156	199	1.85e-15	75.5
WP_011014865.1	WP_011014807.1	35.079	191	1.71e-09	56.6
WP_011014865.1	WP_011014327.1	30.481	187	3.70e-15	73.6
WP_011014865.1	WP_011014362.1	25.652	230	3.94e-15	74.3
WP_011014865.1	WP_011015118.1	34.872	195	4.12e-15	74.3
WP_011014865.1	WP_011015118.1	30.476	210	5.04e-08	51.6
WP_011014865.1	WP_011013642.1	33.854	192	4.27e-15	73.2
WP_011014865.1	WP_003858826.1	31.551	187	1.36e-14	70.1
WP_011014865.1	WP_011014212.1	32.105	190	2.90e-14	68.9
WP_011014865.1	WP_011013622.1	30.769	195	2.92e-14	69.7
WP_011014865.1	WP_011015284.1	30.457	197	4.44e-14	68.9
WP_011014865.1	WP_011015040.1	34.066	182	7.47e-14	70.1
WP_011014865.1	WP_011015040.1	35.754	179	8.25e-12	63.5
WP_011014865.1	WP_003860245.1	29.293	198	1.68e-13	67.4
WP_011014865.1	WP_003858089.1	28.571	196	6.89e-13	64.7
WP_011014865.1	WP_011014379.1	34.161	161	2.12e-12	63.9
WP_011014865.1	WP_011013479.1	34.043	188	2.94e-12	63.9
WP_011014865.1	WP_003856445.1	30.857	175	3.42e-12	63.2
WP_011014865.1	WP_011013807.1	30.928	194	5.67e-12	62.4
WP_011014865.1	WP_011013906.1	26.425	193	5.93e-12	62.4
WP_011014865.1	WP_011013985.1	30.726	179	8.18e-12	61.6
WP_011014865.1	WP_011013802.1	27.869	183	1.68e-11	61.2
WP_011014865.1	WP_011014089.1	31.928	166	2.09e-11	62.4
WP_011014865.1	WP_011014492.1	26.178	191	2.34e-11	60.5
WP_011014865.1	WP_011013783.1	27.184	206	3.17e-11	60.1
WP_011014865.1	WP_011265940.1	32.044	181	6.00e-11	59.3
WP_011014865.1	WP_011013931.1	35.897	156	9.96e-11	58.2
WP_011014865.1	WP_011013338.1	30.055	183	1.86e-10	58.2
WP_011014865.1	WP_011015221.1	31.892	185	2.15e-10	57.8
WP_011014865.1	WP_011265986.1	29.570	186	2.78e-10	58.9
WP_011014865.1	WP_011014540.1	27.411	197	3.05e-10	56.2
WP_011014865.1	WP_011013333.1	31.285	179	3.07e-10	57.4
WP_011014865.1	WP_011014450.1	26.966	178	5.48e-10	57.4
WP_011014865.1	WP_003862124.1	31.795	195	1.23e-09	56.6
WP_011014865.1	WP_003862124.1	29.944	177	2.96e-09	55.5
WP_011014865.1	WP_011014850.1	28.492	179	2.69e-09	54.7
WP_011014865.1	WP_011014374.1	28.796	191	3.27e-09	53.9
WP_011014865.1	WP_011013996.1	29.825	171	1.17e-08	52.8
WP_011014865.1	WP_011265741.1	29.333	150	1.71e-08	53.1
WP_011014865.1	WP_011013968.1	30.137	146	1.76e-08	53.1
WP_011014865.1	WP_011013968.1	29.885	174	3.83e-08	52.0
WP_011014865.1	WP_011013698.1	26.882	186	6.84e-08	50.1
WP_011014865.1	WP_011014443.1	28.641	206	6.99e-08	51.2
WP_011014865.1	WP_011014233.1	26.733	202	7.09e-08	51.2
WP_011014865.1	WP_011013712.1	29.744	195	1.18e-07	50.4
WP_011014865.1	WP_011014154.1	32.418	182	1.43e-07	50.1
WP_011014865.1	WP_020948580.1	31.469	143	1.76e-07	50.1
WP_011014865.1	WP_003861735.1	25.989	177	2.22e-07	48.9
WP_011014865.1	WP_011015133.1	28.358	201	1.92e-06	46.6
WP_011014865.1	WP_011015133.1	26.061	165	3.32e-06	45.8
WP_011014865.1	WP_011014216.1	28.571	196	3.39e-06	45.1
WP_011014865.1	WP_011014785.1	30.460	174	3.45e-06	44.7
WP_011014865.1	WP_011014000.1	32.911	79	4.13e-06	45.4
WP_011014865.1	WP_011014110.1	40.789	76	6.19e-06	45.1
WP_011014865.1	WP_003856990.1	26.866	201	6.78e-06	44.3
WP_011014865.1	WP_004567959.1	28.743	167	9.44e-06	43.9
WP_011014866.1	WP_011014866.1	100.000	374	0.0	736
WP_011014867.1	WP_011014867.1	100.000	442	0.0	922
WP_011014868.1	WP_011014868.1	100.000	421	0.0	872
WP_011014868.1	WP_011013814.1	31.333	300	1.37e-26	106
WP_011014869.1	WP_011014869.1	100.000	112	5.40e-76	216
WP_011014870.1	WP_011014870.1	100.000	92	1.42e-63	184
WP_011014872.1	WP_011014872.1	100.000	300	0.0	616
WP_011014873.1	WP_011014873.1	100.000	475	0.0	957
WP_011014873.1	WP_011015482.1	31.915	282	8.95e-27	110
WP_011014873.1	WP_011015482.1	34.524	84	1.39e-06	47.0
WP_011014874.1	WP_011014874.1	100.000	316	0.0	634
WP_011014875.1	WP_011014875.1	100.000	219	6.13e-160	437
WP_011014876.1	WP_011014876.1	100.000	118	1.76e-87	246
WP_011014877.1	WP_011014877.1	100.000	211	4.07e-161	440
WP_011014879.1	WP_011014879.1	100.000	75	1.97e-50	149
WP_011014880.1	WP_011014880.1	100.000	366	0.0	742
WP_011014880.1	WP_011013481.1	30.000	290	7.35e-24	97.4
WP_011014880.1	WP_011014123.1	24.561	228	3.74e-09	53.9
WP_011014880.1	WP_006285864.1	23.950	238	1.12e-07	49.3
WP_011014880.1	WP_003862691.1	25.600	250	2.67e-07	48.5
WP_011014880.1	WP_011013907.1	24.000	200	4.57e-07	47.8
WP_011014881.1	WP_011014881.1	100.000	442	0.0	887
WP_011014882.1	WP_011014882.1	100.000	400	0.0	820
WP_011014883.1	WP_011014883.1	100.000	214	1.36e-153	421
WP_011014884.1	WP_011014884.1	100.000	191	2.04e-142	391
WP_011014884.1	WP_011015126.1	44.000	50	4.29e-07	45.1
WP_011014885.1	WP_011014885.1	100.000	836	0.0	1733
WP_011014885.1	WP_020948610.1	27.844	334	3.01e-16	79.3
WP_011014885.1	WP_011014214.1	23.453	307	1.04e-10	61.6
WP_011014886.1	WP_011014886.1	100.000	267	0.0	541
WP_011014887.1	WP_011014887.1	100.000	258	0.0	527
WP_011014887.1	WP_011015147.1	33.962	159	5.69e-20	82.8
WP_011014888.1	WP_011014888.1	100.000	337	0.0	671
WP_011014888.1	WP_003855225.1	34.911	338	3.91e-48	161
WP_011014888.1	WP_011015602.1	31.731	312	2.34e-29	112
WP_011014888.1	WP_011013436.1	26.332	319	8.98e-21	88.2
WP_011014888.1	WP_011015600.1	25.723	346	1.45e-11	61.2
WP_011014888.1	WP_011013443.1	29.221	154	5.43e-08	50.4
WP_011014888.1	WP_011013439.1	32.000	125	1.46e-07	48.9
WP_011014889.1	WP_011014889.1	100.000	332	0.0	672
WP_011014889.1	WP_011013442.1	32.344	337	7.37e-41	142
WP_011014889.1	WP_011014311.1	28.296	311	1.30e-25	101
WP_011014889.1	WP_011014232.1	24.458	323	1.08e-16	76.6
WP_011014889.1	WP_003857593.1	22.330	309	1.20e-15	73.2
WP_011014889.1	WP_011015259.1	25.893	336	1.37e-09	55.1
WP_011014889.1	WP_011013448.1	22.772	303	7.77e-08	49.7
WP_011014889.1	WP_011015158.1	39.286	56	2.19e-07	46.2
WP_011014893.1	WP_011014893.1	100.000	811	0.0	1652
WP_011014893.1	WP_020948610.1	35.211	71	3.39e-08	53.1
WP_011014893.1	WP_011013948.1	33.766	77	2.82e-06	46.6
WP_011014896.1	WP_011014896.1	100.000	348	0.0	713
WP_011014896.1	WP_011014504.1	28.346	254	4.53e-22	92.4
WP_011014896.1	WP_011015375.1	25.170	147	3.65e-07	47.8
WP_011014897.1	WP_011014897.1	100.000	126	3.63e-92	258
WP_011014898.1	WP_011014898.1	100.000	217	3.44e-164	448
WP_011014902.1	WP_011014902.1	100.000	280	0.0	552
WP_011014902.1	WP_011013416.1	27.108	166	1.37e-06	45.1
WP_011014903.1	WP_011014903.1	100.000	156	6.36e-117	323
WP_011014904.1	WP_011014904.1	100.000	328	0.0	659
WP_011014905.1	WP_011014905.1	100.000	295	0.0	597
WP_011014905.1	WP_011015298.1	33.597	253	4.55e-29	108
WP_011014905.1	WP_011013723.1	32.245	245	6.47e-23	91.7
WP_011014905.1	WP_011013534.1	29.921	254	2.38e-21	88.6
WP_011014905.1	WP_011013843.1	31.301	246	7.84e-21	86.3
WP_011014905.1	WP_011015096.1	25.856	263	1.10e-15	72.0
WP_011014905.1	WP_003856628.1	32.243	214	9.47e-08	48.5
WP_011014905.1	WP_011015148.1	26.289	194	5.25e-07	46.2
WP_011014905.1	WP_011015594.1	24.171	211	3.45e-06	43.9
WP_011014905.1	WP_011015125.1	23.267	202	4.32e-06	43.5
WP_011014907.1	WP_011014907.1	100.000	317	0.0	654
WP_011014907.1	WP_011265967.1	29.450	309	4.00e-32	118
WP_011014908.1	WP_011014908.1	100.000	193	9.83e-141	387
WP_011014910.1	WP_011014910.1	100.000	550	0.0	1100
WP_011014910.1	WP_011014351.1	31.423	541	3.55e-58	198
WP_011014910.1	WP_011014351.1	44.286	70	1.02e-09	57.4
WP_011014910.1	WP_011013968.1	28.980	559	4.10e-52	184
WP_011014910.1	WP_011015133.1	29.282	543	1.42e-51	182
WP_011014910.1	WP_011015133.1	27.757	263	1.22e-19	88.6
WP_011014910.1	WP_011014089.1	30.605	562	7.23e-49	174
WP_011014910.1	WP_011014443.1	27.221	529	1.36e-35	136
WP_011014910.1	WP_011014443.1	28.704	216	1.72e-14	72.4
WP_011014910.1	WP_003861735.1	24.231	260	8.48e-15	71.6
WP_011014910.1	WP_011013479.1	26.923	208	3.60e-14	69.7
WP_011014910.1	WP_011013331.1	27.477	222	9.65e-13	64.3
WP_011014910.1	WP_011013466.1	29.070	172	1.05e-12	65.1
WP_011014910.1	WP_011013466.1	28.063	253	1.40e-10	58.5
WP_011014910.1	WP_011014212.1	26.728	217	1.14e-12	64.3
WP_011014910.1	WP_011013698.1	29.146	199	4.13e-12	63.2
WP_011014910.1	WP_011013698.1	28.796	191	2.21e-09	55.1
WP_011014910.1	WP_011015040.1	28.205	234	8.59e-12	63.5
WP_011014910.1	WP_011015040.1	27.311	238	4.00e-10	58.5
WP_011014910.1	WP_011015040.1	27.485	171	7.07e-09	54.3
WP_011014910.1	WP_011015040.1	25.000	160	8.91e-07	47.8
WP_011014910.1	WP_011013985.1	29.798	198	9.60e-12	61.6
WP_011014910.1	WP_011013985.1	28.750	160	3.76e-06	44.7
WP_011014910.1	WP_011014492.1	27.083	240	1.11e-11	61.6
WP_011014910.1	WP_011014492.1	27.461	193	2.66e-10	57.4
WP_011014910.1	WP_011015345.1	29.493	217	1.59e-11	62.0
WP_011014910.1	WP_003857536.1	27.350	234	1.65e-11	60.8
WP_011014910.1	WP_003862124.1	34.228	149	2.38e-11	62.4
WP_011014910.1	WP_003862124.1	29.379	177	1.62e-07	50.1
WP_011014910.1	WP_003862124.1	27.211	147	1.82e-06	46.6
WP_011014910.1	WP_011013712.1	30.208	192	2.54e-11	62.4
WP_011014910.1	WP_011013712.1	25.221	226	6.91e-06	45.1
WP_011014910.1	WP_003858826.1	24.701	251	4.70e-11	59.7
WP_011014910.1	WP_011013622.1	30.052	193	7.59e-11	59.3
WP_011014910.1	WP_011013906.1	29.016	193	1.17e-10	58.5
WP_011014910.1	WP_011013906.1	21.318	258	2.71e-09	54.7
WP_011014910.1	WP_011013996.1	28.713	202	6.31e-10	57.0
WP_011014910.1	WP_011013333.1	25.424	236	1.35e-09	55.5
WP_011014910.1	WP_011013802.1	26.882	186	1.57e-09	55.5
WP_011014910.1	WP_011013802.1	26.601	203	1.91e-09	55.1
WP_011014910.1	WP_011013783.1	24.762	210	1.87e-09	54.7
WP_011014910.1	WP_011266014.1	30.822	146	2.35e-09	55.5
WP_011014910.1	WP_011013338.1	26.693	251	2.54e-09	54.7
WP_011014910.1	WP_011013338.1	29.333	150	1.04e-07	49.7
WP_011014910.1	WP_003856445.1	27.536	207	2.63e-09	54.7
WP_011014910.1	WP_004567959.1	26.991	226	3.04e-09	54.7
WP_011014910.1	WP_004567959.1	30.921	152	3.53e-08	51.6
WP_011014910.1	WP_011014233.1	25.652	230	3.69e-09	55.5
WP_011014910.1	WP_011014233.1	26.066	211	9.49e-08	50.8
WP_011014910.1	WP_003854632.1	25.833	240	5.37e-09	54.3
WP_011014910.1	WP_003854632.1	28.571	182	2.08e-08	52.8
WP_011014910.1	WP_011014850.1	26.829	205	8.97e-09	53.5
WP_011014910.1	WP_011014850.1	29.197	137	4.56e-06	45.1
WP_011014910.1	WP_011014374.1	32.203	177	1.14e-08	52.4
WP_011014910.1	WP_011014362.1	40.741	54	1.22e-08	53.9
WP_011014910.1	WP_011013807.1	24.510	204	1.38e-08	52.4
WP_011014910.1	WP_011013642.1	28.571	196	1.50e-08	53.1
WP_011014910.1	WP_011013931.1	27.434	226	2.89e-08	50.8
WP_011014910.1	WP_011013851.1	26.154	195	3.55e-08	51.6
WP_011014910.1	WP_011015020.1	25.670	261	4.75e-08	52.0
WP_011014910.1	WP_003858089.1	24.887	221	1.14e-07	49.3
WP_011014910.1	WP_003858089.1	26.111	180	7.36e-06	43.9
WP_011014910.1	WP_011014540.1	32.738	168	3.09e-07	47.8
WP_011014910.1	WP_011265986.1	26.991	226	3.85e-07	49.3
WP_011014910.1	WP_011014379.1	39.655	58	4.90e-07	47.8
WP_011014910.1	WP_011014424.1	36.667	60	1.21e-06	47.4
WP_011014910.1	WP_011015118.1	28.085	235	2.01e-06	46.6
WP_011014910.1	WP_011014110.1	30.159	126	2.19e-06	47.0
WP_011014910.1	WP_003860245.1	26.471	204	2.69e-06	45.8
WP_011014910.1	WP_011014807.1	26.829	205	3.04e-06	46.2
WP_011014910.1	WP_011265694.1	34.146	164	3.39e-06	45.8
WP_011014910.1	WP_011014012.1	24.519	208	4.04e-06	45.8
WP_011014910.1	WP_003856990.1	38.462	65	7.78e-06	43.9
WP_011014910.1	WP_003857431.1	28.125	160	8.29e-06	43.9
WP_011014912.1	WP_011014912.1	100.000	467	0.0	944
WP_011014913.1	WP_011014913.1	100.000	286	0.0	537
WP_011014913.1	WP_011013759.1	32.734	278	8.79e-27	102
WP_011014914.1	WP_011014914.1	100.000	334	0.0	655
WP_011014914.1	WP_011015246.1	42.029	69	5.07e-12	61.6
WP_011014915.1	WP_011014915.1	100.000	204	7.02e-150	410
WP_011014916.1	WP_011014916.1	100.000	1054	0.0	2164
WP_011014916.1	WP_011015075.1	24.728	918	2.56e-42	164
WP_011014917.1	WP_011014917.1	100.000	95	8.76e-63	182
WP_011014918.1	WP_011014918.1	100.000	234	3.29e-175	477
WP_011014919.1	WP_011014919.1	100.000	246	0.0	499
WP_011014920.1	WP_011014920.1	100.000	442	0.0	875
WP_011014922.1	WP_011014922.1	100.000	550	0.0	1107
WP_011014922.1	WP_011013343.1	27.481	393	1.01e-17	82.0
WP_011014923.1	WP_011014923.1	100.000	472	0.0	946
WP_011014923.1	WP_011014925.1	28.571	273	3.21e-13	67.8
WP_011014923.1	WP_011013502.1	32.231	121	6.65e-06	44.7
WP_011014924.1	WP_011014924.1	100.000	366	0.0	727
WP_011014924.1	WP_011014199.1	28.249	177	2.68e-07	48.1
WP_011014925.1	WP_011014925.1	100.000	514	0.0	1033
WP_011014925.1	WP_011014923.1	28.400	250	2.00e-08	52.8
WP_011014926.1	WP_011014926.1	100.000	651	0.0	1316
WP_011014926.1	WP_011013342.1	26.730	419	8.81e-16	76.6
WP_011014926.1	WP_011014821.1	23.602	483	9.04e-10	57.8
WP_011014927.1	WP_011014927.1	100.000	265	0.0	531
WP_011014929.1	WP_011014929.1	100.000	141	1.91e-100	281
WP_011014930.1	WP_011014930.1	100.000	326	0.0	664
WP_011014932.1	WP_011014932.1	100.000	509	0.0	1009
WP_011014932.1	WP_020948585.1	27.500	440	2.50e-34	132
WP_011014933.1	WP_011014933.1	100.000	740	0.0	1481
WP_011014933.1	WP_011013340.1	38.235	272	1.89e-53	192
WP_011014933.1	WP_011013340.1	31.535	241	3.75e-21	94.7
WP_011014933.1	WP_011013341.1	36.604	265	8.61e-49	175
WP_011014933.1	WP_011015349.1	29.682	283	2.96e-17	82.4
WP_011014934.1	WP_011014934.1	100.000	412	0.0	814
WP_011014934.1	WP_011014937.1	41.100	309	8.44e-52	182
WP_011014934.1	WP_011014935.1	31.790	324	1.28e-32	124
WP_011014935.1	WP_011014935.1	100.000	436	0.0	863
WP_011014935.1	WP_011014937.1	38.125	320	1.16e-54	191
WP_011014935.1	WP_011014934.1	32.716	324	1.73e-33	126
WP_011014937.1	WP_011014937.1	100.000	812	0.0	1617
WP_011014937.1	WP_011014935.1	37.771	323	2.88e-52	185
WP_011014937.1	WP_011014935.1	26.471	204	8.20e-08	51.6
WP_011014937.1	WP_011014934.1	41.100	309	2.78e-51	181
WP_011014937.1	WP_011265835.1	30.415	217	4.72e-06	46.2
WP_011014938.1	WP_011014938.1	100.000	483	0.0	983
WP_011014938.1	WP_011013975.1	97.308	483	0.0	966
WP_011014938.1	WP_011013583.1	41.100	309	1.15e-80	251
WP_011014938.1	WP_011015455.1	29.775	356	1.01e-31	125
WP_011014938.1	WP_011014060.1	27.673	318	1.41e-30	119
WP_011014938.1	WP_011015457.1	31.690	284	3.04e-25	102
WP_011014939.1	WP_011014939.1	100.000	59	1.81e-36	112
WP_011014940.1	WP_011014940.1	100.000	417	0.0	845
WP_011014941.1	WP_011014941.1	100.000	245	0.0	507
WP_011014941.1	WP_011015469.1	31.383	188	3.24e-12	61.2
WP_011014942.1	WP_011014942.1	100.000	323	0.0	654
WP_011014942.1	WP_011015277.1	29.557	203	6.79e-09	52.8
WP_011014942.1	WP_011014747.1	28.743	167	1.32e-07	48.1
WP_011014943.1	WP_011014943.1	100.000	381	0.0	780
WP_011014943.1	WP_011013628.1	29.918	244	2.97e-21	91.3
WP_011014943.1	WP_101677576.1	26.667	210	4.58e-13	66.2
WP_011014943.1	WP_011013672.1	24.227	388	6.93e-12	62.8
WP_011014943.1	WP_011265689.1	28.509	228	2.22e-11	61.2
WP_011014943.1	WP_003859886.1	25.461	271	7.38e-10	56.2
WP_011014945.1	WP_011014945.1	100.000	209	2.70e-151	415
WP_011014945.1	WP_011265894.1	57.407	108	3.45e-43	144
WP_011014945.1	WP_011013812.1	42.982	114	3.11e-20	82.8
WP_011014945.1	WP_020948581.1	35.398	113	2.76e-13	64.3
WP_011014946.1	WP_011014946.1	100.000	408	0.0	848
WP_011014948.1	WP_011014948.1	100.000	205	2.29e-150	412
WP_011014950.1	WP_011014950.1	100.000	143	2.36e-102	286
WP_011014951.1	WP_011014951.1	100.000	359	0.0	744
WP_011014952.1	WP_011014952.1	100.000	640	0.0	1325
WP_011014952.1	WP_011015000.1	27.407	135	9.06e-06	45.1
WP_011014954.1	WP_011014954.1	100.000	358	0.0	721
WP_011014955.1	WP_011014955.1	100.000	307	0.0	603
WP_011014956.1	WP_011014956.1	100.000	367	0.0	760
WP_011014957.1	WP_011014957.1	100.000	500	0.0	1002
WP_011014958.1	WP_011014958.1	100.000	675	0.0	1311
WP_011014958.1	WP_011014138.1	28.191	188	8.14e-17	81.3
WP_011014960.1	WP_011014960.1	100.000	477	0.0	989
WP_011014960.1	WP_003856962.1	34.746	472	1.42e-75	241
WP_011014962.1	WP_011014962.1	100.000	133	8.69e-97	271
WP_011014963.1	WP_011014963.1	100.000	302	0.0	613
WP_011014963.1	WP_011015375.1	32.727	110	1.27e-07	48.5
WP_011014964.1	WP_011014964.1	100.000	481	0.0	985
WP_011014965.1	WP_011014965.1	100.000	72	1.86e-50	149
WP_011014966.1	WP_011014966.1	100.000	441	0.0	878
WP_011014966.1	WP_011014967.1	65.541	148	2.41e-56	180
WP_011014966.1	WP_227747714.1	41.379	87	3.50e-21	85.5
WP_011014966.1	WP_231838274.1	36.667	120	3.55e-13	62.8
WP_011014967.1	WP_011014967.1	100.000	164	2.06e-118	328
WP_011014967.1	WP_011014966.1	65.541	148	1.73e-62	195
WP_011014970.1	WP_011014970.1	100.000	215	2.19e-159	436
WP_011014971.1	WP_011014971.1	100.000	1045	0.0	2124
WP_011014972.1	WP_011014972.1	100.000	368	0.0	761
WP_011014976.1	WP_011014976.1	100.000	239	1.07e-177	484
WP_011014977.1	WP_011014977.1	100.000	380	0.0	773
WP_011014985.1	WP_011014985.1	100.000	922	0.0	1905
WP_011014986.1	WP_011014986.1	100.000	93	2.33e-61	178
WP_011014988.1	WP_011014988.1	100.000	344	0.0	706
WP_011014990.1	WP_011014990.1	100.000	152	8.19e-114	315
WP_011014991.1	WP_011014991.1	100.000	187	2.17e-139	383
WP_011014992.1	WP_011014992.1	100.000	80	5.44e-56	163
WP_011014993.1	WP_011014993.1	100.000	181	1.09e-133	368
WP_011014994.1	WP_011014994.1	100.000	142	1.14e-105	294
WP_011014995.1	WP_011014995.1	100.000	114	1.95e-80	228
WP_011014996.1	WP_011014996.1	100.000	516	0.0	1061
WP_011014997.1	WP_011014997.1	100.000	612	0.0	1266
WP_011014998.1	WP_011014998.1	100.000	80	9.43e-56	163
WP_011015000.1	WP_011015000.1	100.000	623	0.0	1268
WP_011015000.1	WP_011265975.1	32.667	150	3.19e-08	52.8
WP_011015000.1	WP_011014952.1	27.407	135	9.77e-06	45.1
WP_011015002.1	WP_011015002.1	100.000	424	0.0	862
WP_011015004.1	WP_011015004.1	100.000	684	0.0	1379
WP_011015005.1	WP_011015005.1	100.000	162	1.45e-119	331
WP_011015006.1	WP_011015006.1	100.000	194	4.86e-142	390
WP_011015007.1	WP_011015007.1	100.000	144	1.18e-106	296
WP_011015008.1	WP_011015008.1	100.000	517	0.0	1056
WP_011015008.1	WP_011013981.1	98.066	517	0.0	1033
WP_011015008.1	WP_011015123.1	97.679	517	0.0	1030
WP_011015008.1	WP_011015456.1	37.773	458	3.61e-84	265
WP_011015008.1	WP_011014124.1	35.088	57	5.01e-06	45.1
WP_011015008.1	WP_011015161.1	35.088	57	6.75e-06	44.7
WP_011015009.1	WP_011015009.1	100.000	357	0.0	713
WP_011015009.1	WP_011015522.1	33.778	225	2.33e-14	68.6
WP_011015010.1	WP_011015010.1	100.000	243	0.0	502
WP_011015010.1	WP_003856785.1	36.325	234	6.54e-43	142
WP_011015011.1	WP_011015011.1	100.000	305	0.0	614
WP_011015011.1	WP_172769660.1	25.500	200	1.55e-09	55.1
WP_011015011.1	WP_172769660.1	39.655	58	1.10e-06	46.2
WP_011015012.1	WP_011015012.1	100.000	196	1.69e-144	396
WP_011015014.1	WP_011015014.1	100.000	241	3.53e-173	473
WP_011015015.1	WP_011015015.1	100.000	382	0.0	776
WP_011015015.1	WP_011015388.1	40.642	374	1.06e-73	231
WP_011015017.1	WP_011015017.1	100.000	380	0.0	779
WP_011015019.1	WP_011015019.1	100.000	706	0.0	1450
WP_011015020.1	WP_011015020.1	100.000	621	0.0	1264
WP_011015020.1	WP_011014011.1	31.551	561	1.31e-74	248
WP_011015020.1	WP_011014139.1	28.109	587	2.76e-63	223
WP_011015020.1	WP_011014139.1	29.792	480	1.97e-50	185
WP_011015020.1	WP_011014012.1	26.797	612	6.93e-53	187
WP_011015020.1	WP_011014362.1	24.587	606	2.84e-44	163
WP_011015020.1	WP_011014424.1	29.032	279	1.34e-34	135
WP_011015020.1	WP_011265658.1	31.452	248	7.33e-34	132
WP_011015020.1	WP_003854632.1	33.977	259	1.91e-28	113
WP_011015020.1	WP_011013642.1	32.328	232	4.18e-28	112
WP_011015020.1	WP_011014865.1	27.789	475	2.64e-26	109
WP_011015020.1	WP_011013931.1	31.140	228	6.93e-23	94.0
WP_011015020.1	WP_011265869.1	33.182	220	7.33e-23	99.0
WP_011015020.1	WP_011014807.1	32.099	243	1.83e-22	98.2
WP_011015020.1	WP_011014807.1	26.721	247	6.94e-13	67.8
WP_011015020.1	WP_011013622.1	31.556	225	9.98e-22	92.0
WP_011015020.1	WP_003855103.1	32.035	231	1.04e-21	90.9
WP_011015020.1	WP_011014379.1	33.333	207	2.09e-21	90.9
WP_011015020.1	WP_011013479.1	31.132	212	1.13e-19	86.7
WP_011015020.1	WP_011015118.1	31.618	272	1.45e-19	89.0
WP_011015020.1	WP_011015118.1	28.340	247	1.27e-13	70.1
WP_011015020.1	WP_011014450.1	27.004	237	5.24e-19	85.1
WP_011015020.1	WP_011015040.1	29.615	260	7.04e-19	86.3
WP_011015020.1	WP_011015040.1	28.899	218	5.17e-11	61.6
WP_011015020.1	WP_011014492.1	29.048	210	3.25e-18	81.3
WP_011015020.1	WP_011015140.1	27.753	227	3.67e-18	83.2
WP_011015020.1	WP_011013712.1	29.231	260	4.49e-18	84.3
WP_011015020.1	WP_003858089.1	32.394	213	6.78e-18	79.7
WP_011015020.1	WP_011013851.1	28.761	226	8.16e-18	81.6
WP_011015020.1	WP_011014212.1	30.631	222	9.02e-18	79.7
WP_011015020.1	WP_011014327.1	27.948	229	2.28e-17	80.9
WP_011015020.1	WP_003858826.1	29.279	222	2.34e-17	78.6
WP_011015020.1	WP_011014850.1	29.825	228	3.59e-16	75.9
WP_011015020.1	WP_011265986.1	28.980	245	4.14e-16	78.2
WP_011015020.1	WP_011014374.1	29.646	226	5.02e-16	74.7
WP_011015020.1	WP_011013802.1	27.354	223	8.25e-16	74.3
WP_011015020.1	WP_003860245.1	26.877	253	3.18e-15	73.2
WP_011015020.1	WP_011265940.1	27.273	231	4.94e-15	72.0
WP_011015020.1	WP_011015284.1	29.911	224	5.01e-15	72.0
WP_011015020.1	WP_011013968.1	32.317	164	9.71e-15	73.6
WP_011015020.1	WP_011013985.1	31.818	176	1.17e-14	70.5
WP_011015020.1	WP_011013698.1	25.664	226	1.18e-14	70.9
WP_011015020.1	WP_003857431.1	29.108	213	2.74e-14	69.3
WP_011015020.1	WP_011014233.1	30.144	209	5.49e-14	71.2
WP_011015020.1	WP_011014233.1	25.630	238	1.34e-10	60.5
WP_011015020.1	WP_003861735.1	26.122	245	5.99e-14	69.3
WP_011015020.1	WP_003857536.1	24.554	224	1.26e-13	67.4
WP_011015020.1	WP_011013338.1	25.664	226	1.43e-13	67.8
WP_011015020.1	WP_003856445.1	28.571	231	2.59e-13	67.0
WP_011015020.1	WP_011013783.1	23.932	234	3.48e-13	66.2
WP_011015020.1	WP_011013333.1	32.317	164	3.83e-13	66.2
WP_011015020.1	WP_011013906.1	26.768	198	5.36e-13	65.9
WP_011015020.1	WP_003862124.1	30.172	232	1.89e-12	65.9
WP_011015020.1	WP_003862124.1	29.474	190	1.25e-07	50.8
WP_011015020.1	WP_011014154.1	32.370	173	2.18e-12	65.9
WP_011015020.1	WP_011014785.1	25.405	185	4.09e-12	62.8
WP_011015020.1	WP_011265694.1	23.517	472	4.88e-12	64.7
WP_011015020.1	WP_004567959.1	26.267	217	7.58e-12	63.2
WP_011015020.1	WP_011013996.1	25.000	204	1.02e-11	62.8
WP_011015020.1	WP_020948580.1	32.609	138	2.20e-11	62.8
WP_011015020.1	WP_011265741.1	37.864	103	4.75e-11	61.6
WP_011015020.1	WP_011013807.1	28.947	228	7.68e-11	59.3
WP_011015020.1	WP_011014000.1	42.029	69	8.34e-11	60.8
WP_011015020.1	WP_003856990.1	27.778	180	1.20e-10	58.9
WP_011015020.1	WP_011013984.1	27.000	200	2.33e-10	57.8
WP_011015020.1	WP_011013331.1	27.948	229	4.78e-09	53.5
WP_011015020.1	WP_011015133.1	24.631	203	7.01e-09	55.1
WP_011015020.1	WP_011015133.1	28.718	195	2.42e-07	50.1
WP_011015020.1	WP_011015345.1	26.702	191	1.75e-08	52.8
WP_011015020.1	WP_011013466.1	25.481	208	2.58e-08	52.0
WP_011015020.1	WP_011014910.1	25.670	261	5.36e-08	52.0
WP_011015020.1	WP_003856078.1	27.803	223	7.50e-08	50.4
WP_011015020.1	WP_011015221.1	29.577	213	3.93e-07	48.1
WP_011015020.1	WP_011014351.1	25.405	185	6.04e-07	48.5
WP_011015020.1	WP_011014089.1	29.070	172	8.05e-07	48.1
WP_011015020.1	WP_011014540.1	22.959	196	3.20e-06	44.7
WP_011015020.1	WP_011014110.1	29.323	133	3.66e-06	46.2
WP_011015021.1	WP_011015021.1	100.000	678	0.0	1363
WP_011015022.1	WP_011015022.1	100.000	393	0.0	804
WP_011015022.1	WP_041627491.1	33.728	169	1.95e-17	80.5
WP_011015024.1	WP_011015024.1	100.000	363	0.0	744
WP_011015026.1	WP_011015026.1	100.000	585	0.0	1129
WP_011015027.1	WP_011015027.1	100.000	188	7.41e-140	384
WP_011015028.1	WP_011015028.1	100.000	173	2.01e-125	346
WP_011015029.1	WP_011015029.1	100.000	368	0.0	754
WP_011015029.1	WP_011013907.1	20.690	319	2.24e-12	63.9
WP_011015029.1	WP_003862691.1	21.739	207	7.36e-12	62.8
WP_011015029.1	WP_006285864.1	20.388	309	1.44e-09	55.5
WP_011015030.1	WP_011015030.1	100.000	426	0.0	827
WP_011015031.1	WP_011015031.1	100.000	326	0.0	674
WP_011015031.1	WP_011015512.1	38.532	327	1.08e-68	214
WP_011015032.1	WP_011015032.1	100.000	615	0.0	1242
WP_011015032.1	WP_011265645.1	34.888	536	1.15e-89	286
WP_011015032.1	WP_011015047.1	31.944	576	2.03e-87	281
WP_011015033.1	WP_011015033.1	100.000	948	0.0	1962
WP_011015033.1	WP_003863441.1	29.104	134	4.97e-08	52.8
WP_011015035.1	WP_011015035.1	100.000	85	6.61e-59	171
WP_011015037.1	WP_011015037.1	100.000	503	0.0	1025
WP_011015037.1	WP_011265985.1	31.834	289	7.47e-22	95.1
WP_011015037.1	WP_011015076.1	25.348	359	4.25e-17	80.5
WP_011015037.1	WP_011015120.1	21.797	523	5.77e-16	77.0
WP_011015037.1	WP_011014806.1	23.220	323	2.80e-14	71.6
WP_011015038.1	WP_011015038.1	100.000	322	0.0	619
WP_011015038.1	WP_003853884.1	33.000	300	4.06e-46	155
WP_011015038.1	WP_003857497.1	33.654	312	1.07e-42	146
WP_011015038.1	WP_011015119.1	32.372	312	2.02e-37	132
WP_011015039.1	WP_011015039.1	100.000	276	0.0	534
WP_011015039.1	WP_006284211.1	36.214	243	4.42e-45	152
WP_011015039.1	WP_003863669.1	36.929	241	1.14e-42	144
WP_011015039.1	WP_011265986.1	34.513	226	4.49e-34	127
WP_011015040.1	WP_011015040.1	100.000	479	0.0	969
WP_011015040.1	WP_011014807.1	42.193	538	2.65e-127	379
WP_011015040.1	WP_011014807.1	35.793	271	6.82e-42	154
WP_011015040.1	WP_011015118.1	40.525	533	4.19e-116	348
WP_011015040.1	WP_011015118.1	39.004	241	1.68e-38	144
WP_011015040.1	WP_011265986.1	48.000	250	1.17e-60	207
WP_011015040.1	WP_011265986.1	40.088	227	5.36e-38	143
WP_011015040.1	WP_011015284.1	40.323	248	4.94e-55	182
WP_011015040.1	WP_011015284.1	38.938	226	1.86e-47	162
WP_011015040.1	WP_003854632.1	39.184	245	3.51e-45	158
WP_011015040.1	WP_003854632.1	32.877	292	2.12e-36	134
WP_011015040.1	WP_003855103.1	39.614	207	1.42e-35	129
WP_011015040.1	WP_003855103.1	36.538	208	7.33e-34	124
WP_011015040.1	WP_011014233.1	26.681	476	1.53e-34	132
WP_011015040.1	WP_011014233.1	27.350	234	2.91e-18	83.6
WP_011015040.1	WP_011014233.1	27.354	223	9.91e-11	60.1
WP_011015040.1	WP_003858826.1	31.890	254	8.44e-34	124
WP_011015040.1	WP_003858826.1	31.356	236	1.21e-22	93.6
WP_011015040.1	WP_003857431.1	34.177	237	1.65e-33	123
WP_011015040.1	WP_003857431.1	31.696	224	8.43e-23	93.6
WP_011015040.1	WP_011013479.1	35.065	231	1.78e-33	125
WP_011015040.1	WP_011013479.1	27.570	214	1.39e-15	73.9
WP_011015040.1	WP_011014212.1	33.632	223	4.88e-30	114
WP_011015040.1	WP_011014212.1	32.301	226	1.73e-23	95.5
WP_011015040.1	WP_011013783.1	33.478	230	2.77e-28	108
WP_011015040.1	WP_011013783.1	31.250	208	3.58e-23	94.7
WP_011015040.1	WP_011013968.1	25.567	485	5.86e-28	113
WP_011015040.1	WP_011013968.1	32.843	204	4.67e-22	95.9
WP_011015040.1	WP_011013851.1	32.035	231	7.07e-27	107
WP_011015040.1	WP_011013851.1	31.122	196	6.41e-17	78.2
WP_011015040.1	WP_011015140.1	30.612	245	7.09e-27	108
WP_011015040.1	WP_011015140.1	28.634	227	4.21e-19	85.5
WP_011015040.1	WP_011013642.1	34.742	213	9.31e-27	107
WP_011015040.1	WP_011013642.1	28.807	243	1.68e-21	92.0
WP_011015040.1	WP_011013338.1	34.201	269	1.79e-26	104
WP_011015040.1	WP_011013338.1	33.175	211	3.36e-18	80.9
WP_011015040.1	WP_011013802.1	31.203	266	2.01e-26	104
WP_011015040.1	WP_011013802.1	33.036	224	3.24e-24	98.6
WP_011015040.1	WP_003862124.1	26.174	447	2.90e-25	104
WP_011015040.1	WP_003862124.1	33.158	190	1.16e-13	68.9
WP_011015040.1	WP_003862124.1	32.292	192	1.40e-12	65.9
WP_011015040.1	WP_011014850.1	30.222	225	4.04e-25	101
WP_011015040.1	WP_011014850.1	30.290	241	7.03e-18	80.5
WP_011015040.1	WP_003857536.1	32.579	221	5.05e-25	99.8
WP_011015040.1	WP_003857536.1	30.583	206	4.26e-21	88.6
WP_011015040.1	WP_011013931.1	36.893	206	6.20e-25	99.4
WP_011015040.1	WP_011013931.1	35.922	206	1.82e-22	92.4
WP_011015040.1	WP_011013466.1	33.831	201	6.69e-25	100
WP_011015040.1	WP_011013466.1	28.155	206	1.88e-10	57.8
WP_011015040.1	WP_011014327.1	31.140	228	6.73e-25	102
WP_011015040.1	WP_011014327.1	25.446	224	2.51e-12	64.7
WP_011015040.1	WP_011013807.1	31.128	257	1.73e-23	96.3
WP_011015040.1	WP_011013807.1	33.188	229	2.85e-21	89.7
WP_011015040.1	WP_003858089.1	30.137	219	2.10e-23	95.1
WP_011015040.1	WP_003858089.1	31.905	210	1.73e-16	75.1
WP_011015040.1	WP_011013996.1	29.596	223	2.79e-23	96.7
WP_011015040.1	WP_011013996.1	33.333	216	1.10e-17	80.1
WP_011015040.1	WP_011014379.1	30.488	246	1.16e-22	94.0
WP_011015040.1	WP_011014379.1	30.544	239	1.12e-15	73.6
WP_011015040.1	WP_003860245.1	29.218	243	5.44e-22	92.4
WP_011015040.1	WP_003860245.1	29.126	206	1.12e-13	67.8
WP_011015040.1	WP_011015133.1	25.341	513	7.87e-22	94.7
WP_011015040.1	WP_011015133.1	28.634	227	1.98e-11	62.4
WP_011015040.1	WP_011015133.1	24.171	211	1.51e-08	53.1
WP_011015040.1	WP_011015345.1	31.416	226	2.42e-21	90.9
WP_011015040.1	WP_011015345.1	31.696	224	6.59e-17	77.8
WP_011015040.1	WP_011013985.1	28.390	236	3.45e-21	89.0
WP_011015040.1	WP_011013985.1	24.215	223	8.44e-12	61.6
WP_011015040.1	WP_011014492.1	30.045	223	1.52e-20	87.4
WP_011015040.1	WP_011014492.1	29.185	233	1.92e-16	75.5
WP_011015040.1	WP_004567959.1	28.169	213	1.03e-19	85.9
WP_011015040.1	WP_004567959.1	26.106	226	1.27e-14	70.9
WP_011015040.1	WP_003861735.1	29.832	238	1.04e-19	85.9
WP_011015040.1	WP_003861735.1	26.724	232	4.61e-09	53.9
WP_011015040.1	WP_011013712.1	22.044	499	3.27e-19	86.7
WP_011015040.1	WP_011013712.1	28.986	207	1.57e-14	72.4
WP_011015040.1	WP_011013712.1	27.074	229	3.25e-11	61.6
WP_011015040.1	WP_011013622.1	28.261	230	3.73e-19	84.0
WP_011015040.1	WP_011013622.1	27.189	217	1.16e-14	70.5
WP_011015040.1	WP_011015020.1	29.615	260	5.43e-19	86.3
WP_011015040.1	WP_011015020.1	28.899	218	3.99e-11	61.6
WP_011015040.1	WP_011265940.1	28.241	216	9.91e-19	82.4
WP_011015040.1	WP_011265940.1	23.744	219	2.19e-07	48.5
WP_011015040.1	WP_011013333.1	29.146	199	1.63e-18	81.6
WP_011015040.1	WP_011013333.1	29.412	187	9.09e-11	58.5
WP_011015040.1	WP_011015221.1	31.579	247	2.49e-18	81.3
WP_011015040.1	WP_011015221.1	29.020	255	7.46e-10	55.8
WP_011015040.1	WP_011014139.1	27.111	225	1.04e-17	82.8
WP_011015040.1	WP_011014139.1	27.706	231	6.57e-14	70.9
WP_011015040.1	WP_011014139.1	30.380	237	1.53e-12	66.2
WP_011015040.1	WP_011014139.1	29.082	196	1.59e-08	53.5
WP_011015040.1	WP_011013698.1	33.333	201	1.38e-17	79.0
WP_011015040.1	WP_011013698.1	26.549	226	1.60e-16	75.9
WP_011015040.1	WP_003856445.1	27.155	232	2.75e-17	78.2
WP_011015040.1	WP_003856445.1	27.839	273	2.81e-16	75.5
WP_011015040.1	WP_011014374.1	29.694	229	1.11e-16	76.3
WP_011015040.1	WP_011014374.1	27.511	229	2.55e-16	75.1
WP_011015040.1	WP_011014450.1	26.407	231	2.93e-16	76.3
WP_011015040.1	WP_011014450.1	29.268	205	1.56e-13	68.2
WP_011015040.1	WP_003856990.1	25.652	230	2.94e-15	72.4
WP_011015040.1	WP_003856990.1	27.778	216	6.28e-11	59.3
WP_011015040.1	WP_011014785.1	30.939	181	3.05e-15	71.6
WP_011015040.1	WP_011014785.1	28.729	181	1.35e-09	54.7
WP_011015040.1	WP_011013984.1	26.432	227	4.93e-15	71.2
WP_011015040.1	WP_011013984.1	27.731	238	3.83e-11	59.7
WP_011015040.1	WP_011015261.1	31.925	213	5.63e-15	70.9
WP_011015040.1	WP_011015261.1	29.146	199	7.02e-09	52.8
WP_011015040.1	WP_011014443.1	25.112	223	5.68e-15	73.6
WP_011015040.1	WP_011014443.1	30.055	183	1.35e-14	72.4
WP_011015040.1	WP_011014443.1	25.194	258	1.27e-09	56.6
WP_011015040.1	WP_011014443.1	26.042	192	2.49e-08	52.4
WP_011015040.1	WP_011013331.1	27.619	210	1.22e-13	66.6
WP_011015040.1	WP_011013331.1	29.167	216	2.76e-09	53.9
WP_011015040.1	WP_011013906.1	23.182	220	2.21e-13	66.6
WP_011015040.1	WP_011013906.1	31.579	95	1.64e-12	63.9
WP_011015040.1	WP_011014089.1	29.108	213	1.04e-12	66.2
WP_011015040.1	WP_011014089.1	26.887	212	4.72e-09	54.7
WP_011015040.1	WP_011014089.1	26.702	191	1.42e-06	47.0
WP_011015040.1	WP_011014216.1	25.628	199	4.43e-12	63.2
WP_011015040.1	WP_011014216.1	26.906	223	1.03e-09	55.8
WP_011015040.1	WP_011014011.1	29.167	240	4.72e-12	64.7
WP_011015040.1	WP_011014011.1	25.498	251	2.44e-11	62.4
WP_011015040.1	WP_011265658.1	30.837	227	4.75e-12	64.3
WP_011015040.1	WP_011014910.1	28.205	234	7.48e-12	63.5
WP_011015040.1	WP_011014910.1	27.311	238	3.49e-10	58.5
WP_011015040.1	WP_011014910.1	27.485	171	6.16e-09	54.3
WP_011015040.1	WP_011014910.1	25.000	160	7.76e-07	47.8
WP_011015040.1	WP_011014540.1	27.179	195	2.19e-11	59.7
WP_011015040.1	WP_011014540.1	23.711	194	4.25e-08	50.1
WP_011015040.1	WP_011014012.1	32.105	190	3.78e-11	61.6
WP_011015040.1	WP_011014012.1	32.484	157	1.46e-08	53.1
WP_011015040.1	WP_020948580.1	38.532	109	1.72e-10	59.3
WP_011015040.1	WP_020948580.1	44.681	47	1.72e-06	46.6
WP_011015040.1	WP_011014351.1	25.893	224	1.01e-09	57.0
WP_011015040.1	WP_011014351.1	25.121	207	3.25e-07	48.9
WP_011015040.1	WP_011014110.1	34.091	88	4.96e-09	55.1
WP_011015040.1	WP_011014110.1	32.203	118	2.46e-08	52.8
WP_011015040.1	WP_011014362.1	26.407	231	5.73e-08	51.6
WP_011015040.1	WP_011014362.1	27.485	171	5.97e-07	48.1
WP_011015040.1	WP_011266014.1	28.758	153	1.77e-07	49.3
WP_011015040.1	WP_011266014.1	22.727	330	8.95e-07	47.0
WP_011015040.1	WP_011014865.1	34.066	182	1.98e-07	49.7
WP_011015040.1	WP_011265741.1	53.846	39	8.02e-07	47.8
WP_011015040.1	WP_011265741.1	36.471	85	2.42e-06	46.2
WP_011015040.1	WP_011014319.1	28.632	234	3.14e-06	46.2
WP_011015040.1	WP_011014424.1	28.216	241	3.28e-06	45.8
WP_011015041.1	WP_011015041.1	100.000	301	0.0	588
WP_011015041.1	WP_011014310.1	59.459	296	3.38e-117	336
WP_011015041.1	WP_011014765.1	34.444	90	4.72e-06	43.9
WP_011015044.1	WP_011015044.1	100.000	739	0.0	1526
WP_011015045.1	WP_011015045.1	100.000	190	3.13e-137	377
WP_011015046.1	WP_011015046.1	100.000	220	1.74e-165	451
WP_011015047.1	WP_011015047.1	100.000	630	0.0	1266
WP_011015047.1	WP_011265645.1	41.123	552	5.69e-135	404
WP_011015047.1	WP_011015032.1	32.118	576	4.67e-92	293
WP_011015048.1	WP_011015048.1	100.000	332	0.0	685
WP_011015048.1	WP_227747738.1	31.683	202	4.78e-23	92.4
WP_011015049.1	WP_011015049.1	100.000	534	0.0	1075
WP_011015050.1	WP_011015050.1	100.000	128	1.15e-90	255
WP_011015051.1	WP_011015051.1	100.000	437	0.0	843
WP_011015051.1	WP_004567745.1	25.954	131	1.42e-07	49.7
WP_011015052.1	WP_011015052.1	100.000	173	6.74e-125	345
WP_011015054.1	WP_011015054.1	100.000	615	0.0	1266
WP_011015054.1	WP_011014121.1	28.463	527	1.32e-34	135
WP_011015054.1	WP_011013982.1	31.217	189	1.43e-22	98.2
WP_011015054.1	WP_011013694.1	35.897	156	1.26e-19	89.4
WP_011015054.1	WP_011013694.1	23.009	226	6.49e-10	58.5
WP_011015054.1	WP_011014802.1	26.293	232	5.70e-12	65.1
WP_011015054.1	WP_011013696.1	28.685	251	1.68e-08	53.1
WP_011015054.1	WP_003862775.1	29.333	150	2.29e-08	53.1
WP_011015055.1	WP_011015055.1	100.000	223	3.28e-160	438
WP_011015055.1	WP_011013426.1	32.353	204	8.21e-31	110
WP_011015055.1	WP_011015285.1	28.502	207	6.67e-15	67.4
WP_011015057.1	WP_011015057.1	100.000	331	0.0	667
WP_011015058.1	WP_011015058.1	100.000	554	0.0	1100
WP_011015059.1	WP_011015059.1	100.000	217	4.05e-158	432
WP_011015059.1	WP_011014841.1	38.983	59	7.87e-08	48.5
WP_011015060.1	WP_011015060.1	100.000	274	0.0	555
WP_011015061.1	WP_011015061.1	100.000	218	1.38e-165	451
WP_011015062.1	WP_011015062.1	100.000	341	0.0	699
WP_011015063.1	WP_011015063.1	100.000	369	0.0	738
WP_011015064.1	WP_011015064.1	100.000	501	0.0	1005
WP_011015064.1	WP_011014061.1	30.469	128	8.58e-13	66.2
WP_011015065.1	WP_011015065.1	100.000	659	0.0	1320
WP_011015065.1	WP_011014768.1	31.095	402	9.25e-23	97.8
WP_011015067.1	WP_011015067.1	100.000	207	5.73e-154	421
WP_011015068.1	WP_011015068.1	100.000	1021	0.0	2036
WP_011015069.1	WP_011015069.1	100.000	245	0.0	493
WP_011015071.1	WP_011015071.1	100.000	436	0.0	907
WP_011015071.1	WP_011014093.1	99.771	436	0.0	905
WP_011015071.1	WP_227747642.1	75.714	70	8.28e-31	110
WP_011015071.1	WP_011013595.1	58.491	53	2.29e-15	66.6
WP_011015073.1	WP_011015073.1	100.000	106	3.63e-72	206
WP_011015075.1	WP_011015075.1	100.000	903	0.0	1854
WP_011015075.1	WP_011014916.1	24.728	918	2.20e-42	164
WP_011015076.1	WP_011015076.1	100.000	525	0.0	1070
WP_011015076.1	WP_011014806.1	56.911	492	0.0	577
WP_011015076.1	WP_011015037.1	26.000	300	6.45e-17	79.7
WP_011015076.1	WP_011265985.1	22.973	444	9.02e-13	67.0
WP_011015076.1	WP_011015120.1	22.263	539	4.35e-10	58.5
WP_011015077.1	WP_011015077.1	100.000	484	0.0	971
WP_011015077.1	WP_011015390.1	27.671	365	1.28e-19	88.2
WP_011015078.1	WP_011015078.1	100.000	195	1.88e-144	396
WP_011015078.1	WP_003863794.1	28.161	174	1.12e-07	47.0
WP_011015079.1	WP_011015079.1	100.000	328	0.0	662
WP_011015079.1	WP_011015483.1	24.901	253	9.06e-07	46.2
WP_011015080.1	WP_011015080.1	100.000	259	0.0	528
WP_011015080.1	WP_011014009.1	39.130	46	5.34e-06	42.7
WP_011015082.1	WP_011015082.1	100.000	376	0.0	791
WP_011015082.1	WP_011015094.1	28.025	157	4.27e-08	51.2
WP_011015083.1	WP_011015083.1	100.000	446	0.0	877
WP_011015083.1	WP_011015098.1	28.641	412	6.15e-34	129
WP_011015083.1	WP_003861178.1	28.900	391	1.91e-32	124
WP_011015083.1	WP_011014103.1	29.058	382	9.82e-29	114
WP_011015083.1	WP_011015577.1	25.320	391	1.01e-24	102
WP_011015083.1	WP_011013450.1	25.352	355	4.05e-13	67.4
WP_011015083.1	WP_003859734.1	30.719	153	1.65e-09	56.2
WP_011015083.1	WP_003862889.1	26.144	153	8.69e-09	53.5
WP_011015083.1	WP_011013531.1	35.200	125	2.52e-08	52.4
WP_011015083.1	WP_011013368.1	31.387	137	5.26e-07	48.1
WP_011015083.1	WP_011014092.1	24.852	169	9.72e-06	43.9
WP_011015084.1	WP_011015084.1	100.000	310	0.0	599
WP_011015084.1	WP_003859408.1	34.076	314	8.87e-53	172
WP_011015085.1	WP_011015085.1	100.000	426	0.0	858
WP_011015086.1	WP_011015086.1	100.000	362	0.0	746
WP_011015087.1	WP_011015087.1	100.000	255	0.0	508
WP_011015087.1	WP_011266064.1	26.697	221	9.39e-15	69.7
WP_011015087.1	WP_011014280.1	30.000	200	8.89e-11	57.0
WP_011015087.1	WP_011013727.1	21.226	212	5.64e-07	45.8
WP_011015087.1	WP_004567940.1	24.057	212	2.43e-06	43.9
WP_011015088.1	WP_011015088.1	100.000	251	0.0	511
WP_011015089.1	WP_011015089.1	100.000	687	0.0	1397
WP_011015089.1	WP_011265935.1	35.845	491	1.48e-83	279
WP_011015089.1	WP_011265935.1	22.368	228	2.72e-08	53.5
WP_011015089.1	WP_003862544.1	50.000	48	6.85e-08	50.1
WP_011015090.1	WP_011015090.1	100.000	372	0.0	752
WP_011015090.1	WP_011014843.1	32.542	295	2.01e-34	128
WP_011015091.1	WP_011015091.1	100.000	388	0.0	809
WP_011015091.1	WP_011015161.1	38.583	381	4.24e-91	276
WP_011015091.1	WP_011014124.1	38.158	380	5.92e-90	273
WP_011015091.1	WP_230622908.1	30.491	387	4.62e-49	167
WP_011015091.1	WP_006283678.1	28.000	375	3.24e-42	148
WP_011015092.1	WP_011015092.1	100.000	373	0.0	749
WP_011015093.1	WP_011015093.1	100.000	285	0.0	589
WP_011015093.1	WP_011015596.1	33.898	177	1.71e-25	99.4
WP_011015093.1	WP_003854925.1	33.898	177	1.31e-24	97.1
WP_011015093.1	WP_003859237.1	29.545	132	2.06e-06	44.3
WP_011015094.1	WP_011015094.1	100.000	497	0.0	1046
WP_011015094.1	WP_011015082.1	28.025	157	4.98e-08	51.2
WP_011015095.1	WP_011015095.1	100.000	164	6.60e-122	337
WP_011015096.1	WP_011015096.1	100.000	276	0.0	558
WP_011015096.1	WP_011014905.1	25.856	263	1.03e-15	72.0
WP_011015096.1	WP_011015298.1	29.457	258	1.33e-15	71.2
WP_011015096.1	WP_011013723.1	28.626	262	3.30e-14	67.0
WP_011015096.1	WP_011015148.1	30.631	222	2.65e-12	62.0
WP_011015096.1	WP_011013534.1	24.521	261	5.66e-10	55.5
WP_011015096.1	WP_011015594.1	27.778	180	2.71e-06	43.9
WP_011015098.1	WP_011015098.1	100.000	446	0.0	871
WP_011015098.1	WP_011014103.1	35.109	413	7.09e-60	198
WP_011015098.1	WP_011015577.1	33.248	391	3.76e-57	191
WP_011015098.1	WP_011015083.1	28.795	448	8.19e-31	120
WP_011015098.1	WP_003861178.1	25.693	397	4.29e-26	106
WP_011015098.1	WP_011013450.1	28.947	342	1.71e-17	80.9
WP_011015098.1	WP_011015598.1	24.272	412	1.43e-11	62.4
WP_011015098.1	WP_011013563.1	43.836	73	4.91e-07	48.1
WP_011015098.1	WP_041625642.1	32.787	122	1.39e-06	46.6
WP_011015098.1	WP_011014092.1	28.346	127	3.08e-06	45.4
WP_011015098.1	WP_011015605.1	25.333	225	6.23e-06	44.7
WP_011015099.1	WP_011015099.1	100.000	414	0.0	804
WP_011015100.1	WP_011015100.1	100.000	165	3.44e-124	342
WP_011015101.1	WP_011015101.1	100.000	342	0.0	697
WP_011015102.1	WP_011015102.1	100.000	152	7.15e-111	308
WP_011015102.1	WP_011013809.1	29.921	127	3.69e-07	44.7
WP_011015105.1	WP_011015105.1	100.000	295	0.0	589
WP_011015106.1	WP_011015106.1	100.000	232	6.54e-161	441
WP_011015107.1	WP_011015107.1	100.000	203	4.60e-153	419
WP_011015108.1	WP_011015108.1	100.000	867	0.0	1778
WP_011015108.1	WP_011013579.1	26.646	319	1.93e-13	69.7
WP_011015109.1	WP_011015109.1	100.000	361	0.0	744
WP_011015111.1	WP_011015111.1	100.000	222	5.77e-164	448
WP_011015112.1	WP_011015112.1	100.000	52	2.22e-32	102
WP_011015116.1	WP_011015116.1	100.000	373	0.0	722
WP_011015116.1	WP_011014147.1	27.604	192	1.04e-10	59.3
WP_011015116.1	WP_011015500.1	23.958	288	7.18e-09	53.5
WP_011015116.1	WP_011015167.1	27.660	141	6.69e-07	47.4
WP_011015116.1	WP_003854772.1	23.164	177	2.54e-06	45.4
WP_011015117.1	WP_011015117.1	100.000	411	0.0	834
WP_011015118.1	WP_011015118.1	100.000	547	0.0	1102
WP_011015118.1	WP_011014807.1	47.016	553	1.57e-170	492
WP_011015118.1	WP_011014807.1	45.344	247	2.67e-53	187
WP_011015118.1	WP_011015040.1	40.525	533	2.25e-120	360
WP_011015118.1	WP_011015040.1	39.004	241	2.22e-41	152
WP_011015118.1	WP_011265986.1	42.754	276	7.97e-63	214
WP_011015118.1	WP_011265986.1	39.224	232	2.30e-41	154
WP_011015118.1	WP_011015284.1	43.478	230	6.63e-56	186
WP_011015118.1	WP_011015284.1	37.736	265	1.57e-52	176
WP_011015118.1	WP_003854632.1	38.655	238	1.23e-44	158
WP_011015118.1	WP_003854632.1	36.237	287	1.69e-41	149
WP_011015118.1	WP_011013642.1	34.426	244	8.08e-34	128
WP_011015118.1	WP_011013642.1	26.848	257	4.56e-19	85.1
WP_011015118.1	WP_003857431.1	34.025	241	1.19e-33	124
WP_011015118.1	WP_003857431.1	34.335	233	1.35e-32	122
WP_011015118.1	WP_011013479.1	34.199	231	7.99e-33	124
WP_011015118.1	WP_011013479.1	34.956	226	1.37e-20	89.0
WP_011015118.1	WP_003862124.1	26.294	483	9.69e-33	127
WP_011015118.1	WP_003862124.1	30.097	206	4.95e-14	70.5
WP_011015118.1	WP_003858826.1	33.198	247	2.04e-32	121
WP_011015118.1	WP_003858826.1	32.479	234	8.66e-31	117
WP_011015118.1	WP_003855103.1	33.476	233	1.12e-31	119
WP_011015118.1	WP_003855103.1	32.558	215	7.82e-27	105
WP_011015118.1	WP_011013783.1	32.189	233	1.39e-30	116
WP_011015118.1	WP_011013783.1	32.143	224	1.93e-23	95.9
WP_011015118.1	WP_011013851.1	32.143	224	9.52e-30	116
WP_011015118.1	WP_011013851.1	28.333	240	1.47e-20	89.4
WP_011015118.1	WP_011014327.1	31.801	261	2.83e-29	116
WP_011015118.1	WP_011014327.1	26.772	254	8.91e-19	85.1
WP_011015118.1	WP_011013931.1	37.021	235	7.82e-29	110
WP_011015118.1	WP_011013931.1	35.829	187	1.27e-21	90.1
WP_011015118.1	WP_011015140.1	31.532	222	1.11e-27	111
WP_011015118.1	WP_011015140.1	27.376	263	4.86e-20	88.6
WP_011015118.1	WP_011013712.1	26.594	549	7.51e-27	110
WP_011015118.1	WP_011014233.1	25.486	514	5.51e-26	108
WP_011015118.1	WP_011013802.1	31.250	224	3.22e-25	101
WP_011015118.1	WP_011013802.1	30.876	217	1.21e-21	91.3
WP_011015118.1	WP_011013984.1	30.667	225	7.72e-23	94.4
WP_011015118.1	WP_003856445.1	30.364	247	8.94e-23	94.7
WP_011015118.1	WP_003856445.1	32.127	221	4.91e-21	89.7
WP_011015118.1	WP_003860245.1	31.858	226	1.76e-22	94.4
WP_011015118.1	WP_003860245.1	31.609	174	8.73e-17	77.4
WP_011015118.1	WP_011014379.1	30.672	238	1.29e-21	91.3
WP_011015118.1	WP_011014379.1	31.020	245	6.84e-18	80.5
WP_011015118.1	WP_003858089.1	32.683	205	8.62e-21	87.8
WP_011015118.1	WP_003858089.1	31.081	222	3.03e-18	80.5
WP_011015118.1	WP_011014850.1	28.205	234	9.18e-21	89.4
WP_011015118.1	WP_011014850.1	28.958	259	4.26e-20	87.4
WP_011015118.1	WP_011013338.1	30.645	248	1.30e-20	88.2
WP_011015118.1	WP_011013338.1	28.019	207	2.28e-17	78.6
WP_011015118.1	WP_011014012.1	31.556	225	4.53e-20	90.1
WP_011015118.1	WP_011014012.1	30.603	232	4.82e-13	67.8
WP_011015118.1	WP_003857536.1	30.579	242	1.24e-19	84.7
WP_011015118.1	WP_003857536.1	29.469	207	6.44e-19	82.4
WP_011015118.1	WP_011015020.1	31.618	272	1.30e-19	89.0
WP_011015118.1	WP_011015020.1	28.340	247	1.05e-14	73.2
WP_011015118.1	WP_011014212.1	29.358	218	3.21e-19	83.6
WP_011015118.1	WP_011014212.1	32.673	202	9.73e-19	82.4
WP_011015118.1	WP_011265940.1	31.959	194	4.16e-19	84.0
WP_011015118.1	WP_011265940.1	26.872	227	2.01e-15	72.8
WP_011015118.1	WP_011013985.1	28.037	214	4.57e-19	83.2
WP_011015118.1	WP_011013985.1	26.848	257	3.37e-16	74.7
WP_011015118.1	WP_011013333.1	31.556	225	6.34e-19	83.2
WP_011015118.1	WP_011013333.1	26.809	235	7.37e-12	62.4
WP_011015118.1	WP_011013968.1	25.430	523	1.25e-18	85.5
WP_011015118.1	WP_011014450.1	30.508	236	1.93e-18	83.2
WP_011015118.1	WP_011014450.1	30.085	236	7.87e-16	75.5
WP_011015118.1	WP_011013807.1	32.258	248	2.24e-18	81.6
WP_011015118.1	WP_011013807.1	31.982	222	6.33e-14	68.6
WP_011015118.1	WP_011013906.1	26.906	223	2.39e-18	81.3
WP_011015118.1	WP_011013906.1	25.523	239	6.58e-16	74.3
WP_011015118.1	WP_011014492.1	31.140	228	1.21e-17	79.3
WP_011015118.1	WP_011014492.1	29.515	227	1.52e-17	79.0
WP_011015118.1	WP_011015221.1	30.943	265	5.35e-17	77.4
WP_011015118.1	WP_011015221.1	30.488	246	2.21e-16	75.9
WP_011015118.1	WP_011013331.1	32.906	234	6.74e-17	76.3
WP_011015118.1	WP_011013331.1	28.571	196	1.69e-11	60.5
WP_011015118.1	WP_011014139.1	30.332	211	1.42e-16	79.7
WP_011015118.1	WP_011014139.1	26.984	252	6.07e-14	71.2
WP_011015118.1	WP_011014139.1	28.311	219	3.18e-13	68.9
WP_011015118.1	WP_011014139.1	25.743	202	1.10e-06	47.8
WP_011015118.1	WP_004567959.1	27.612	268	4.98e-16	75.5
WP_011015118.1	WP_004567959.1	28.708	209	8.21e-16	74.7
WP_011015118.1	WP_011014011.1	29.018	224	1.34e-15	76.3
WP_011015118.1	WP_011014011.1	26.383	235	2.62e-10	59.3
WP_011015118.1	WP_011013698.1	29.224	219	1.40e-15	73.6
WP_011015118.1	WP_011013698.1	28.571	210	2.91e-15	72.4
WP_011015118.1	WP_011015345.1	27.230	213	4.80e-15	72.8
WP_011015118.1	WP_011015345.1	28.452	239	2.39e-14	70.5
WP_011015118.1	WP_011015133.1	23.748	539	5.29e-15	73.9
WP_011015118.1	WP_011014785.1	30.890	191	1.36e-14	69.7
WP_011015118.1	WP_011014785.1	28.736	174	8.61e-11	58.5
WP_011015118.1	WP_011013622.1	25.000	212	1.41e-13	67.8
WP_011015118.1	WP_011013622.1	24.153	236	2.93e-10	57.8
WP_011015118.1	WP_011013996.1	27.615	239	1.80e-13	67.8
WP_011015118.1	WP_011013996.1	25.604	207	1.58e-11	62.0
WP_011015118.1	WP_011014374.1	25.940	266	2.11e-13	66.6
WP_011015118.1	WP_011014374.1	35.976	164	2.00e-12	63.9
WP_011015118.1	WP_003861735.1	23.846	260	7.28e-13	65.9
WP_011015118.1	WP_003861735.1	25.969	258	9.90e-11	59.3
WP_011015118.1	WP_003856990.1	27.650	217	7.65e-13	65.5
WP_011015118.1	WP_003856990.1	24.528	212	5.93e-10	56.6
WP_011015118.1	WP_003856078.1	29.596	223	2.77e-11	60.5
WP_011015118.1	WP_003856078.1	23.932	234	7.28e-10	56.2
WP_011015118.1	WP_011015261.1	27.711	249	3.12e-10	57.0
WP_011015118.1	WP_011015261.1	25.561	223	2.05e-06	45.4
WP_011015118.1	WP_011014865.1	34.872	195	4.03e-10	58.5
WP_011015118.1	WP_011014443.1	24.554	224	4.73e-09	55.1
WP_011015118.1	WP_011014362.1	25.991	227	1.07e-08	53.9
WP_011015118.1	WP_011014362.1	24.590	244	1.16e-06	47.4
WP_011015118.1	WP_011014216.1	25.731	171	1.39e-08	52.8
WP_011015118.1	WP_011014540.1	24.084	191	3.22e-08	50.4
WP_011015118.1	WP_011013466.1	23.276	232	4.46e-08	50.8
WP_011015118.1	WP_011014910.1	29.237	236	5.80e-08	51.6
WP_011015118.1	WP_011265869.1	26.872	227	6.16e-08	51.6
WP_011015118.1	WP_011265869.1	26.630	184	6.71e-08	51.6
WP_011015118.1	WP_011014424.1	27.511	229	1.34e-07	50.4
WP_011015118.1	WP_011265658.1	28.302	159	6.31e-07	48.5
WP_011015118.1	WP_020948580.1	39.583	48	5.83e-06	45.4
WP_011015118.1	WP_011014351.1	26.977	215	6.21e-06	45.1
WP_011015119.1	WP_011015119.1	100.000	313	0.0	603
WP_011015119.1	WP_003857497.1	31.392	309	4.58e-41	141
WP_011015119.1	WP_003853884.1	29.721	323	5.16e-39	136
WP_011015119.1	WP_011015038.1	31.410	312	7.86e-31	115
WP_011015120.1	WP_011015120.1	100.000	569	0.0	1169
WP_011015120.1	WP_011015037.1	22.159	528	5.41e-17	80.1
WP_011015120.1	WP_011015076.1	23.118	558	1.76e-13	69.3
WP_011015120.1	WP_011265985.1	25.316	237	4.24e-09	55.5
WP_011015121.1	WP_011015121.1	100.000	647	0.0	1308
WP_011015122.1	WP_011015122.1	100.000	456	0.0	933
WP_011015122.1	WP_011014334.1	31.773	406	3.13e-53	180
WP_011015122.1	WP_011015243.1	29.398	432	3.10e-41	148
WP_011015122.1	WP_011013682.1	32.220	419	4.59e-36	135
WP_011015122.1	WP_011265562.1	28.947	304	1.34e-19	87.0
WP_011015123.1	WP_011015123.1	100.000	517	0.0	1053
WP_011015123.1	WP_011015008.1	97.679	517	0.0	1030
WP_011015123.1	WP_011013981.1	96.132	517	0.0	1012
WP_011015123.1	WP_011015456.1	37.284	464	5.30e-84	264
WP_011015123.1	WP_011014124.1	35.088	57	5.24e-06	45.1
WP_011015123.1	WP_011015161.1	35.088	57	6.52e-06	44.7
WP_011015124.1	WP_011015124.1	100.000	249	0.0	503
WP_011015124.1	WP_011013527.1	28.188	149	6.26e-16	70.9
WP_011015124.1	WP_011013926.1	25.694	144	4.20e-06	42.7
WP_011015125.1	WP_011015125.1	100.000	236	2.03e-175	478
WP_011015125.1	WP_003856628.1	28.085	235	2.24e-13	64.3
WP_011015125.1	WP_011015148.1	25.946	185	6.18e-11	57.4
WP_011015125.1	WP_011013723.1	29.333	150	1.93e-06	43.9
WP_011015125.1	WP_011014905.1	23.267	202	3.45e-06	43.5
WP_011015126.1	WP_011015126.1	100.000	246	0.0	499
WP_011015126.1	WP_011014884.1	44.000	50	5.53e-07	45.1
WP_011015127.1	WP_011015127.1	100.000	386	0.0	796
WP_011015127.1	WP_003854667.1	33.174	419	8.45e-64	207
WP_011015127.1	WP_011015376.1	33.245	376	1.31e-56	186
WP_011015129.1	WP_011015129.1	100.000	131	5.78e-99	276
WP_011015130.1	WP_011015130.1	100.000	376	0.0	724
WP_011015133.1	WP_011015133.1	100.000	556	0.0	1140
WP_011015133.1	WP_011013968.1	34.011	541	3.13e-93	294
WP_011015133.1	WP_011014443.1	31.102	508	2.50e-61	208
WP_011015133.1	WP_011014443.1	30.000	210	1.70e-15	75.5
WP_011015133.1	WP_011014443.1	28.571	217	9.92e-12	63.5
WP_011015133.1	WP_011014910.1	29.282	543	1.27e-55	192
WP_011015133.1	WP_011014910.1	27.757	263	1.42e-19	88.6
WP_011015133.1	WP_011014089.1	29.273	509	2.50e-52	184
WP_011015133.1	WP_011014089.1	28.629	248	6.63e-15	73.9
WP_011015133.1	WP_011014351.1	25.483	518	5.43e-36	137
WP_011015133.1	WP_011014351.1	29.146	199	2.54e-14	72.0
WP_011015133.1	WP_011015040.1	25.341	513	4.78e-26	107
WP_011015133.1	WP_011015040.1	27.542	236	3.39e-14	71.2
WP_011015133.1	WP_011015040.1	24.171	211	2.29e-08	52.8
WP_011015133.1	WP_011014807.1	22.785	553	3.75e-23	99.8
WP_011015133.1	WP_011014807.1	23.529	238	1.24e-09	57.0
WP_011015133.1	WP_011014807.1	26.721	247	2.89e-07	49.7
WP_011015133.1	WP_011013906.1	29.630	243	3.12e-19	84.0
WP_011015133.1	WP_011013906.1	27.778	234	7.75e-17	77.0
WP_011015133.1	WP_003854632.1	28.070	228	5.41e-19	85.1
WP_011015133.1	WP_003854632.1	25.283	265	3.15e-08	52.0
WP_011015133.1	WP_011014212.1	29.259	270	6.51e-19	82.8
WP_011015133.1	WP_011014212.1	30.769	156	5.72e-13	65.5
WP_011015133.1	WP_011014492.1	27.230	213	8.14e-18	79.7
WP_011015133.1	WP_011014492.1	26.778	239	1.00e-15	73.6
WP_011015133.1	WP_011015118.1	23.748	539	2.85e-17	81.3
WP_011015133.1	WP_011015118.1	20.354	226	1.94e-08	53.1
WP_011015133.1	WP_011013802.1	26.667	240	8.89e-17	77.0
WP_011015133.1	WP_011013802.1	26.267	217	9.14e-13	65.1
WP_011015133.1	WP_003858826.1	26.984	252	1.17e-16	76.6
WP_011015133.1	WP_003858826.1	23.810	210	2.17e-11	60.8
WP_011015133.1	WP_011013479.1	28.042	189	1.18e-16	77.4
WP_011015133.1	WP_011013479.1	27.607	163	2.47e-13	67.4
WP_011015133.1	WP_011015284.1	26.201	229	3.99e-16	75.1
WP_011015133.1	WP_011015284.1	28.634	227	1.18e-14	70.9
WP_011015133.1	WP_003861735.1	24.891	229	6.01e-16	75.1
WP_011015133.1	WP_003861735.1	25.225	222	1.06e-10	59.3
WP_011015133.1	WP_011013807.1	28.111	217	6.35e-16	74.3
WP_011015133.1	WP_011013807.1	28.910	211	9.84e-12	62.0
WP_011015133.1	WP_011013622.1	30.222	225	8.24e-16	74.3
WP_011015133.1	WP_011013622.1	27.230	213	5.22e-13	65.9
WP_011015133.1	WP_011015345.1	24.793	242	1.28e-15	74.3
WP_011015133.1	WP_011015345.1	28.155	206	5.74e-11	60.1
WP_011015133.1	WP_011013338.1	28.054	221	6.93e-15	71.2
WP_011015133.1	WP_011013338.1	26.291	213	1.05e-07	49.7
WP_011015133.1	WP_011013985.1	26.244	221	1.73e-14	69.7
WP_011015133.1	WP_011013985.1	24.800	250	7.15e-13	65.1
WP_011015133.1	WP_011014850.1	25.000	236	3.57e-14	69.7
WP_011015133.1	WP_011014850.1	28.649	185	8.99e-12	62.4
WP_011015133.1	WP_011014233.1	22.800	500	4.97e-14	70.9
WP_011015133.1	WP_011014233.1	23.645	203	2.99e-08	52.8
WP_011015133.1	WP_011265940.1	31.771	192	5.30e-14	68.9
WP_011015133.1	WP_011265940.1	29.293	198	1.01e-09	55.8
WP_011015133.1	WP_003860245.1	30.180	222	7.63e-14	68.6
WP_011015133.1	WP_003860245.1	29.050	179	1.85e-09	55.5
WP_011015133.1	WP_003857536.1	29.258	229	8.25e-14	67.8
WP_011015133.1	WP_003857536.1	29.762	168	3.88e-12	62.8
WP_011015133.1	WP_003862124.1	31.188	202	8.29e-14	70.1
WP_011015133.1	WP_003862124.1	29.101	189	1.86e-10	59.3
WP_011015133.1	WP_003862124.1	25.764	229	8.92e-10	57.4
WP_011015133.1	WP_003862124.1	30.556	144	9.55e-09	53.9
WP_011015133.1	WP_011013698.1	26.991	226	1.68e-13	67.4
WP_011015133.1	WP_011013698.1	23.457	243	2.19e-10	58.2
WP_011015133.1	WP_003857431.1	26.809	235	2.07e-13	66.6
WP_011015133.1	WP_003857431.1	26.066	211	1.12e-12	64.3
WP_011015133.1	WP_003858089.1	26.908	249	2.92e-13	65.9
WP_011015133.1	WP_003858089.1	25.532	188	1.09e-08	52.4
WP_011015133.1	WP_011013996.1	27.273	231	5.57e-13	66.2
WP_011015133.1	WP_011013996.1	30.769	169	1.76e-10	58.5
WP_011015133.1	WP_011013931.1	26.809	235	6.17e-13	64.7
WP_011015133.1	WP_011013931.1	29.299	157	1.77e-07	48.5
WP_011015133.1	WP_011013333.1	27.193	228	6.30e-13	65.5
WP_011015133.1	WP_011013333.1	26.136	176	4.27e-09	53.9
WP_011015133.1	WP_011014450.1	28.409	176	3.23e-12	64.3
WP_011015133.1	WP_011014450.1	25.214	234	7.74e-09	53.9
WP_011015133.1	WP_011013783.1	26.733	202	3.68e-12	62.8
WP_011015133.1	WP_011013642.1	29.381	194	5.11e-12	63.9
WP_011015133.1	WP_011013642.1	23.982	221	3.43e-10	58.2
WP_011015133.1	WP_011014379.1	24.336	226	8.45e-12	62.4
WP_011015133.1	WP_011014374.1	27.228	202	1.19e-11	61.6
WP_011015133.1	WP_011014374.1	30.409	171	8.59e-11	58.9
WP_011015133.1	WP_003855103.1	25.424	236	1.94e-11	60.5
WP_011015133.1	WP_011013712.1	23.846	520	2.46e-11	62.4
WP_011015133.1	WP_004567959.1	28.659	164	2.84e-11	61.2
WP_011015133.1	WP_004567959.1	24.314	255	1.81e-10	58.5
WP_011015133.1	WP_011015020.1	28.718	195	9.58e-11	60.8
WP_011015133.1	WP_011015020.1	24.631	203	5.66e-09	55.1
WP_011015133.1	WP_011013466.1	28.333	180	1.57e-10	58.5
WP_011015133.1	WP_011013466.1	24.887	221	1.40e-09	55.5
WP_011015133.1	WP_003856445.1	28.729	181	1.66e-10	58.5
WP_011015133.1	WP_003856445.1	28.500	200	2.54e-07	48.5
WP_011015133.1	WP_011013851.1	25.446	224	1.76e-10	58.9
WP_011015133.1	WP_011013851.1	25.414	181	3.27e-08	52.0
WP_011015133.1	WP_011014327.1	25.521	192	2.13e-10	58.9
WP_011015133.1	WP_011015140.1	30.061	163	2.26e-10	58.9
WP_011015133.1	WP_011015140.1	25.926	216	2.72e-09	55.5
WP_011015133.1	WP_011013331.1	26.122	245	2.74e-10	57.0
WP_011015133.1	WP_011013331.1	27.835	194	4.56e-07	47.4
WP_011015133.1	WP_011014139.1	28.718	195	4.29e-10	58.9
WP_011015133.1	WP_011014139.1	25.532	188	2.33e-09	56.6
WP_011015133.1	WP_011014540.1	22.791	215	4.53e-10	55.8
WP_011015133.1	WP_011014540.1	24.176	182	1.48e-06	45.4
WP_011015133.1	WP_011014011.1	23.158	190	7.56e-10	57.8
WP_011015133.1	WP_011014011.1	24.206	252	5.33e-09	55.1
WP_011015133.1	WP_011265869.1	26.316	190	2.07e-09	56.2
WP_011015133.1	WP_011015221.1	26.364	220	2.31e-09	54.7
WP_011015133.1	WP_011013984.1	22.979	235	3.41e-09	53.9
WP_011015133.1	WP_011014216.1	25.701	214	1.43e-08	52.8
WP_011015133.1	WP_011014012.1	22.535	213	3.95e-08	52.4
WP_011015133.1	WP_011266014.1	30.088	113	3.14e-07	48.9
WP_011015133.1	WP_020948580.1	37.662	77	8.74e-07	47.8
WP_011015133.1	WP_011265658.1	27.638	199	4.28e-06	45.8
WP_011015133.1	WP_011015261.1	30.496	141	4.76e-06	44.3
WP_011015133.1	WP_011014785.1	25.134	187	6.09e-06	44.3
WP_011015133.1	WP_011014110.1	35.484	93	6.45e-06	45.4
WP_011015133.1	WP_011014110.1	37.037	81	6.79e-06	45.4
WP_011015134.1	WP_011015134.1	100.000	205	2.72e-152	417
WP_011015135.1	WP_011015135.1	100.000	717	0.0	1460
WP_011015136.1	WP_011015136.1	100.000	473	0.0	971
WP_011015137.1	WP_011015137.1	100.000	304	0.0	612
WP_011015137.1	WP_011014325.1	25.758	264	7.01e-26	100
WP_011015137.1	WP_011013847.1	25.182	274	9.44e-18	78.2
WP_011015138.1	WP_011015138.1	100.000	443	0.0	907
WP_011015140.1	WP_011015140.1	100.000	376	0.0	764
WP_011015140.1	WP_011013851.1	56.764	377	9.21e-139	395
WP_011015140.1	WP_011014327.1	58.025	324	9.55e-122	354
WP_011015140.1	WP_011013642.1	46.218	238	9.77e-70	219
WP_011015140.1	WP_011013479.1	39.819	221	2.34e-50	167
WP_011015140.1	WP_003858089.1	37.037	216	1.50e-38	134
WP_011015140.1	WP_003860245.1	38.071	197	1.70e-36	130
WP_011015140.1	WP_003857431.1	33.790	219	2.96e-35	126
WP_011015140.1	WP_003858826.1	33.191	235	2.17e-33	121
WP_011015140.1	WP_003854632.1	29.185	233	2.69e-32	121
WP_011015140.1	WP_003856445.1	33.043	230	3.81e-30	113
WP_011015140.1	WP_011015284.1	34.742	213	6.59e-30	112
WP_011015140.1	WP_011013931.1	37.379	206	3.38e-29	109
WP_011015140.1	WP_011014212.1	34.978	223	4.49e-28	107
WP_011015140.1	WP_011015118.1	31.532	222	6.73e-28	111
WP_011015140.1	WP_011015118.1	27.376	263	1.22e-18	84.0
WP_011015140.1	WP_011265986.1	30.769	247	2.83e-27	110
WP_011015140.1	WP_011015040.1	30.612	245	3.97e-27	108
WP_011015140.1	WP_011015040.1	28.634	227	2.80e-19	85.5
WP_011015140.1	WP_003855103.1	31.633	196	8.19e-26	100
WP_011015140.1	WP_011013906.1	31.401	207	6.75e-25	98.6
WP_011015140.1	WP_011013698.1	28.049	246	6.66e-24	96.3
WP_011015140.1	WP_011014807.1	30.317	221	8.95e-24	99.4
WP_011015140.1	WP_011014807.1	27.381	252	6.96e-19	84.7
WP_011015140.1	WP_011013783.1	28.141	199	3.03e-23	94.0
WP_011015140.1	WP_011013333.1	31.797	217	3.33e-23	94.0
WP_011015140.1	WP_003857536.1	30.882	204	6.03e-23	92.8
WP_011015140.1	WP_011014850.1	28.986	207	1.59e-22	92.8
WP_011015140.1	WP_011015221.1	30.645	248	4.35e-22	90.9
WP_011015140.1	WP_011014450.1	32.701	211	1.01e-21	91.3
WP_011015140.1	WP_003862124.1	32.487	197	4.04e-21	90.9
WP_011015140.1	WP_003862124.1	28.431	204	3.34e-10	57.8
WP_011015140.1	WP_011014374.1	30.049	203	1.07e-20	87.0
WP_011015140.1	WP_011014379.1	27.966	236	1.14e-20	87.0
WP_011015140.1	WP_011013712.1	29.119	261	1.61e-20	89.7
WP_011015140.1	WP_011013712.1	25.214	234	5.21e-08	50.8
WP_011015140.1	WP_011014492.1	32.308	195	2.57e-20	85.9
WP_011015140.1	WP_011014012.1	26.271	236	5.05e-20	88.2
WP_011015140.1	WP_011013807.1	28.151	238	3.23e-19	82.8
WP_011015140.1	WP_011013996.1	28.315	279	9.39e-19	82.4
WP_011015140.1	WP_011013622.1	28.452	239	2.48e-18	80.5
WP_011015140.1	WP_011015020.1	27.753	227	2.64e-18	82.8
WP_011015140.1	WP_011014139.1	28.507	221	4.02e-18	82.8
WP_011015140.1	WP_011014139.1	28.507	221	1.35e-14	72.0
WP_011015140.1	WP_011014785.1	30.645	186	1.23e-17	77.8
WP_011015140.1	WP_011013338.1	27.660	235	1.73e-17	78.2
WP_011015140.1	WP_011015261.1	30.992	242	2.63e-17	77.0
WP_011015140.1	WP_003856990.1	30.000	220	7.58e-17	76.3
WP_011015140.1	WP_011013985.1	27.488	211	1.55e-16	74.7
WP_011015140.1	WP_011013802.1	26.009	223	1.86e-16	75.1
WP_011015140.1	WP_011015345.1	26.415	212	2.97e-16	75.1
WP_011015140.1	WP_011014011.1	25.217	230	5.74e-16	75.9
WP_011015140.1	WP_003861735.1	25.714	245	6.68e-16	73.9
WP_011015140.1	WP_011014424.1	29.046	241	1.04e-15	75.1
WP_011015140.1	WP_011014233.1	28.141	199	2.25e-15	73.9
WP_011015140.1	WP_011014233.1	26.316	209	1.28e-11	62.0
WP_011015140.1	WP_011265869.1	31.604	212	8.61e-15	72.0
WP_011015140.1	WP_011013466.1	29.143	175	2.44e-14	68.9
WP_011015140.1	WP_011014865.1	33.505	194	6.27e-14	69.3
WP_011015140.1	WP_011014540.1	26.702	191	7.03e-14	66.2
WP_011015140.1	WP_011013984.1	23.394	218	9.66e-13	63.9
WP_011015140.1	WP_011014362.1	25.847	236	1.24e-12	65.5
WP_011015140.1	WP_011266014.1	31.325	166	2.30e-12	63.9
WP_011015140.1	WP_011265940.1	26.047	215	2.43e-11	60.1
WP_011015140.1	WP_004567959.1	25.214	234	1.57e-10	58.2
WP_011015140.1	WP_011015133.1	30.061	163	1.60e-10	58.9
WP_011015140.1	WP_011015133.1	25.926	216	4.98e-06	44.7
WP_011015140.1	WP_011013968.1	26.027	292	2.60e-10	58.2
WP_011015140.1	WP_011013968.1	29.213	178	4.79e-08	51.2
WP_011015140.1	WP_011014351.1	30.374	214	1.07e-09	56.2
WP_011015140.1	WP_011013331.1	25.581	215	4.46e-09	52.8
WP_011015140.1	WP_011265658.1	26.609	233	6.87e-09	53.9
WP_011015140.1	WP_011014216.1	25.850	147	1.49e-08	52.0
WP_011015140.1	WP_011014443.1	30.000	190	4.39e-08	51.2
WP_011015140.1	WP_020948580.1	40.323	62	1.93e-07	49.3
WP_011015140.1	WP_011014089.1	29.016	193	1.98e-07	48.9
WP_011015140.1	WP_011265741.1	41.379	58	2.84e-06	45.4
WP_011015143.1	WP_011015143.1	100.000	187	2.31e-136	375
WP_011015143.1	WP_172820748.1	28.302	106	5.14e-11	56.6
WP_011015145.1	WP_011015145.1	100.000	292	0.0	583
WP_011015145.1	WP_011013571.1	43.617	94	3.26e-16	74.3
WP_011015145.1	WP_003863269.1	34.579	107	4.08e-14	68.2
WP_011015145.1	WP_011015397.1	32.075	106	1.18e-09	54.7
WP_011015145.1	WP_011013485.1	29.839	124	5.23e-08	49.7
WP_011015146.1	WP_011015146.1	100.000	394	0.0	783
WP_011015147.1	WP_011015147.1	100.000	250	0.0	514
WP_011015147.1	WP_011014887.1	33.962	159	5.51e-20	82.8
WP_011015147.1	WP_011013639.1	24.034	233	4.47e-08	49.7
WP_011015148.1	WP_011015148.1	100.000	266	0.0	545
WP_011015148.1	WP_003856628.1	30.045	223	2.35e-13	64.7
WP_011015148.1	WP_011015096.1	30.631	222	2.55e-12	62.0
WP_011015148.1	WP_011015125.1	25.946	185	6.96e-11	57.4
WP_011015148.1	WP_011014397.1	27.717	184	4.46e-07	46.2
WP_011015148.1	WP_011014905.1	26.289	194	4.73e-07	46.2
WP_011015148.1	WP_011013458.1	25.000	192	1.00e-06	45.1
WP_011015148.1	WP_011013723.1	28.495	186	2.17e-06	44.3
WP_011015148.1	WP_011013534.1	25.414	181	2.90e-06	43.9
WP_011015149.1	WP_011015149.1	100.000	219	2.95e-164	448
WP_011015151.1	WP_011015151.1	100.000	403	0.0	819
WP_011015152.1	WP_011015152.1	100.000	215	9.08e-161	439
WP_011015153.1	WP_011015153.1	100.000	50	7.37e-31	98.2
WP_011015155.1	WP_011015155.1	100.000	69	3.58e-43	130
WP_011015158.1	WP_011015158.1	100.000	138	7.25e-100	279
WP_011015158.1	WP_011014889.1	39.286	56	9.11e-08	46.2
WP_011015158.1	WP_011013448.1	27.523	109	1.89e-07	45.1
WP_011015158.1	WP_011013442.1	35.294	68	3.27e-07	44.7
WP_011015159.1	WP_011015159.1	100.000	518	0.0	1071
WP_011015160.1	WP_011015160.1	100.000	167	1.90e-124	343
WP_011015161.1	WP_011015161.1	100.000	388	0.0	808
WP_011015161.1	WP_011014124.1	98.196	388	0.0	794
WP_011015161.1	WP_011015091.1	38.845	381	4.72e-94	283
WP_011015161.1	WP_230622908.1	29.032	372	4.40e-42	148
WP_011015161.1	WP_006283678.1	24.479	384	2.80e-34	127
WP_011015161.1	WP_011013981.1	35.088	57	2.77e-06	45.4
WP_011015161.1	WP_011015008.1	35.088	57	2.84e-06	45.4
WP_011015161.1	WP_011015123.1	35.088	57	3.30e-06	45.4
WP_011015162.1	WP_011015162.1	100.000	186	1.37e-139	383
WP_011015163.1	WP_011015163.1	100.000	91	7.36e-61	177
WP_011015164.1	WP_011015164.1	100.000	158	4.22e-118	327
WP_011015166.1	WP_011015166.1	100.000	135	9.34e-97	271
WP_011015167.1	WP_011015167.1	100.000	444	0.0	860
WP_011015167.1	WP_011015308.1	54.072	442	1.58e-156	448
WP_011015167.1	WP_011014147.1	30.808	396	4.41e-43	154
WP_011015167.1	WP_003854772.1	28.074	431	7.84e-42	151
WP_011015167.1	WP_003859734.1	26.267	434	1.68e-23	99.4
WP_011015167.1	WP_011013615.1	24.384	406	1.33e-19	87.8
WP_011015167.1	WP_011015504.1	24.729	461	1.23e-15	75.1
WP_011015167.1	WP_011015248.1	27.273	330	1.54e-15	74.7
WP_011015167.1	WP_011014299.1	24.201	438	1.34e-13	68.9
WP_011015167.1	WP_041625642.1	28.492	179	6.92e-11	60.1
WP_011015167.1	WP_003862889.1	24.390	164	5.32e-08	51.2
WP_011015167.1	WP_011014309.1	23.632	457	4.84e-06	45.1
WP_011015167.1	WP_011014092.1	27.007	137	5.23e-06	44.7
WP_011015170.1	WP_011015170.1	100.000	2996	0.0	6015
WP_011015170.1	WP_011013920.1	46.784	3063	0.0	2350
WP_011015171.1	WP_011015171.1	100.000	394	0.0	795
WP_011015172.1	WP_011015172.1	100.000	206	1.40e-151	415
WP_011015173.1	WP_011015173.1	100.000	70	1.50e-45	136
WP_011015174.1	WP_011015174.1	100.000	229	3.00e-170	464
WP_011015179.1	WP_011015179.1	100.000	284	0.0	573
WP_011015181.1	WP_011015181.1	100.000	164	8.15e-121	334
WP_011015181.1	WP_003861276.1	26.761	142	2.15e-15	66.2
WP_011015182.1	WP_011015182.1	100.000	304	0.0	597
WP_011015183.1	WP_011015183.1	100.000	183	6.66e-134	369
WP_011015184.1	WP_011015184.1	100.000	446	0.0	902
WP_011015186.1	WP_011015186.1	100.000	665	0.0	1355
WP_011015187.1	WP_011015187.1	100.000	297	0.0	590
WP_011015188.1	WP_011015188.1	100.000	584	0.0	1178
WP_011015189.1	WP_011015189.1	100.000	334	0.0	682
WP_011015194.1	WP_011015194.1	100.000	277	0.0	566
WP_011015195.1	WP_011015195.1	100.000	249	0.0	505
WP_011015196.1	WP_011015196.1	100.000	137	1.20e-99	278
WP_011015197.1	WP_011015197.1	100.000	340	0.0	684
WP_011015197.1	WP_020948586.1	27.556	225	2.57e-12	63.2
WP_011015197.1	WP_011265496.1	27.488	211	3.77e-11	59.7
WP_011015197.1	WP_011013485.1	25.243	206	2.72e-08	51.2
WP_011015197.1	WP_011015560.1	31.016	187	2.73e-08	51.2
WP_011015197.1	WP_011015397.1	24.169	331	1.09e-07	49.3
WP_011015199.1	WP_011015199.1	100.000	554	0.0	1129
WP_011015199.1	WP_003863574.1	26.005	423	2.84e-14	71.6
WP_011015199.1	WP_003858287.1	23.543	429	2.30e-07	49.7
WP_011015199.1	WP_011013744.1	25.758	264	8.49e-07	47.8
WP_011015200.1	WP_011015200.1	100.000	96	8.76e-65	187
WP_011015201.1	WP_011015201.1	100.000	264	0.0	541
WP_011015202.1	WP_011015202.1	100.000	455	0.0	920
WP_011015202.1	WP_010991835.1	78.158	467	0.0	749
WP_011015203.1	WP_011015203.1	100.000	540	0.0	1124
WP_011015203.1	WP_011014683.1	70.796	339	2.47e-171	491
WP_011015203.1	WP_011013894.1	72.861	339	5.72e-167	481
WP_011015203.1	WP_011014691.1	33.533	334	4.27e-42	156
WP_011015203.1	WP_011014731.1	36.214	243	9.67e-38	142
WP_011015203.1	WP_011015455.1	32.161	199	1.93e-20	91.3
WP_011015203.1	WP_011015455.1	33.103	145	3.27e-12	65.5
WP_011015206.1	WP_011015206.1	100.000	462	0.0	897
WP_011015206.1	WP_003863112.1	29.058	382	3.73e-39	143
WP_011015208.1	WP_011015208.1	100.000	226	2.28e-170	464
WP_011015210.1	WP_011015210.1	100.000	175	3.15e-131	361
WP_011015212.1	WP_011015212.1	100.000	418	0.0	851
WP_011015212.1	WP_011013592.1	30.303	429	1.30e-31	121
WP_011015213.1	WP_011015213.1	100.000	190	1.47e-141	389
WP_011015215.1	WP_011015215.1	100.000	96	9.41e-70	199
WP_011015215.1	WP_003859291.1	37.931	87	4.87e-17	67.0
WP_011015216.1	WP_011015216.1	100.000	398	0.0	792
WP_011015217.1	WP_011015217.1	100.000	245	0.0	510
WP_011015219.1	WP_011015219.1	100.000	502	0.0	1033
WP_011015220.1	WP_011015220.1	100.000	244	0.0	498
WP_011015221.1	WP_011015221.1	100.000	257	0.0	530
WP_011015221.1	WP_003857431.1	38.889	252	3.02e-47	154
WP_011015221.1	WP_003858826.1	36.122	263	3.35e-44	146
WP_011015221.1	WP_003854632.1	34.440	241	7.97e-33	119
WP_011015221.1	WP_011013642.1	32.549	255	1.85e-29	110
WP_011015221.1	WP_011015140.1	30.645	248	1.71e-27	105
WP_011015221.1	WP_011265986.1	32.308	260	3.26e-27	106
WP_011015221.1	WP_011013783.1	30.734	218	4.49e-27	101
WP_011015221.1	WP_011014327.1	30.859	256	7.02e-27	104
WP_011015221.1	WP_011013479.1	29.070	258	6.83e-26	99.8
WP_011015221.1	WP_011013851.1	28.030	264	1.97e-25	99.0
WP_011015221.1	WP_011013333.1	30.493	223	3.56e-25	97.1
WP_011015221.1	WP_011014807.1	31.154	260	1.44e-24	98.6
WP_011015221.1	WP_011014807.1	31.698	265	3.38e-19	83.2
WP_011015221.1	WP_011013698.1	28.112	249	1.52e-24	95.5
WP_011015221.1	WP_003855103.1	34.158	202	2.84e-24	94.0
WP_011015221.1	WP_003860245.1	31.674	221	3.92e-24	94.7
WP_011015221.1	WP_011013802.1	30.189	265	4.67e-24	94.4
WP_011015221.1	WP_003858089.1	32.804	189	1.16e-23	92.4
WP_011015221.1	WP_011013338.1	30.556	252	1.62e-23	92.4
WP_011015221.1	WP_011015040.1	31.579	247	4.00e-23	94.4
WP_011015221.1	WP_011015040.1	29.020	255	3.74e-15	70.9
WP_011015221.1	WP_011013807.1	29.098	244	6.22e-23	90.9
WP_011015221.1	WP_011014139.1	32.864	213	7.39e-23	94.0
WP_011015221.1	WP_011014139.1	30.660	212	2.99e-14	68.6
WP_011015221.1	WP_011015284.1	27.917	240	1.38e-22	90.5
WP_011015221.1	WP_011014850.1	30.622	209	3.24e-22	89.7
WP_011015221.1	WP_011015118.1	30.488	246	5.53e-22	91.3
WP_011015221.1	WP_011015118.1	30.943	265	1.76e-17	77.8
WP_011015221.1	WP_011014212.1	30.918	207	6.32e-22	87.8
WP_011015221.1	WP_011013931.1	32.093	215	1.54e-21	86.7
WP_011015221.1	WP_011014379.1	30.126	239	2.61e-21	86.7
WP_011015221.1	WP_003857536.1	28.837	215	9.71e-21	84.3
WP_011015221.1	WP_011014011.1	28.155	206	1.60e-20	87.0
WP_011015221.1	WP_011014450.1	31.169	231	2.28e-19	82.4
WP_011015221.1	WP_011013984.1	25.703	249	3.02e-19	80.9
WP_011015221.1	WP_011013985.1	26.339	224	5.75e-19	79.7
WP_011015221.1	WP_011013331.1	28.440	218	7.57e-19	79.0
WP_011015221.1	WP_011014374.1	25.620	242	3.95e-18	77.8
WP_011015221.1	WP_003856990.1	30.516	213	6.60e-18	77.4
WP_011015221.1	WP_011014492.1	27.660	235	2.12e-17	75.9
WP_011015221.1	WP_011014012.1	30.168	179	2.88e-17	77.4
WP_011015221.1	WP_011014233.1	26.991	226	1.13e-16	75.5
WP_011015221.1	WP_011014233.1	26.570	207	5.88e-13	64.7
WP_011015221.1	WP_011013906.1	27.907	215	1.26e-16	73.6
WP_011015221.1	WP_003856445.1	27.753	227	1.32e-16	73.9
WP_011015221.1	WP_011015345.1	27.805	205	3.97e-16	73.2
WP_011015221.1	WP_011013996.1	25.738	237	1.12e-15	71.6
WP_011015221.1	WP_011265940.1	29.279	222	6.87e-15	68.9
WP_011015221.1	WP_003861735.1	23.923	209	1.33e-14	68.6
WP_011015221.1	WP_011015020.1	29.108	213	6.19e-13	64.7
WP_011015221.1	WP_011013712.1	26.230	244	1.20e-12	63.5
WP_011015221.1	WP_011013712.1	24.268	239	3.68e-11	59.3
WP_011015221.1	WP_003856078.1	30.256	195	1.51e-12	62.0
WP_011015221.1	WP_011014443.1	27.692	195	1.74e-12	63.2
WP_011015221.1	WP_011014785.1	30.120	166	2.86e-12	61.2
WP_011015221.1	WP_003862124.1	26.147	218	2.21e-11	59.7
WP_011015221.1	WP_003862124.1	26.457	223	9.09e-11	57.8
WP_011015221.1	WP_011014865.1	31.892	185	2.90e-11	59.3
WP_011015221.1	WP_011013466.1	24.896	241	5.72e-11	57.8
WP_011015221.1	WP_011265869.1	27.885	208	1.11e-10	57.8
WP_011015221.1	WP_011014362.1	24.082	245	3.35e-10	56.2
WP_011015221.1	WP_004567959.1	28.495	186	3.42e-10	55.8
WP_011015221.1	WP_020948580.1	39.437	71	3.60e-10	56.2
WP_011015221.1	WP_011014000.1	34.483	87	1.27e-09	54.3
WP_011015221.1	WP_011015261.1	27.027	185	4.38e-09	52.0
WP_011015221.1	WP_011014216.1	28.571	203	4.95e-09	52.4
WP_011015221.1	WP_011265741.1	38.961	77	5.45e-09	52.8
WP_011015221.1	WP_011013968.1	25.532	188	9.14e-09	52.0
WP_011015221.1	WP_011015133.1	26.364	220	2.05e-08	50.8
WP_011015221.1	WP_011015133.1	22.222	189	2.33e-06	44.7
WP_011015221.1	WP_011014540.1	25.405	185	4.84e-07	45.4
WP_011015221.1	WP_011014910.1	28.700	223	5.37e-07	46.6
WP_011015221.1	WP_011014351.1	26.804	194	6.16e-07	46.2
WP_011015221.1	WP_011013622.1	21.825	252	6.20e-07	45.8
WP_011015221.1	WP_011014424.1	24.771	218	6.21e-07	46.6
WP_011015221.1	WP_011265658.1	22.170	212	6.25e-07	46.2
WP_011015221.1	WP_011266014.1	24.545	220	2.03e-06	44.7
WP_011015222.1	WP_011015222.1	100.000	307	0.0	603
WP_011015222.1	WP_011265971.1	28.095	210	4.37e-16	74.3
WP_011015222.1	WP_011013477.1	26.522	230	8.27e-11	58.2
WP_011015224.1	WP_011015224.1	100.000	375	0.0	755
WP_011015225.1	WP_011015225.1	100.000	292	0.0	595
WP_011015227.1	WP_011015227.1	100.000	372	0.0	759
WP_011015228.1	WP_011015228.1	100.000	314	0.0	641
WP_011015229.1	WP_011015229.1	100.000	373	0.0	752
WP_011015231.1	WP_011015231.1	100.000	339	0.0	705
WP_011015232.1	WP_011015232.1	100.000	254	0.0	502
WP_011015233.1	WP_011015233.1	100.000	762	0.0	1545
WP_011015234.1	WP_011015234.1	100.000	159	7.35e-120	331
WP_011015235.1	WP_011015235.1	100.000	916	0.0	1850
WP_011015235.1	WP_011013866.1	40.860	93	8.97e-07	47.8
WP_011015237.1	WP_011015237.1	100.000	706	0.0	1449
WP_011015237.1	WP_011013580.1	23.262	374	2.47e-21	95.1
WP_011015240.1	WP_011015240.1	100.000	136	2.27e-101	283
WP_011015241.1	WP_011015241.1	100.000	251	0.0	522
WP_011015241.1	WP_011013674.1	26.946	167	1.70e-06	44.3
WP_011015243.1	WP_011015243.1	100.000	423	0.0	875
WP_011015243.1	WP_011014334.1	28.846	416	2.45e-39	142
WP_011015243.1	WP_011015122.1	29.314	423	4.26e-38	140
WP_011015243.1	WP_011013682.1	29.144	374	3.42e-27	109
WP_011015243.1	WP_011265562.1	23.077	325	8.18e-11	59.7
WP_011015244.1	WP_011015244.1	100.000	224	8.80e-161	440
WP_011015245.1	WP_011015245.1	100.000	485	0.0	982
WP_011015245.1	WP_011015529.1	33.775	302	2.29e-40	146
WP_011015245.1	WP_011013525.1	30.820	305	9.06e-36	135
WP_011015245.1	WP_011015290.1	31.773	299	1.19e-34	130
WP_011015245.1	WP_179300924.1	33.333	294	4.14e-32	125
WP_011015245.1	WP_003855497.1	32.889	225	9.01e-31	120
WP_011015245.1	WP_011013941.1	30.294	340	3.30e-27	110
WP_011015245.1	WP_011013364.1	25.229	218	2.72e-06	46.2
WP_011015246.1	WP_011015246.1	100.000	251	0.0	509
WP_011015246.1	WP_011014914.1	42.029	69	3.81e-12	61.6
WP_011015247.1	WP_011015247.1	100.000	579	0.0	1192
WP_011015247.1	WP_011014246.1	25.841	565	5.38e-44	162
WP_011015247.1	WP_011013434.1	22.560	461	2.74e-12	65.9
WP_011015248.1	WP_011015248.1	100.000	494	0.0	971
WP_011015248.1	WP_003854772.1	30.843	415	1.26e-48	171
WP_011015248.1	WP_011014147.1	30.602	415	9.29e-44	157
WP_011015248.1	WP_011014299.1	31.126	302	2.10e-29	117
WP_011015248.1	WP_003859734.1	26.698	427	8.10e-27	110
WP_011015248.1	WP_011013615.1	27.546	432	1.67e-26	109
WP_011015248.1	WP_011015308.1	28.349	321	3.01e-24	102
WP_011015248.1	WP_041625642.1	28.483	323	4.88e-23	98.2
WP_011015248.1	WP_011015167.1	28.689	244	1.54e-14	72.0
WP_011015248.1	WP_011013368.1	24.257	404	1.51e-10	59.7
WP_011015248.1	WP_011015504.1	25.753	299	2.24e-09	55.8
WP_011015248.1	WP_011014309.1	24.096	332	4.53e-08	51.6
WP_011015249.1	WP_011015249.1	100.000	177	1.40e-129	357
WP_011015250.1	WP_011015250.1	100.000	440	0.0	874
WP_011015252.1	WP_011015252.1	100.000	320	0.0	654
WP_011015252.1	WP_011015264.1	39.333	300	2.06e-64	209
WP_011015253.1	WP_011015253.1	100.000	235	5.91e-172	469
WP_011015253.1	WP_011013662.1	35.227	176	3.16e-26	100
WP_011015253.1	WP_011014757.1	34.637	179	1.27e-25	99.0
WP_011015253.1	WP_011015499.1	33.480	227	7.04e-22	88.6
WP_011015253.1	WP_011013760.1	26.360	239	2.94e-14	67.0
WP_011015253.1	WP_011013484.1	27.536	207	9.63e-12	59.7
WP_011015253.1	WP_011013318.1	23.786	206	2.29e-10	55.8
WP_011015253.1	WP_003855552.1	27.604	192	1.99e-07	47.0
WP_011015254.1	WP_011015254.1	100.000	320	0.0	665
WP_011015255.1	WP_011015255.1	100.000	271	0.0	559
WP_011015258.1	WP_011015258.1	100.000	485	0.0	996
WP_011015259.1	WP_011015259.1	100.000	360	0.0	735
WP_011015259.1	WP_011014311.1	26.115	314	1.08e-13	67.8
WP_011015259.1	WP_011013442.1	36.275	102	1.74e-10	57.8
WP_011015259.1	WP_011014889.1	25.893	336	1.48e-09	55.1
WP_011015259.1	WP_011014235.1	26.794	209	2.22e-08	51.2
WP_011015259.1	WP_011014232.1	20.728	357	1.19e-07	49.3
WP_011015260.1	WP_011015260.1	100.000	317	0.0	635
WP_011015261.1	WP_011015261.1	100.000	230	3.84e-166	454
WP_011015261.1	WP_003857431.1	34.031	191	9.93e-27	100
WP_011015261.1	WP_003856445.1	32.794	247	1.35e-25	97.4
WP_011015261.1	WP_011014850.1	33.333	168	7.27e-21	85.5
WP_011015261.1	WP_011015140.1	31.405	242	1.04e-20	85.9
WP_011015261.1	WP_003860245.1	30.412	194	5.68e-20	82.8
WP_011015261.1	WP_011265940.1	29.437	231	5.97e-20	82.4
WP_011015261.1	WP_003858089.1	30.102	196	6.07e-20	81.6
WP_011015261.1	WP_011013807.1	31.651	218	1.50e-19	81.3
WP_011015261.1	WP_011013698.1	28.829	222	4.11e-19	80.1
WP_011015261.1	WP_011013642.1	32.174	230	3.72e-18	78.6
WP_011015261.1	WP_011015040.1	32.394	213	4.29e-18	79.0
WP_011015261.1	WP_011015040.1	29.648	199	1.69e-11	59.7
WP_011015261.1	WP_011014216.1	29.646	226	1.90e-17	75.9
WP_011015261.1	WP_003858826.1	26.699	206	3.98e-17	74.3
WP_011015261.1	WP_011013331.1	33.333	162	6.59e-17	73.2
WP_011015261.1	WP_011014492.1	28.767	219	8.93e-17	73.6
WP_011015261.1	WP_011013851.1	30.374	214	9.49e-17	74.3
WP_011015261.1	WP_003854632.1	28.926	242	2.86e-16	73.2
WP_011015261.1	WP_011014450.1	29.442	197	4.12e-16	72.8
WP_011015261.1	WP_011013906.1	28.390	236	4.25e-16	71.6
WP_011015261.1	WP_011014327.1	30.137	219	7.58e-16	72.4
WP_011015261.1	WP_003855103.1	29.717	212	1.05e-15	70.1
WP_011015261.1	WP_011013622.1	29.864	221	1.15e-15	70.9
WP_011015261.1	WP_011014374.1	27.869	183	3.92e-15	68.9
WP_011015261.1	WP_011013712.1	32.127	221	6.26e-15	69.7
WP_011015261.1	WP_011013712.1	29.231	195	8.88e-13	63.5
WP_011015261.1	WP_011013996.1	29.665	209	8.36e-15	68.6
WP_011015261.1	WP_011015284.1	26.293	232	8.84e-15	68.2
WP_011015261.1	WP_011013985.1	32.044	181	2.38e-14	66.6
WP_011015261.1	WP_003857536.1	30.583	206	2.83e-14	66.2
WP_011015261.1	WP_011014212.1	30.645	186	8.11e-14	65.1
WP_011015261.1	WP_004567959.1	28.723	188	8.23e-14	65.9
WP_011015261.1	WP_011014379.1	32.796	186	8.78e-14	65.5
WP_011015261.1	WP_011013479.1	27.700	213	1.19e-13	65.5
WP_011015261.1	WP_011013338.1	33.158	190	1.31e-13	64.7
WP_011015261.1	WP_011014807.1	31.472	197	4.13e-13	64.3
WP_011015261.1	WP_011014807.1	27.064	218	9.05e-10	54.7
WP_011015261.1	WP_011265986.1	29.388	245	1.18e-12	63.2
WP_011015261.1	WP_011015118.1	28.112	249	1.55e-12	62.8
WP_011015261.1	WP_011015118.1	26.009	223	3.64e-09	52.8
WP_011015261.1	WP_011015345.1	30.233	172	2.56e-12	61.6
WP_011015261.1	WP_011013802.1	27.111	225	1.32e-11	59.3
WP_011015261.1	WP_003856990.1	27.500	200	2.86e-11	58.2
WP_011015261.1	WP_003861735.1	26.108	203	3.69e-11	58.2
WP_011015261.1	WP_011013783.1	28.191	188	3.74e-11	57.8
WP_011015261.1	WP_011014233.1	27.225	191	7.59e-11	57.8
WP_011015261.1	WP_011014233.1	22.523	222	7.40e-08	48.9
WP_011015261.1	WP_011013931.1	29.255	188	8.16e-11	56.2
WP_011015261.1	WP_003862124.1	28.646	192	9.13e-11	57.4
WP_011015261.1	WP_003862124.1	26.178	191	2.10e-07	47.4
WP_011015261.1	WP_011013968.1	28.804	184	1.88e-09	53.5
WP_011015261.1	WP_011013968.1	29.697	165	1.96e-07	47.4
WP_011015261.1	WP_011014351.1	35.256	156	3.39e-09	52.8
WP_011015261.1	WP_011014351.1	28.440	218	2.61e-07	47.0
WP_011015261.1	WP_011013333.1	29.412	187	3.55e-09	52.0
WP_011015261.1	WP_011014443.1	26.842	190	8.11e-09	51.6
WP_011015261.1	WP_011014443.1	26.606	218	7.35e-08	48.9
WP_011015261.1	WP_011014785.1	26.590	173	1.84e-08	49.7
WP_011015261.1	WP_011014011.1	26.036	169	8.19e-08	48.5
WP_011015261.1	WP_011014139.1	28.750	160	8.91e-08	48.9
WP_011015261.1	WP_003856078.1	25.551	227	7.31e-07	45.1
WP_011015261.1	WP_011015133.1	29.762	168	8.27e-07	45.4
WP_011015261.1	WP_011014540.1	22.905	179	1.02e-06	44.3
WP_011015261.1	WP_011014910.1	26.728	217	1.06e-06	45.4
WP_011015261.1	WP_011015221.1	26.190	210	3.52e-06	43.1
WP_011015262.1	WP_011015262.1	100.000	293	0.0	561
WP_011015262.1	WP_011013330.1	30.049	203	7.80e-12	60.8
WP_011015264.1	WP_011015264.1	100.000	563	0.0	1149
WP_011015264.1	WP_011015252.1	39.333	300	3.62e-64	209
WP_011015265.1	WP_011015265.1	100.000	249	0.0	499
WP_011015270.1	WP_011015270.1	100.000	218	1.77e-162	444
WP_011015270.1	WP_011013727.1	29.843	191	7.62e-15	68.2
WP_011015271.1	WP_011015271.1	100.000	460	0.0	949
WP_011015271.1	WP_011014417.1	35.913	323	1.28e-62	206
WP_011015272.1	WP_011015272.1	100.000	661	0.0	1318
WP_011015272.1	WP_011014304.1	28.902	692	2.08e-72	244
WP_011015273.1	WP_011015273.1	100.000	433	0.0	892
WP_011015273.1	WP_011014131.1	26.013	469	3.89e-19	85.9
WP_011015274.1	WP_011015274.1	100.000	253	0.0	520
WP_011015276.1	WP_011015276.1	100.000	312	0.0	625
WP_011015276.1	WP_011014792.1	26.891	238	1.39e-14	69.3
WP_011015277.1	WP_011015277.1	100.000	303	0.0	607
WP_011015277.1	WP_011014942.1	26.582	316	4.65e-13	65.1
WP_011015278.1	WP_011015278.1	100.000	232	1.31e-172	471
WP_011015279.1	WP_011015279.1	100.000	405	0.0	816
WP_011015279.1	WP_011014445.1	28.037	321	3.07e-11	60.8
WP_011015280.1	WP_011015280.1	100.000	240	2.16e-180	491
WP_011015280.1	WP_011015487.1	29.091	165	1.13e-11	59.3
WP_011015280.1	WP_003862621.1	37.500	72	2.19e-06	43.9
WP_011015284.1	WP_011015284.1	100.000	272	0.0	552
WP_011015284.1	WP_011014807.1	43.644	236	2.72e-59	194
WP_011015284.1	WP_011014807.1	36.000	275	6.17e-47	161
WP_011015284.1	WP_011015118.1	43.478	230	3.98e-56	185
WP_011015284.1	WP_011015118.1	37.736	265	9.35e-49	166
WP_011015284.1	WP_011015040.1	40.323	248	2.81e-55	182
WP_011015284.1	WP_011015040.1	38.938	226	1.06e-47	162
WP_011015284.1	WP_011265986.1	40.408	245	2.46e-48	166
WP_011015284.1	WP_003854632.1	40.517	232	2.17e-44	150
WP_011015284.1	WP_003857431.1	35.242	227	7.09e-39	133
WP_011015284.1	WP_003858826.1	31.250	240	2.72e-31	113
WP_011015284.1	WP_011013783.1	35.211	213	2.94e-31	113
WP_011015284.1	WP_011015140.1	34.742	213	3.47e-30	113
WP_011015284.1	WP_011014327.1	30.672	238	1.46e-29	112
WP_011015284.1	WP_011013851.1	32.420	219	4.05e-27	103
WP_011015284.1	WP_011013642.1	34.177	237	6.07e-27	103
WP_011015284.1	WP_003855103.1	35.644	202	1.67e-26	100
WP_011015284.1	WP_011013333.1	29.461	241	7.65e-26	99.0
WP_011015284.1	WP_003860245.1	30.800	250	8.88e-25	97.1
WP_011015284.1	WP_003857536.1	33.023	215	5.20e-24	93.6
WP_011015284.1	WP_011013931.1	35.714	210	7.46e-24	93.2
WP_011015284.1	WP_003858089.1	31.624	234	7.80e-23	90.5
WP_011015284.1	WP_011014212.1	31.553	206	1.04e-22	90.5
WP_011015284.1	WP_011013996.1	32.394	213	1.05e-22	91.7
WP_011015284.1	WP_011013802.1	33.488	215	1.71e-22	90.5
WP_011015284.1	WP_011014492.1	33.010	206	1.09e-21	87.8
WP_011015284.1	WP_003856445.1	29.187	209	1.75e-21	87.4
WP_011015284.1	WP_011014850.1	28.638	213	2.57e-20	84.7
WP_011015284.1	WP_011013479.1	28.634	227	3.81e-20	84.7
WP_011015284.1	WP_011013338.1	33.816	207	5.59e-20	83.2
WP_011015284.1	WP_011013712.1	31.963	219	2.85e-19	83.6
WP_011015284.1	WP_011013712.1	27.876	226	6.45e-14	67.8
WP_011015284.1	WP_011013622.1	29.302	215	2.69e-18	79.0
WP_011015284.1	WP_011014450.1	27.602	221	4.88e-18	79.0
WP_011015284.1	WP_011014379.1	28.632	234	8.53e-18	77.4
WP_011015284.1	WP_011015221.1	27.917	240	1.01e-17	77.0
WP_011015284.1	WP_011013807.1	29.864	221	1.30e-17	77.0
WP_011015284.1	WP_011013698.1	27.523	218	1.17e-16	74.3
WP_011015284.1	WP_011014233.1	29.565	230	1.53e-16	75.5
WP_011015284.1	WP_011014233.1	26.641	259	1.28e-14	69.7
WP_011015284.1	WP_011014785.1	35.882	170	4.28e-16	72.0
WP_011015284.1	WP_011013985.1	29.245	212	9.17e-16	71.2
WP_011015284.1	WP_011015020.1	29.911	224	2.19e-15	72.0
WP_011015284.1	WP_011015133.1	28.634	227	5.15e-15	70.9
WP_011015284.1	WP_011015133.1	26.201	229	5.36e-13	65.1
WP_011015284.1	WP_003862124.1	30.055	183	8.31e-15	70.1
WP_011015284.1	WP_003862124.1	27.419	248	8.43e-13	64.3
WP_011015284.1	WP_011013906.1	26.442	208	1.15e-13	65.5
WP_011015284.1	WP_003856990.1	25.893	224	2.45e-13	64.7
WP_011015284.1	WP_011014540.1	26.263	198	6.73e-13	62.8
WP_011015284.1	WP_011013968.1	29.612	206	1.38e-12	63.9
WP_011015284.1	WP_011013968.1	27.778	216	7.94e-11	58.5
WP_011015284.1	WP_011014374.1	27.556	225	5.98e-12	60.5
WP_011015284.1	WP_011014012.1	30.837	227	6.75e-12	61.6
WP_011015284.1	WP_011015261.1	25.862	232	5.28e-11	57.8
WP_011015284.1	WP_011014011.1	25.806	217	1.04e-10	58.2
WP_011015284.1	WP_011015345.1	24.370	238	1.10e-10	57.4
WP_011015284.1	WP_011014216.1	23.529	238	1.44e-10	57.0
WP_011015284.1	WP_011013466.1	27.273	187	1.48e-10	56.6
WP_011015284.1	WP_003856078.1	28.972	214	3.31e-10	55.5
WP_011015284.1	WP_003861735.1	26.396	197	4.27e-10	55.5
WP_011015284.1	WP_011265940.1	25.000	204	1.59e-09	53.5
WP_011015284.1	WP_011014139.1	26.126	222	1.74e-09	54.7
WP_011015284.1	WP_011014139.1	26.638	229	8.42e-09	52.8
WP_011015284.1	WP_011265869.1	29.891	184	3.87e-09	53.1
WP_011015284.1	WP_011265658.1	29.018	224	4.63e-09	53.1
WP_011015284.1	WP_011013331.1	23.502	217	8.98e-09	51.2
WP_011015284.1	WP_004567959.1	26.291	213	3.24e-08	50.1
WP_011015284.1	WP_011014865.1	29.240	171	6.63e-08	49.7
WP_011015284.1	WP_011014443.1	24.883	213	1.20e-07	48.9
WP_011015284.1	WP_011014443.1	23.645	203	4.08e-06	43.9
WP_011015284.1	WP_020948580.1	36.782	87	1.21e-07	48.9
WP_011015284.1	WP_011265741.1	58.824	34	3.07e-07	47.4
WP_011015284.1	WP_011014089.1	27.551	196	1.63e-06	45.4
WP_011015284.1	WP_011266014.1	29.801	151	2.23e-06	44.7
WP_011015284.1	WP_011014362.1	26.407	231	4.48e-06	43.9
WP_011015285.1	WP_011015285.1	100.000	207	4.00e-145	399
WP_011015285.1	WP_011013426.1	32.895	152	1.50e-20	82.4
WP_011015285.1	WP_011015055.1	32.192	146	1.23e-15	69.3
WP_011015286.1	WP_011015286.1	100.000	166	2.61e-124	343
WP_011015286.1	WP_011265509.1	28.859	149	1.03e-19	77.4
WP_011015287.1	WP_011015287.1	100.000	120	5.86e-86	242
WP_011015288.1	WP_011015288.1	100.000	160	3.43e-117	325
WP_011015289.1	WP_011015289.1	100.000	256	0.0	510
WP_011015290.1	WP_011015290.1	100.000	372	0.0	749
WP_011015290.1	WP_011015529.1	56.906	362	1.95e-135	389
WP_011015290.1	WP_011015245.1	31.773	299	3.70e-31	120
WP_011015290.1	WP_179300924.1	29.739	306	9.58e-25	101
WP_011015290.1	WP_011013525.1	26.263	297	3.93e-22	94.0
WP_011015290.1	WP_011013941.1	26.333	300	1.49e-19	86.3
WP_011015290.1	WP_003855497.1	28.936	235	3.50e-17	79.0
WP_011015290.1	WP_011013364.1	31.285	179	5.91e-10	57.0
WP_011015291.1	WP_011015291.1	100.000	194	4.14e-140	385
WP_011015292.1	WP_011015292.1	100.000	464	0.0	921
WP_011015293.1	WP_011015293.1	100.000	366	0.0	739
WP_011015294.1	WP_011015294.1	100.000	229	1.71e-172	470
WP_011015295.1	WP_011015295.1	100.000	484	0.0	972
WP_011015295.1	WP_011013348.1	35.356	478	2.04e-77	247
WP_011015295.1	WP_011013720.1	35.062	482	1.69e-75	242
WP_011015295.1	WP_011015386.1	35.181	469	3.03e-68	223
WP_011015295.1	WP_011013683.1	31.957	460	8.41e-62	205
WP_011015295.1	WP_011015326.1	31.982	444	1.48e-56	192
WP_011015295.1	WP_011013433.1	30.103	485	2.71e-55	189
WP_011015295.1	WP_172820765.1	27.765	425	3.43e-28	115
WP_011015295.1	WP_011013661.1	26.573	429	8.08e-14	69.7
WP_011015296.1	WP_011015296.1	100.000	293	0.0	602
WP_011015296.1	WP_011013539.1	28.125	192	3.31e-14	67.4
WP_011015297.1	WP_011015297.1	100.000	385	0.0	788
WP_011015298.1	WP_011015298.1	100.000	258	0.0	514
WP_011015298.1	WP_011014905.1	33.597	253	4.65e-33	119
WP_011015298.1	WP_011013534.1	31.855	248	9.07e-28	105
WP_011015298.1	WP_011013723.1	31.274	259	1.30e-23	92.8
WP_011015298.1	WP_011013843.1	29.278	263	4.07e-22	89.0
WP_011015298.1	WP_011015096.1	30.385	260	9.08e-19	80.1
WP_011015298.1	WP_011015594.1	28.313	166	1.91e-13	64.7
WP_011015298.1	WP_003856628.1	30.000	190	5.46e-11	57.8
WP_011015298.1	WP_011015148.1	29.412	187	2.59e-08	50.1
WP_011015299.1	WP_011015299.1	100.000	247	1.24e-180	492
WP_011015300.1	WP_011015300.1	100.000	97	8.68e-70	199
WP_011015300.1	WP_011015550.1	50.000	100	1.09e-27	94.0
WP_011015301.1	WP_011015301.1	100.000	925	0.0	1849
WP_011015301.1	WP_011015370.1	42.619	901	0.0	670
WP_011015301.1	WP_011014633.1	27.955	626	9.78e-50	182
WP_011015301.1	WP_227747665.1	25.339	663	2.00e-37	145
WP_011015302.1	WP_011015302.1	100.000	477	0.0	966
WP_011015302.1	WP_011013757.1	32.640	481	1.38e-71	232
WP_011015304.1	WP_011015304.1	100.000	627	0.0	1307
WP_011015304.1	WP_208400605.1	41.700	247	1.99e-53	182
WP_011015304.1	WP_011014163.1	26.761	213	2.19e-13	69.3
WP_011015305.1	WP_011015305.1	100.000	572	0.0	1176
WP_011015305.1	WP_011015307.1	55.612	588	0.0	631
WP_011015305.1	WP_011015306.1	24.377	562	7.09e-25	105
WP_011015305.1	WP_227747737.1	24.576	472	1.42e-24	104
WP_011015306.1	WP_011015306.1	100.000	647	0.0	1320
WP_011015306.1	WP_227747737.1	32.599	681	4.34e-109	340
WP_011015306.1	WP_011015305.1	23.792	559	1.54e-24	104
WP_011015306.1	WP_011015307.1	24.303	502	5.92e-19	87.0
WP_011015307.1	WP_011015307.1	100.000	574	0.0	1176
WP_011015307.1	WP_011015305.1	55.782	588	0.0	631
WP_011015307.1	WP_011015306.1	24.303	502	5.25e-19	87.0
WP_011015307.1	WP_227747737.1	22.391	460	1.67e-15	75.9
WP_011015308.1	WP_011015308.1	100.000	481	0.0	936
WP_011015308.1	WP_011015167.1	54.072	442	7.40e-159	454
WP_011015308.1	WP_003854772.1	30.140	428	2.70e-54	186
WP_011015308.1	WP_011014147.1	29.439	428	1.65e-43	155
WP_011015308.1	WP_011013615.1	25.571	438	5.04e-31	122
WP_011015308.1	WP_003859734.1	27.009	448	4.52e-27	110
WP_011015308.1	WP_011015248.1	27.095	358	2.76e-23	99.0
WP_011015308.1	WP_041625642.1	24.854	342	1.92e-19	87.0
WP_011015308.1	WP_011014299.1	25.122	410	6.35e-17	79.3
WP_011015308.1	WP_011015504.1	26.357	387	7.64e-14	69.7
WP_011015308.1	WP_011014092.1	25.610	246	7.85e-12	63.2
WP_011015308.1	WP_011014408.1	24.848	165	6.54e-11	60.5
WP_011015308.1	WP_003862889.1	26.875	160	6.50e-10	57.4
WP_011015308.1	WP_011013368.1	29.744	195	1.68e-07	49.7
WP_011015308.1	WP_011014146.1	24.022	179	3.41e-07	48.5
WP_011015309.1	WP_011015309.1	100.000	317	0.0	658
WP_011015310.1	WP_011015310.1	100.000	526	0.0	1077
WP_011015310.1	WP_011014498.1	32.026	153	7.12e-12	64.3
WP_011015311.1	WP_011015311.1	100.000	266	0.0	525
WP_011015311.1	WP_011013399.1	29.851	268	2.71e-18	79.0
WP_011015312.1	WP_011015312.1	100.000	231	3.23e-171	467
WP_011015314.1	WP_011015314.1	100.000	159	2.54e-114	317
WP_011015316.1	WP_011015316.1	100.000	201	6.31e-149	408
WP_011015317.1	WP_011015317.1	100.000	853	0.0	1730
WP_011015317.1	WP_011265753.1	35.088	228	6.00e-34	134
WP_011015318.1	WP_011015318.1	100.000	314	0.0	633
WP_011015319.1	WP_011015319.1	100.000	427	0.0	842
WP_011015320.1	WP_011015320.1	100.000	158	5.08e-114	316
WP_011015321.1	WP_011015321.1	100.000	141	1.25e-94	266
WP_011015323.1	WP_011015323.1	100.000	411	0.0	825
WP_011015323.1	WP_011013721.1	36.528	386	1.45e-74	235
WP_011015323.1	WP_041625711.1	34.343	198	1.56e-11	62.0
WP_011015323.1	WP_011014816.1	25.926	243	4.83e-10	57.4
WP_011015323.1	WP_011013602.1	29.717	212	5.98e-08	50.8
WP_011015323.1	WP_011013815.1	28.643	199	1.02e-06	47.0
WP_011015323.1	WP_011013454.1	28.042	189	3.67e-06	45.4
WP_011015324.1	WP_011015324.1	100.000	148	3.02e-106	296
WP_011015324.1	WP_011265516.1	34.559	136	9.54e-14	61.2
WP_011015325.1	WP_011015325.1	100.000	1295	0.0	2588
WP_011015325.1	WP_011013532.1	25.577	520	4.93e-15	75.9
WP_011015325.1	WP_003855494.1	25.410	366	1.95e-08	54.7
WP_011015326.1	WP_011015326.1	100.000	521	0.0	1066
WP_011015326.1	WP_011013348.1	33.827	473	5.39e-63	210
WP_011015326.1	WP_011013683.1	32.900	462	3.14e-62	207
WP_011015326.1	WP_011013720.1	30.947	475	8.06e-60	202
WP_011015326.1	WP_011015386.1	30.213	470	2.55e-53	184
WP_011015326.1	WP_011015295.1	31.982	444	2.19e-52	181
WP_011015326.1	WP_011013433.1	28.602	472	1.78e-45	163
WP_011015326.1	WP_172820765.1	25.610	410	1.04e-24	105
WP_011015328.1	WP_011015328.1	100.000	60	4.54e-39	119
WP_011015329.1	WP_011015329.1	100.000	403	0.0	831
WP_011015331.1	WP_011015331.1	100.000	818	0.0	1666
WP_011015332.1	WP_011015332.1	100.000	933	0.0	1925
WP_011015333.1	WP_011015333.1	100.000	1197	0.0	2443
WP_011015334.1	WP_011015334.1	100.000	893	0.0	1783
WP_011015335.1	WP_011015335.1	100.000	204	4.96e-140	386
WP_011015336.1	WP_011015336.1	100.000	457	0.0	928
WP_011015337.1	WP_011015337.1	100.000	1019	0.0	2035
WP_011015337.1	WP_011013521.1	31.429	1015	2.57e-102	340
WP_011015337.1	WP_172820762.1	26.455	378	6.76e-21	94.0
WP_011015337.1	WP_011265998.1	27.037	270	1.89e-20	92.8
WP_011015339.1	WP_011015339.1	100.000	169	2.01e-122	338
WP_011015340.1	WP_011015340.1	100.000	221	6.62e-160	437
WP_011015341.1	WP_011015341.1	100.000	335	0.0	679
WP_011015343.1	WP_011015343.1	100.000	280	0.0	569
WP_011015345.1	WP_011015345.1	100.000	310	0.0	627
WP_011015345.1	WP_004567959.1	32.215	298	2.34e-36	129
WP_011015345.1	WP_003861735.1	32.114	246	7.22e-33	119
WP_011015345.1	WP_011014850.1	31.466	232	3.42e-31	115
WP_011015345.1	WP_011013996.1	32.667	300	8.13e-30	112
WP_011015345.1	WP_011014450.1	28.939	311	3.45e-29	110
WP_011015345.1	WP_003854632.1	31.727	249	5.76e-28	107
WP_011015345.1	WP_011014374.1	34.896	192	7.17e-25	97.1
WP_011015345.1	WP_003857431.1	28.571	217	1.98e-23	93.2
WP_011015345.1	WP_011013642.1	30.208	192	3.89e-22	91.7
WP_011015345.1	WP_011013802.1	30.876	217	4.47e-22	90.1
WP_011015345.1	WP_011015040.1	31.416	226	1.56e-21	90.9
WP_011015345.1	WP_011015040.1	31.696	224	4.26e-17	77.8
WP_011015345.1	WP_011014379.1	31.356	236	1.84e-21	88.2
WP_011015345.1	WP_003858826.1	27.753	227	2.37e-21	87.8
WP_011015345.1	WP_003858089.1	28.767	219	4.57e-21	86.7
WP_011015345.1	WP_011013479.1	29.439	214	1.77e-20	86.3
WP_011015345.1	WP_011014492.1	29.167	216	5.51e-20	84.0
WP_011015345.1	WP_011265940.1	30.769	221	1.47e-19	82.8
WP_011015345.1	WP_011013985.1	28.436	211	1.71e-19	82.4
WP_011015345.1	WP_011014233.1	27.354	223	1.64e-18	82.0
WP_011015345.1	WP_011014233.1	24.519	208	1.92e-08	51.6
WP_011015345.1	WP_011014212.1	29.907	214	1.87e-18	79.7
WP_011015345.1	WP_011013984.1	28.509	228	7.24e-18	77.8
WP_011015345.1	WP_003860245.1	29.108	213	2.56e-17	77.0
WP_011015345.1	WP_011014327.1	25.532	235	4.53e-17	77.4
WP_011015345.1	WP_011014807.1	29.004	231	5.48e-17	77.8
WP_011015345.1	WP_011014807.1	31.429	245	3.84e-16	75.1
WP_011015345.1	WP_011015140.1	26.415	212	1.74e-16	75.5
WP_011015345.1	WP_011013807.1	26.293	232	9.64e-16	72.4
WP_011015345.1	WP_011013906.1	26.267	217	1.91e-15	71.2
WP_011015345.1	WP_011015118.1	27.230	213	3.12e-15	72.4
WP_011015345.1	WP_011015118.1	28.452	239	8.70e-13	65.1
WP_011015345.1	WP_011013851.1	25.328	229	3.82e-15	71.2
WP_011015345.1	WP_011265986.1	30.328	244	4.08e-15	72.0
WP_011015345.1	WP_011014540.1	26.733	202	7.99e-15	68.6
WP_011015345.1	WP_003855103.1	24.895	237	8.40e-15	68.9
WP_011015345.1	WP_003857536.1	29.379	177	7.13e-14	66.2
WP_011015345.1	WP_011013698.1	26.389	216	1.68e-13	65.9
WP_011015345.1	WP_011013968.1	29.143	175	4.86e-13	65.9
WP_011015345.1	WP_011013968.1	27.103	214	4.61e-09	53.5
WP_011015345.1	WP_011013466.1	26.630	184	1.11e-12	63.5
WP_011015345.1	WP_011013338.1	26.786	224	1.11e-12	63.5
WP_011015345.1	WP_011015221.1	26.761	213	2.82e-12	62.0
WP_011015345.1	WP_011013931.1	25.926	216	8.52e-12	60.5
WP_011015345.1	WP_011014910.1	29.493	217	8.95e-12	62.0
WP_011015345.1	WP_011014216.1	25.131	191	1.43e-11	60.5
WP_011015345.1	WP_011013331.1	24.528	212	2.63e-11	58.9
WP_011015345.1	WP_011015133.1	28.155	206	2.67e-11	60.5
WP_011015345.1	WP_011015133.1	24.793	242	6.31e-11	59.3
WP_011015345.1	WP_011015261.1	31.973	147	7.10e-11	57.8
WP_011015345.1	WP_011014139.1	26.244	221	7.49e-11	59.3
WP_011015345.1	WP_003862124.1	29.319	191	1.12e-10	58.5
WP_011015345.1	WP_003862124.1	29.487	156	1.14e-06	46.2
WP_011015345.1	WP_011015284.1	24.370	238	1.25e-10	57.4
WP_011015345.1	WP_003856990.1	26.471	238	1.63e-10	57.0
WP_011015345.1	WP_011013783.1	24.569	232	1.75e-10	56.6
WP_011015345.1	WP_011265694.1	31.548	168	8.06e-10	55.8
WP_011015345.1	WP_011013712.1	26.866	201	9.72e-10	55.8
WP_011015345.1	WP_011013712.1	23.246	228	5.43e-08	50.4
WP_011015345.1	WP_011013333.1	26.457	223	1.77e-09	53.9
WP_011015345.1	WP_011014351.1	25.893	224	7.35e-09	52.8
WP_011015345.1	WP_011014351.1	27.273	154	8.74e-07	46.6
WP_011015345.1	WP_011015020.1	26.702	191	8.75e-09	52.8
WP_011015345.1	WP_011014012.1	25.616	203	1.60e-08	52.0
WP_011015345.1	WP_011014089.1	30.899	178	2.43e-08	51.2
WP_011015345.1	WP_011014089.1	34.831	89	7.66e-07	46.6
WP_011015345.1	WP_011014443.1	26.961	204	4.18e-08	50.4
WP_011015345.1	WP_011013622.1	23.207	237	4.37e-08	49.7
WP_011015345.1	WP_011014785.1	30.556	180	9.12e-08	48.5
WP_011015345.1	WP_011014362.1	23.529	221	5.84e-07	47.0
WP_011015345.1	WP_011014424.1	25.322	233	3.97e-06	44.7
WP_011015348.1	WP_011015348.1	100.000	344	0.0	698
WP_011015348.1	WP_011014779.1	26.404	178	5.38e-13	65.1
WP_011015349.1	WP_011015349.1	100.000	822	0.0	1672
WP_011015349.1	WP_011014933.1	29.682	283	3.98e-17	82.4
WP_011015349.1	WP_011013341.1	29.208	202	1.17e-13	70.5
WP_011015349.1	WP_011013340.1	27.397	219	2.88e-11	63.2
WP_011015350.1	WP_011015350.1	100.000	461	0.0	935
WP_011015351.1	WP_011015351.1	100.000	455	0.0	925
WP_011015351.1	WP_011015406.1	74.279	451	0.0	694
WP_011015351.1	WP_011013454.1	31.977	172	1.79e-10	59.3
WP_011015352.1	WP_011015352.1	100.000	182	2.24e-135	372
WP_011015353.1	WP_011015353.1	100.000	336	0.0	698
WP_011015353.1	WP_011266003.1	25.882	255	9.54e-25	99.4
WP_011015355.1	WP_011015355.1	100.000	133	5.15e-91	256
WP_011015359.1	WP_011015359.1	100.000	380	0.0	770
WP_011015360.1	WP_011015360.1	100.000	206	1.33e-150	413
WP_011015360.1	WP_003862544.1	33.178	214	9.08e-24	90.9
WP_011015360.1	WP_011014822.1	27.053	207	5.94e-21	83.2
WP_011015360.1	WP_003860075.1	26.108	203	1.76e-13	63.2
WP_011015360.1	WP_003854586.1	25.561	223	5.39e-12	59.3
WP_011015360.1	WP_003863097.1	30.370	135	7.16e-08	47.8
WP_011015360.1	WP_011013940.1	31.897	116	1.13e-07	47.0
WP_011015361.1	WP_011015361.1	100.000	430	0.0	879
WP_011015363.1	WP_011015363.1	100.000	344	0.0	704
WP_011015366.1	WP_011015366.1	100.000	274	0.0	564
WP_011015366.1	WP_011014355.1	30.348	201	1.18e-19	83.2
WP_011015366.1	WP_011013827.1	23.077	247	6.17e-14	67.0
WP_011015367.1	WP_011015367.1	100.000	240	8.80e-179	487
WP_011015368.1	WP_011015368.1	100.000	459	0.0	910
WP_011015369.1	WP_011015369.1	100.000	133	1.79e-93	262
WP_011015370.1	WP_011015370.1	100.000	852	0.0	1705
WP_011015370.1	WP_011015301.1	42.286	901	0.0	667
WP_011015370.1	WP_227747665.1	35.537	242	2.19e-31	126
WP_011015370.1	WP_227747665.1	24.199	281	2.39e-17	82.8
WP_011015370.1	WP_011014633.1	31.317	281	1.05e-26	112
WP_011015370.1	WP_011014633.1	27.509	269	1.28e-19	90.1
WP_011015371.1	WP_011015371.1	100.000	449	0.0	884
WP_011015373.1	WP_011015373.1	100.000	340	0.0	683
WP_011015373.1	WP_011014254.1	28.632	234	1.98e-14	69.3
WP_011015374.1	WP_011015374.1	100.000	390	0.0	785
WP_011015374.1	WP_011014413.1	39.048	210	1.51e-37	135
WP_011015374.1	WP_011015465.1	28.916	166	9.02e-08	50.4
WP_011015375.1	WP_011015375.1	100.000	347	0.0	713
WP_011015375.1	WP_011014963.1	32.727	110	1.45e-07	48.5
WP_011015375.1	WP_011014896.1	25.170	147	3.64e-07	47.8
WP_011015376.1	WP_011015376.1	100.000	382	0.0	772
WP_011015376.1	WP_011015127.1	33.245	376	1.30e-56	186
WP_011015376.1	WP_003854667.1	28.162	419	3.09e-33	125
WP_011015377.1	WP_011015377.1	100.000	189	7.04e-138	379
WP_011015380.1	WP_011015380.1	100.000	375	0.0	773
WP_011015381.1	WP_011015381.1	100.000	269	0.0	551
WP_011015382.1	WP_011015382.1	100.000	385	0.0	787
WP_011015383.1	WP_011015383.1	100.000	266	0.0	547
WP_011015384.1	WP_011015384.1	100.000	81	5.24e-56	164
WP_011015385.1	WP_011015385.1	100.000	378	0.0	771
WP_011015385.1	WP_011014530.1	74.444	90	5.39e-38	129
WP_011015386.1	WP_011015386.1	100.000	506	0.0	1043
WP_011015386.1	WP_011013720.1	36.515	482	1.94e-80	256
WP_011015386.1	WP_011013348.1	37.053	475	6.77e-78	249
WP_011015386.1	WP_011015295.1	34.755	469	6.76e-68	223
WP_011015386.1	WP_011013683.1	32.548	467	2.97e-62	207
WP_011015386.1	WP_011013433.1	30.508	472	1.29e-58	198
WP_011015386.1	WP_011015326.1	30.213	470	2.37e-55	190
WP_011015386.1	WP_172820765.1	24.658	438	7.37e-21	92.8
WP_011015386.1	WP_011013661.1	23.953	430	2.08e-16	78.2
WP_011015387.1	WP_011015387.1	100.000	146	1.45e-106	296
WP_011015388.1	WP_011015388.1	100.000	395	0.0	798
WP_011015388.1	WP_011015015.1	39.916	238	9.18e-44	153
WP_011015389.1	WP_011015389.1	100.000	218	3.72e-157	430
WP_011015390.1	WP_011015390.1	100.000	618	0.0	1234
WP_011015390.1	WP_011015077.1	27.671	365	2.07e-19	87.8
WP_011015391.1	WP_011015391.1	100.000	476	0.0	939
WP_011015391.1	WP_011014057.1	51.799	417	1.12e-138	404
WP_011015392.1	WP_011015392.1	100.000	186	1.54e-136	375
WP_011015393.1	WP_011015393.1	100.000	368	0.0	741
WP_011015394.1	WP_011015394.1	100.000	1111	0.0	2269
WP_011015395.1	WP_011015395.1	100.000	212	2.89e-157	430
WP_011015396.1	WP_011015396.1	100.000	495	0.0	984
WP_011015397.1	WP_011015397.1	100.000	345	0.0	708
WP_011015397.1	WP_011013485.1	31.056	322	2.45e-47	160
WP_011015397.1	WP_011013571.1	30.514	331	4.00e-39	138
WP_011015397.1	WP_003863269.1	27.616	344	3.68e-21	89.7
WP_011015397.1	WP_020948586.1	29.032	279	1.22e-20	87.8
WP_011015397.1	WP_011265496.1	23.982	221	2.29e-14	69.3
WP_011015397.1	WP_011015614.1	21.739	276	6.92e-12	62.0
WP_011015397.1	WP_011015560.1	25.926	216	9.04e-09	52.8
WP_011015397.1	WP_231838278.1	28.351	194	1.77e-08	51.6
WP_011015397.1	WP_011015197.1	24.169	331	1.11e-07	49.3
WP_011015399.1	WP_011015399.1	100.000	69	6.01e-45	135
WP_011015401.1	WP_011015401.1	100.000	309	0.0	596
WP_011015402.1	WP_011015402.1	100.000	241	2.05e-171	468
WP_011015403.1	WP_011015403.1	100.000	304	0.0	618
WP_011015405.1	WP_011015405.1	100.000	561	0.0	1152
WP_011015406.1	WP_011015406.1	100.000	457	0.0	923
WP_011015406.1	WP_011015351.1	74.279	451	0.0	674
WP_011015406.1	WP_011013454.1	27.841	176	1.56e-07	49.7
WP_011015408.1	WP_011015408.1	100.000	122	7.21e-89	250
WP_011015409.1	WP_011015409.1	100.000	510	0.0	994
WP_011015410.1	WP_011015410.1	100.000	188	1.08e-135	374
WP_011015411.1	WP_011015411.1	100.000	334	0.0	670
WP_011015412.1	WP_011015412.1	100.000	244	0.0	501
WP_011015412.1	WP_011015413.1	43.220	236	4.30e-56	176
WP_011015413.1	WP_011015413.1	100.000	240	1.25e-178	486
WP_011015413.1	WP_011015412.1	43.220	236	4.23e-56	176
WP_011015414.1	WP_011015414.1	100.000	403	0.0	798
WP_011015415.1	WP_011015415.1	100.000	441	0.0	895
WP_011015416.1	WP_011015416.1	100.000	579	0.0	1112
WP_011015416.1	WP_011015520.1	50.000	50	2.26e-09	51.2
WP_011015418.1	WP_011015418.1	100.000	214	1.59e-151	416
WP_011015419.1	WP_011015419.1	100.000	250	4.76e-172	471
WP_011015420.1	WP_011015420.1	100.000	272	0.0	553
WP_011015421.1	WP_011015421.1	100.000	301	0.0	616
WP_011015421.1	WP_011014797.1	31.164	292	1.71e-22	92.0
WP_011015421.1	WP_011014308.1	31.507	292	1.46e-21	89.4
WP_011015422.1	WP_011015422.1	100.000	325	0.0	656
WP_011015423.1	WP_011015423.1	100.000	64	9.97e-43	129
WP_011015424.1	WP_011015424.1	100.000	196	8.53e-146	400
WP_011015424.1	WP_227747739.1	39.106	179	3.54e-42	136
WP_011015425.1	WP_011015425.1	100.000	386	0.0	789
WP_011015425.1	WP_003859226.1	27.586	203	6.54e-12	63.2
WP_011015426.1	WP_011015426.1	100.000	208	2.81e-154	422
WP_011015431.1	WP_011015431.1	100.000	401	0.0	830
WP_011015432.1	WP_011015432.1	100.000	419	0.0	835
WP_011015433.1	WP_011015433.1	100.000	439	0.0	888
WP_011015433.1	WP_011013598.1	29.700	367	2.21e-40	145
WP_011015434.1	WP_011015434.1	100.000	257	0.0	509
WP_011015434.1	WP_011013621.1	24.476	143	2.25e-07	47.8
WP_011015434.1	WP_011013621.1	29.054	148	1.54e-06	45.1
WP_011015435.1	WP_011015435.1	100.000	563	0.0	1133
WP_011015437.1	WP_011015437.1	100.000	148	5.89e-107	298
WP_011015440.1	WP_011015440.1	100.000	356	0.0	697
WP_011015441.1	WP_011015441.1	100.000	272	0.0	552
WP_011015442.1	WP_011015442.1	100.000	474	0.0	923
WP_011015443.1	WP_011015443.1	100.000	367	0.0	746
WP_011015443.1	WP_011013628.1	30.734	218	1.26e-12	65.1
WP_011015443.1	WP_011013672.1	25.616	203	1.73e-06	45.8
WP_011015443.1	WP_101677576.1	27.869	122	3.78e-06	44.7
WP_011015445.1	WP_011015445.1	100.000	257	0.0	520
WP_011015446.1	WP_011015446.1	100.000	610	0.0	1261
WP_011015447.1	WP_011015447.1	100.000	339	0.0	660
WP_011015448.1	WP_011015448.1	100.000	255	0.0	523
WP_011015449.1	WP_011015449.1	100.000	772	0.0	1545
WP_011015449.1	WP_011013489.1	27.008	722	1.52e-45	171
WP_011015449.1	WP_011013977.1	25.977	793	4.10e-40	154
WP_011015449.1	WP_011013775.1	24.308	506	1.08e-24	106
WP_011015450.1	WP_011015450.1	100.000	361	0.0	721
WP_011015452.1	WP_011015452.1	100.000	620	0.0	1261
WP_011015452.1	WP_011013532.1	23.881	536	1.60e-19	88.6
WP_011015452.1	WP_003855494.1	22.168	618	2.23e-15	75.5
WP_011015453.1	WP_011015453.1	100.000	309	0.0	624
WP_011015454.1	WP_011015454.1	100.000	166	2.22e-118	328
WP_011015455.1	WP_011015455.1	100.000	657	0.0	1342
WP_011015455.1	WP_011015457.1	36.735	245	5.56e-44	157
WP_011015455.1	WP_011014060.1	34.386	285	1.20e-34	132
WP_011015455.1	WP_011013583.1	30.943	265	1.43e-32	125
WP_011015455.1	WP_011014938.1	31.418	261	1.55e-31	125
WP_011015455.1	WP_011013975.1	30.651	261	1.37e-30	122
WP_011015455.1	WP_011014683.1	33.333	216	6.71e-25	105
WP_011015455.1	WP_011014683.1	38.655	119	6.41e-15	74.3
WP_011015455.1	WP_011014683.1	29.121	182	6.24e-08	52.0
WP_011015455.1	WP_011014691.1	36.364	198	1.16e-23	102
WP_011015455.1	WP_011014691.1	26.829	205	2.29e-06	47.0
WP_011015455.1	WP_011014691.1	27.007	137	6.19e-06	45.4
WP_011015455.1	WP_011014731.1	36.364	198	2.32e-23	100
WP_011015455.1	WP_011014731.1	26.829	205	6.54e-06	45.4
WP_011015455.1	WP_011013894.1	32.110	218	4.52e-22	96.7
WP_011015455.1	WP_011013894.1	37.815	119	2.42e-14	72.4
WP_011015455.1	WP_011015203.1	32.161	199	2.75e-20	91.3
WP_011015455.1	WP_011015203.1	33.103	145	4.49e-12	65.1
WP_011015456.1	WP_011015456.1	100.000	457	0.0	937
WP_011015456.1	WP_011013981.1	37.555	458	4.06e-82	259
WP_011015456.1	WP_011015008.1	37.336	458	6.09e-82	259
WP_011015456.1	WP_011015123.1	36.543	457	1.41e-79	253
WP_011015457.1	WP_011015457.1	100.000	341	0.0	696
WP_011015457.1	WP_011015455.1	36.735	245	2.25e-44	157
WP_011015457.1	WP_011014060.1	34.035	285	6.15e-36	131
WP_011015457.1	WP_011013583.1	28.531	354	3.41e-25	100
WP_011015457.1	WP_011014938.1	31.690	284	6.78e-25	101
WP_011015457.1	WP_011013975.1	31.690	284	7.47e-25	101
WP_011015457.1	WP_011014014.1	33.333	87	4.86e-07	47.4
WP_011015458.1	WP_011015458.1	100.000	686	0.0	1390
WP_011015459.1	WP_011015459.1	100.000	332	0.0	679
WP_011015460.1	WP_011015460.1	100.000	168	3.07e-119	330
WP_011015462.1	WP_011015462.1	100.000	466	0.0	953
WP_011015463.1	WP_011015463.1	100.000	159	9.69e-114	316
WP_011015464.1	WP_011015464.1	100.000	224	1.85e-161	442
WP_011015465.1	WP_011015465.1	100.000	596	0.0	1238
WP_011015465.1	WP_011014413.1	29.016	193	5.38e-12	63.9
WP_011015465.1	WP_011014150.1	25.974	231	3.92e-11	61.6
WP_011015465.1	WP_011015374.1	28.916	166	1.53e-07	50.1
WP_011015466.1	WP_011015466.1	100.000	401	0.0	834
WP_011015467.1	WP_011015467.1	100.000	692	0.0	1392
WP_011015468.1	WP_011015468.1	100.000	278	0.0	568
WP_011015468.1	WP_003858506.1	27.206	272	4.52e-22	89.4
WP_011015468.1	WP_003853955.1	27.099	262	4.68e-12	61.2
WP_011015469.1	WP_011015469.1	100.000	292	0.0	589
WP_011015469.1	WP_011014941.1	31.383	188	5.35e-12	60.8
WP_011015472.1	WP_011015472.1	100.000	223	5.71e-170	463
WP_011015472.1	WP_003859329.1	29.167	216	2.40e-16	72.0
WP_011015472.1	WP_011014086.1	27.586	203	1.16e-11	58.9
WP_011015472.1	WP_003859605.1	27.411	197	2.09e-08	50.1
WP_011015477.1	WP_011015477.1	100.000	109	4.24e-79	224
WP_011015478.1	WP_011015478.1	100.000	428	0.0	864
WP_011015478.1	WP_011266030.1	30.566	265	1.41e-26	105
WP_011015478.1	WP_011013792.1	29.362	235	5.25e-25	100
WP_011015481.1	WP_011015481.1	100.000	463	0.0	892
WP_011015482.1	WP_011015482.1	100.000	619	0.0	1257
WP_011015482.1	WP_011014873.1	31.915	282	1.17e-26	110
WP_011015482.1	WP_011014873.1	34.524	84	1.81e-06	47.0
WP_011015483.1	WP_011015483.1	100.000	314	0.0	642
WP_011015484.1	WP_011015484.1	100.000	592	0.0	1197
WP_011015485.1	WP_011015485.1	100.000	212	6.02e-157	429
WP_011015486.1	WP_011015486.1	100.000	181	9.12e-136	373
WP_011015486.1	WP_003856821.1	36.000	175	9.67e-36	120
WP_011015487.1	WP_011015487.1	100.000	231	1.54e-167	457
WP_011015487.1	WP_011015280.1	27.684	177	2.36e-10	55.5
WP_011015487.1	WP_011013887.1	43.662	71	6.51e-07	45.8
WP_011015487.1	WP_003862621.1	43.396	53	5.82e-06	42.7
WP_011015488.1	WP_011015488.1	100.000	262	0.0	541
WP_011015488.1	WP_003857487.1	53.962	265	1.36e-105	303
WP_011015489.1	WP_011015489.1	100.000	433	0.0	863
WP_011015489.1	WP_011013531.1	35.446	426	4.89e-74	235
WP_011015489.1	WP_011013638.1	33.333	417	6.43e-70	225
WP_011015489.1	WP_011014385.1	34.615	442	8.01e-61	201
WP_011015489.1	WP_011015605.1	29.867	452	1.12e-56	191
WP_011015489.1	WP_011266071.1	30.126	239	7.82e-24	97.1
WP_011015489.1	WP_011015577.1	24.413	213	1.82e-09	55.8
WP_011015489.1	WP_011015098.1	27.805	205	5.71e-08	50.8
WP_011015489.1	WP_003861178.1	23.874	222	6.39e-08	50.8
WP_011015490.1	WP_011015490.1	100.000	420	0.0	853
WP_011015494.1	WP_011015494.1	100.000	539	0.0	1104
WP_011015495.1	WP_011015495.1	100.000	182	1.95e-134	370
WP_011015498.1	WP_011015498.1	100.000	217	2.82e-165	451
WP_011015499.1	WP_011015499.1	100.000	308	0.0	617
WP_011015499.1	WP_011015253.1	33.480	227	9.22e-22	88.6
WP_011015499.1	WP_011013760.1	25.000	296	9.64e-16	72.8
WP_011015499.1	WP_011013662.1	26.510	298	1.07e-14	69.7
WP_011015499.1	WP_011014757.1	22.468	316	4.00e-14	68.2
WP_011015499.1	WP_003855552.1	38.554	83	1.65e-11	60.1
WP_011015499.1	WP_011013484.1	23.462	260	2.01e-07	47.8
WP_011015500.1	WP_011015500.1	100.000	416	0.0	834
WP_011015501.1	WP_011015501.1	100.000	513	0.0	1021
WP_011015502.1	WP_011015502.1	100.000	471	0.0	964
WP_011015503.1	WP_011015503.1	100.000	211	1.46e-152	418
WP_011015504.1	WP_011015504.1	100.000	488	0.0	939
WP_011015504.1	WP_003859734.1	27.930	401	4.37e-31	122
WP_011015504.1	WP_011014147.1	25.336	446	4.71e-25	103
WP_011015504.1	WP_011013615.1	26.247	461	1.69e-23	100
WP_011015504.1	WP_003854772.1	25.122	410	2.94e-21	92.8
WP_011015504.1	WP_011014299.1	27.595	395	5.25e-19	85.9
WP_011015504.1	WP_011015308.1	27.184	309	4.95e-13	67.4
WP_011015504.1	WP_011015167.1	26.471	238	1.68e-12	65.5
WP_011015504.1	WP_011015248.1	25.753	299	2.50e-09	55.8
WP_011015504.1	WP_011013368.1	23.706	367	5.57e-07	48.1
WP_011015504.1	WP_011014309.1	21.600	250	6.86e-07	47.8
WP_011015504.1	WP_011015577.1	30.216	139	5.11e-06	45.1
WP_011015505.1	WP_011015505.1	100.000	444	0.0	901
WP_011015505.1	WP_003857531.1	40.615	325	1.62e-65	211
WP_011015505.1	WP_011013998.1	23.929	280	3.51e-08	51.6
WP_011015505.1	WP_101677580.1	30.769	130	2.75e-06	45.4
WP_011015506.1	WP_011015506.1	100.000	183	4.29e-134	369
WP_011015507.1	WP_011015507.1	100.000	274	0.0	566
WP_011015508.1	WP_011015508.1	100.000	422	0.0	870
WP_011015508.1	WP_003855313.1	27.660	282	4.80e-26	103
WP_011015509.1	WP_011015509.1	100.000	213	4.45e-161	440
WP_011015510.1	WP_011015510.1	100.000	87	1.05e-52	155
WP_011015511.1	WP_011015511.1	100.000	301	0.0	611
WP_011015511.1	WP_011015437.1	27.632	152	2.85e-07	45.8
WP_011015512.1	WP_011015512.1	100.000	329	0.0	674
WP_011015512.1	WP_011015031.1	38.532	327	1.09e-68	214
WP_011015513.1	WP_011015513.1	100.000	322	0.0	653
WP_011015513.1	WP_003856488.1	23.913	230	3.40e-08	50.4
WP_011015513.1	WP_011013558.1	25.322	233	5.71e-08	49.7
WP_011015515.1	WP_011015515.1	100.000	121	7.18e-87	244
WP_011015515.1	WP_003857140.1	31.818	66	3.66e-06	40.8
WP_011015516.1	WP_011015516.1	100.000	472	0.0	965
WP_011015518.1	WP_011015518.1	100.000	335	0.0	702
WP_011015518.1	WP_011013842.1	97.313	335	0.0	686
WP_011015520.1	WP_011015520.1	100.000	84	1.95e-58	170
WP_011015520.1	WP_011015416.1	50.000	50	2.81e-10	51.2
WP_011015522.1	WP_011015522.1	100.000	240	2.63e-172	470
WP_011015522.1	WP_011015009.1	33.929	224	2.74e-21	87.8
WP_011015523.1	WP_011015523.1	100.000	72	1.12e-48	144
WP_011015523.1	WP_011014562.1	72.917	48	7.24e-18	70.1
WP_011015524.1	WP_011015524.1	100.000	107	1.06e-77	220
WP_011015524.1	WP_003858631.1	89.423	104	2.20e-66	192
WP_011015525.1	WP_011015525.1	100.000	220	6.41e-159	435
WP_011015526.1	WP_011015526.1	100.000	739	0.0	1459
WP_011015526.1	WP_011013619.1	36.418	670	1.16e-101	326
WP_011015526.1	WP_011015537.1	36.394	599	1.11e-85	280
WP_011015526.1	WP_011014176.1	35.702	605	4.71e-79	262
WP_011015526.1	WP_011013685.1	28.549	634	3.61e-52	188
WP_011015526.1	WP_011013648.1	26.351	592	2.18e-37	146
WP_011015526.1	WP_011014439.1	24.961	649	2.78e-31	127
WP_011015527.1	WP_011015527.1	100.000	78	2.22e-52	154
WP_011015527.1	WP_003860938.1	41.538	65	4.32e-08	42.4
WP_011015527.1	WP_003855276.1	42.424	66	4.22e-07	39.7
WP_011015528.1	WP_011015528.1	100.000	57	3.99e-37	114
WP_011015529.1	WP_011015529.1	100.000	399	0.0	801
WP_011015529.1	WP_011015290.1	56.906	362	3.38e-140	401
WP_011015529.1	WP_011015245.1	33.779	299	9.69e-36	133
WP_011015529.1	WP_011013525.1	27.815	302	1.68e-27	110
WP_011015529.1	WP_179300924.1	29.310	290	1.12e-26	107
WP_011015529.1	WP_003855497.1	28.947	228	7.62e-24	99.0
WP_011015529.1	WP_011013941.1	26.879	346	4.50e-21	91.3
WP_011015529.1	WP_011013364.1	32.961	179	4.33e-11	60.8
WP_011015530.1	WP_011015530.1	100.000	240	7.04e-174	474
WP_011015530.1	WP_003853866.1	60.669	239	1.03e-99	287
WP_011015530.1	WP_011013867.1	42.035	226	3.84e-53	168
WP_011015530.1	WP_011013630.1	42.731	227	2.59e-51	163
WP_011015530.1	WP_003863097.1	39.035	228	1.48e-46	151
WP_011015530.1	WP_011013940.1	40.444	225	1.70e-46	151
WP_011015530.1	WP_011013524.1	36.000	225	3.33e-39	132
WP_011015530.1	WP_003854586.1	24.569	232	1.37e-06	44.3
WP_011015531.1	WP_011015531.1	100.000	191	5.05e-139	382
WP_011015531.1	WP_011014137.1	42.105	190	1.21e-47	150
WP_011015531.1	WP_227747685.1	40.909	66	1.49e-10	51.6
WP_011015535.1	WP_011015535.1	100.000	78	5.77e-55	160
WP_011015535.1	WP_003861284.1	85.897	78	3.90e-48	144
WP_011015535.1	WP_011013619.1	45.614	57	8.34e-11	52.4
WP_011015536.1	WP_011015536.1	100.000	105	1.72e-73	209
WP_011015537.1	WP_011015537.1	100.000	625	0.0	1221
WP_011015537.1	WP_011014176.1	78.303	613	0.0	908
WP_011015537.1	WP_011013619.1	39.773	528	1.13e-92	298
WP_011015537.1	WP_011015526.1	36.093	604	2.63e-74	249
WP_011015537.1	WP_011013685.1	31.353	606	1.72e-65	223
WP_011015537.1	WP_011013648.1	27.767	515	1.34e-28	118
WP_011015537.1	WP_011014439.1	34.375	160	1.56e-18	86.3
WP_011015537.1	WP_011014439.1	27.778	234	2.80e-09	56.6
WP_011015540.1	WP_011015540.1	100.000	68	2.12e-44	133
WP_011015540.1	WP_003855276.1	58.462	65	4.85e-21	74.7
WP_011015540.1	WP_003860938.1	55.385	65	2.41e-20	72.8
WP_011015542.1	WP_011015542.1	100.000	192	3.20e-142	390
WP_011015543.1	WP_011015543.1	100.000	510	0.0	1031
WP_011015544.1	WP_011015544.1	100.000	150	1.53e-104	291
WP_011015545.1	WP_011015545.1	100.000	225	4.32e-160	438
WP_011015546.1	WP_011015546.1	100.000	486	0.0	979
WP_011015547.1	WP_011015547.1	100.000	720	0.0	1459
WP_011015547.1	WP_011013529.1	28.405	602	7.31e-43	162
WP_011015547.1	WP_011014821.1	30.455	220	1.68e-07	50.8
WP_011015548.1	WP_011015548.1	100.000	130	3.88e-97	271
WP_011015550.1	WP_011015550.1	100.000	107	1.55e-76	218
WP_011015550.1	WP_011015300.1	50.000	100	1.20e-27	94.0
WP_011015551.1	WP_011015551.1	100.000	312	0.0	648
WP_011015552.1	WP_011015552.1	100.000	421	0.0	842
WP_011015552.1	WP_011013632.1	29.167	144	1.63e-11	62.8
WP_011015552.1	WP_011265965.1	35.115	131	2.75e-11	62.0
WP_011015552.1	WP_011265965.1	29.412	119	6.71e-11	60.5
WP_011015553.1	WP_011015553.1	100.000	612	0.0	1208
WP_011015555.1	WP_011015555.1	100.000	495	0.0	1014
WP_011015557.1	WP_011015557.1	100.000	383	0.0	799
WP_011015559.1	WP_011015559.1	100.000	158	6.00e-118	326
WP_011015560.1	WP_011015560.1	100.000	337	0.0	685
WP_011015560.1	WP_020948586.1	26.074	326	1.54e-14	69.7
WP_011015560.1	WP_011265496.1	27.434	226	7.21e-11	58.9
WP_011015560.1	WP_231838278.1	32.941	170	3.13e-10	57.0
WP_011015560.1	WP_011015397.1	25.926	216	8.83e-09	52.8
WP_011015560.1	WP_011015197.1	31.016	187	2.70e-08	51.2
WP_011015561.1	WP_011015561.1	100.000	392	0.0	752
WP_011015561.1	WP_003854698.1	30.769	403	1.64e-28	112
WP_011015562.1	WP_011015562.1	100.000	392	0.0	776
WP_011015563.1	WP_011015563.1	100.000	494	0.0	1014
WP_011015563.1	WP_003857839.1	20.690	464	2.52e-08	52.4
WP_011015564.1	WP_011015564.1	100.000	197	4.44e-143	393
WP_011015564.1	WP_011015565.1	38.776	147	1.59e-24	92.4
WP_011015565.1	WP_011015565.1	100.000	203	1.20e-149	410
WP_011015565.1	WP_011015564.1	38.776	147	1.60e-27	100
WP_011015567.1	WP_011015567.1	100.000	410	0.0	836
WP_011015568.1	WP_011015568.1	100.000	501	0.0	1019
WP_011015568.1	WP_020948547.1	38.843	484	2.75e-78	254
WP_011015570.1	WP_011015570.1	100.000	107	7.67e-74	211
WP_011015571.1	WP_011015571.1	100.000	203	1.37e-148	407
WP_011015572.1	WP_011015572.1	100.000	308	0.0	637
WP_011015573.1	WP_011015573.1	100.000	952	0.0	1962
WP_011015573.1	WP_011013952.1	29.134	127	9.08e-07	48.9
WP_011015574.1	WP_011015574.1	100.000	143	2.25e-104	291
WP_011015575.1	WP_011015575.1	100.000	121	2.94e-88	248
WP_011015575.1	WP_011014062.1	68.919	74	4.07e-35	113
WP_011015575.1	WP_011265754.1	36.111	72	2.65e-11	52.4
WP_011015576.1	WP_011015576.1	100.000	375	0.0	774
WP_011015577.1	WP_011015577.1	100.000	444	0.0	869
WP_011015577.1	WP_011014103.1	32.099	405	1.61e-59	197
WP_011015577.1	WP_011015098.1	32.898	383	1.11e-56	190
WP_011015577.1	WP_003861178.1	28.536	403	1.69e-30	119
WP_011015577.1	WP_011015083.1	24.808	391	3.64e-21	92.0
WP_011015577.1	WP_011013450.1	23.989	371	3.73e-13	67.4
WP_011015577.1	WP_011014385.1	26.558	369	8.60e-12	63.2
WP_011015577.1	WP_011013531.1	24.107	224	2.28e-07	49.3
WP_011015577.1	WP_003854772.1	23.560	191	1.37e-06	46.6
WP_011015577.1	WP_003862889.1	34.167	120	2.60e-06	45.8
WP_011015577.1	WP_011015489.1	24.413	213	3.00e-06	45.4
WP_011015577.1	WP_011015504.1	30.216	139	4.73e-06	45.1
WP_011015577.1	WP_011014092.1	26.840	231	7.62e-06	44.3
WP_011015578.1	WP_011015578.1	100.000	442	0.0	902
WP_011015579.1	WP_011015579.1	100.000	412	0.0	818
WP_011015579.1	WP_003863112.1	24.594	431	7.28e-06	44.3
WP_011015581.1	WP_011015581.1	100.000	518	0.0	1057
WP_011015581.1	WP_011265665.1	31.534	352	3.42e-37	141
WP_011015581.1	WP_011014263.1	29.302	215	1.02e-14	72.0
WP_011015582.1	WP_011015582.1	100.000	474	0.0	958
WP_011015582.1	WP_003856406.1	28.947	76	2.65e-06	45.1
WP_011015583.1	WP_011015583.1	100.000	513	0.0	990
WP_011015584.1	WP_011015584.1	100.000	270	0.0	549
WP_011015585.1	WP_011015585.1	100.000	528	0.0	1041
WP_011015587.1	WP_011015587.1	100.000	370	0.0	755
WP_011015587.1	WP_011015590.1	46.991	349	5.29e-100	298
WP_011015589.1	WP_011015589.1	100.000	258	0.0	530
WP_011015590.1	WP_011015590.1	100.000	373	0.0	757
WP_011015590.1	WP_011015587.1	46.991	349	9.52e-96	286
WP_011015591.1	WP_011015591.1	100.000	216	3.25e-159	435
WP_011015591.1	WP_020948582.1	28.169	213	2.76e-16	71.2
WP_011015592.1	WP_011015592.1	100.000	52	1.08e-32	102
WP_011015592.1	WP_003855208.1	69.231	52	7.22e-18	65.5
WP_011015592.1	WP_011015593.1	55.357	56	3.73e-10	46.2
WP_011015593.1	WP_011015593.1	100.000	56	7.99e-36	111
WP_011015593.1	WP_003855208.1	75.000	56	2.05e-21	74.7
WP_011015593.1	WP_011015592.1	64.286	56	1.30e-17	65.1
WP_011015594.1	WP_011015594.1	100.000	251	0.0	511
WP_011015594.1	WP_011015298.1	28.313	166	8.71e-10	54.3
WP_011015594.1	WP_011013723.1	26.471	238	1.05e-09	53.9
WP_011015594.1	WP_011015096.1	27.778	180	2.46e-06	43.9
WP_011015594.1	WP_011014905.1	24.171	211	2.94e-06	43.9
WP_011015595.1	WP_011015595.1	100.000	185	3.13e-138	380
WP_011015595.1	WP_011013937.1	35.593	59	3.80e-08	48.1
WP_011015595.1	WP_003856101.1	34.483	58	1.02e-07	46.6
WP_011015596.1	WP_011015596.1	100.000	301	0.0	624
WP_011015596.1	WP_003854925.1	85.959	292	0.0	526
WP_011015596.1	WP_011015093.1	33.898	177	1.81e-25	99.4
WP_011015596.1	WP_003859237.1	29.139	151	1.39e-10	56.6
WP_011015597.1	WP_011015597.1	100.000	363	0.0	736
WP_011015597.1	WP_011014164.1	75.211	355	0.0	536
WP_011015598.1	WP_011015598.1	100.000	508	0.0	1006
WP_011015598.1	WP_011013450.1	55.118	508	1.53e-174	497
WP_011015598.1	WP_011015098.1	25.962	312	2.23e-13	68.6
WP_011015598.1	WP_003861178.1	22.410	415	5.65e-09	54.7
WP_011015598.1	WP_011015577.1	26.872	227	6.51e-09	54.3
WP_011015600.1	WP_011015600.1	100.000	359	0.0	740
WP_011015600.1	WP_011014888.1	25.723	346	2.63e-10	57.4
WP_011015601.1	WP_011015601.1	100.000	293	0.0	590
WP_011015601.1	WP_011013639.1	23.013	239	1.53e-09	55.1
WP_011015602.1	WP_011015602.1	100.000	361	0.0	728
WP_011015602.1	WP_003855225.1	30.814	344	5.12e-40	141
WP_011015602.1	WP_011014888.1	30.548	347	5.59e-23	94.7
WP_011015602.1	WP_011013436.1	27.826	230	5.44e-18	80.5
WP_011015602.1	WP_011013439.1	26.866	201	4.03e-08	50.8
WP_011015604.1	WP_011015604.1	100.000	338	0.0	683
WP_011015605.1	WP_011015605.1	100.000	504	0.0	1013
WP_011015605.1	WP_011015489.1	29.372	446	2.08e-56	191
WP_011015605.1	WP_011013638.1	28.434	415	2.25e-39	145
WP_011015605.1	WP_011013531.1	30.732	410	4.87e-39	144
WP_011015605.1	WP_011014385.1	28.784	403	1.88e-37	140
WP_011015605.1	WP_011266071.1	31.746	252	5.89e-32	120
WP_011015605.1	WP_003861178.1	28.571	238	3.34e-11	61.6
WP_011015605.1	WP_011015098.1	24.828	290	7.41e-08	50.8
WP_011015605.1	WP_011013450.1	24.494	445	3.47e-07	48.9
WP_011015605.1	WP_011015577.1	22.179	257	8.75e-07	47.8
WP_011015607.1	WP_011015607.1	100.000	323	0.0	671
WP_011015608.1	WP_011015608.1	100.000	1643	0.0	3405
WP_011015609.1	WP_011015609.1	100.000	169	4.01e-122	338
WP_011015613.1	WP_011015613.1	100.000	342	0.0	690
WP_011015613.1	WP_011013576.1	42.222	270	1.88e-63	201
WP_011015613.1	WP_011013903.1	35.662	272	2.20e-45	154
WP_011015613.1	WP_011265861.1	31.179	263	2.02e-34	125
WP_011015613.1	WP_011013789.1	28.190	337	2.76e-19	84.0
WP_011015613.1	WP_011014237.1	32.035	231	5.39e-17	77.4
WP_011015613.1	WP_011013805.1	27.740	292	2.27e-16	75.5
WP_011015613.1	WP_011265874.1	24.340	341	1.13e-08	52.4
WP_011015614.1	WP_011015614.1	100.000	325	0.0	646
WP_011015614.1	WP_231838278.1	27.576	330	8.91e-20	85.1
WP_011015614.1	WP_020948586.1	27.619	315	1.54e-19	84.3
WP_011015614.1	WP_011015397.1	21.739	276	6.51e-12	62.0
WP_011015614.1	WP_011265496.1	27.953	254	9.63e-11	58.2
WP_011015615.1	WP_011015615.1	100.000	128	2.52e-87	246
WP_011015616.1	WP_011015616.1	100.000	266	0.0	538
WP_011015616.1	WP_011014382.1	31.557	244	1.15e-20	87.8
WP_011015617.1	WP_011015617.1	100.000	115	3.99e-83	235
WP_011015618.1	WP_011015618.1	100.000	115	4.24e-77	219
WP_011015618.1	WP_011013513.1	35.165	91	8.82e-08	43.5
WP_011015619.1	WP_011015619.1	100.000	237	1.16e-174	476
WP_011015619.1	WP_011265510.1	40.092	217	9.58e-50	160
WP_011015620.1	WP_011015620.1	100.000	322	0.0	653
WP_011015620.1	WP_011265722.1	31.683	101	1.57e-07	48.5
WP_011015621.1	WP_011015621.1	100.000	837	0.0	1679
WP_011015622.1	WP_011015622.1	100.000	1114	0.0	2231
WP_011015624.1	WP_011015624.1	100.000	107	2.16e-76	217
WP_011015624.1	WP_003861174.1	41.304	92	3.87e-22	80.9
WP_011015626.1	WP_011015626.1	100.000	206	1.09e-151	416
WP_011265442.1	WP_011265442.1	100.000	345	0.0	661
WP_011265444.1	WP_011265444.1	100.000	248	0.0	501
WP_011265448.1	WP_011265448.1	100.000	55	4.87e-38	116
WP_011265452.1	WP_011265452.1	100.000	298	0.0	606
WP_011265452.1	WP_003856253.1	32.222	90	2.16e-07	46.2
WP_011265453.1	WP_011265453.1	100.000	541	0.0	1087
WP_011265455.1	WP_011265455.1	100.000	526	0.0	1030
WP_011265456.1	WP_011265456.1	100.000	97	1.11e-71	204
WP_011265465.1	WP_011265465.1	100.000	317	0.0	640
WP_011265466.1	WP_011265466.1	100.000	189	6.94e-140	384
WP_011265468.1	WP_011265468.1	100.000	647	0.0	1299
WP_011265469.1	WP_011265469.1	100.000	487	0.0	995
WP_011265470.1	WP_011265470.1	100.000	577	0.0	1161
WP_011265472.1	WP_011265472.1	100.000	125	1.02e-88	249
WP_011265478.1	WP_011265478.1	100.000	143	1.75e-103	288
WP_011265482.1	WP_011265482.1	100.000	115	4.67e-85	239
WP_011265489.1	WP_011265489.1	100.000	495	0.0	1020
WP_011265494.1	WP_011265494.1	100.000	313	0.0	644
WP_011265495.1	WP_011265495.1	100.000	298	0.0	601
WP_011265496.1	WP_011265496.1	100.000	318	0.0	636
WP_011265496.1	WP_020948586.1	27.134	328	7.84e-22	90.5
WP_011265496.1	WP_231838278.1	28.239	301	2.34e-17	77.8
WP_011265496.1	WP_011015397.1	23.556	225	2.19e-14	69.3
WP_011265496.1	WP_011015197.1	27.488	211	3.83e-11	59.7
WP_011265496.1	WP_011015560.1	27.928	222	6.68e-11	58.9
WP_011265496.1	WP_011015614.1	27.953	254	9.33e-11	58.2
WP_011265496.1	WP_011013485.1	24.776	335	3.14e-09	53.9
WP_011265496.1	WP_011013571.1	28.455	246	1.53e-07	48.5
WP_011265504.1	WP_011265504.1	100.000	479	0.0	943
WP_011265504.1	WP_011014362.1	22.888	367	1.57e-07	50.1
WP_011265505.1	WP_011265505.1	100.000	386	0.0	792
WP_011265505.1	WP_011014423.1	99.482	386	0.0	786
WP_011265505.1	WP_101677571.1	30.128	156	3.60e-10	57.4
WP_011265505.1	WP_096633838.1	29.412	187	3.75e-09	54.3
WP_011265506.1	WP_011265506.1	100.000	210	5.29e-156	427
WP_011265509.1	WP_011265509.1	100.000	151	2.91e-111	309
WP_011265509.1	WP_011015286.1	28.859	149	9.37e-20	77.4
WP_011265510.1	WP_011265510.1	100.000	251	0.0	499
WP_011265510.1	WP_011015619.1	40.092	217	1.01e-49	160
WP_011265513.1	WP_011265513.1	100.000	115	1.89e-79	225
WP_011265516.1	WP_011265516.1	100.000	155	1.57e-109	305
WP_011265516.1	WP_011015324.1	34.559	136	9.99e-14	61.2
WP_011265526.1	WP_011265526.1	100.000	79	2.30e-56	164
WP_011265531.1	WP_011265531.1	100.000	364	0.0	740
WP_011265531.1	WP_003853634.1	25.387	323	4.43e-09	53.9
WP_011265532.1	WP_011265532.1	100.000	328	0.0	658
WP_011265533.1	WP_011265533.1	100.000	604	0.0	1221
WP_011265539.1	WP_011265539.1	100.000	307	0.0	605
WP_011265539.1	WP_003858460.1	74.919	307	7.81e-166	460
WP_011265539.1	WP_011013572.1	28.571	266	3.38e-15	70.9
WP_011265540.1	WP_011265540.1	100.000	173	3.95e-128	353
WP_011265543.1	WP_011265543.1	100.000	87	3.75e-61	177
WP_011265544.1	WP_011265544.1	100.000	434	0.0	873
WP_011265545.1	WP_011265545.1	100.000	217	1.11e-164	449
WP_011265546.1	WP_011265546.1	100.000	222	1.72e-158	434
WP_011265553.1	WP_011265553.1	100.000	309	0.0	617
WP_011265553.1	WP_004568167.1	25.402	311	2.71e-20	85.9
WP_011265556.1	WP_011265556.1	100.000	463	0.0	922
WP_011265558.1	WP_011265558.1	100.000	548	0.0	1072
WP_011265558.1	WP_011013848.1	32.075	159	5.95e-13	66.6
WP_011265558.1	WP_011013847.1	27.184	206	4.40e-07	48.1
WP_011265559.1	WP_011265559.1	100.000	139	4.67e-104	290
WP_011265560.1	WP_011265560.1	100.000	358	0.0	726
WP_011265562.1	WP_011265562.1	100.000	437	0.0	895
WP_011265562.1	WP_011014334.1	31.511	311	1.68e-29	115
WP_011265562.1	WP_011015122.1	28.947	304	8.54e-20	87.8
WP_011265562.1	WP_011013682.1	27.356	329	8.91e-19	84.7
WP_011265562.1	WP_011015243.1	23.077	325	8.76e-11	59.7
WP_011265565.1	WP_011265565.1	100.000	425	0.0	839
WP_011265568.1	WP_011265568.1	100.000	324	0.0	657
WP_011265569.1	WP_011265569.1	100.000	1165	0.0	2375
WP_011265571.1	WP_011265571.1	100.000	243	2.52e-179	488
WP_011265574.1	WP_011265574.1	100.000	762	0.0	1578
WP_011265577.1	WP_011265577.1	100.000	174	6.80e-131	360
WP_011265582.1	WP_011265582.1	100.000	1208	0.0	2445
WP_011265582.1	WP_011014790.1	25.862	232	1.15e-13	72.0
WP_011265586.1	WP_011265586.1	100.000	126	2.44e-93	261
WP_011265591.1	WP_011265591.1	100.000	321	0.0	654
WP_011265591.1	WP_011014306.1	31.000	200	3.91e-16	74.7
WP_011265603.1	WP_011265603.1	100.000	307	0.0	623
WP_011265603.1	WP_011013822.1	81.419	296	3.96e-176	486
WP_011265603.1	WP_003859378.1	31.132	212	2.68e-13	66.2
WP_011265603.1	WP_011014088.1	27.778	198	6.15e-08	49.3
WP_011265607.1	WP_011265607.1	100.000	288	0.0	582
WP_011265612.1	WP_011265612.1	100.000	110	5.17e-78	221
WP_011265617.1	WP_011265617.1	100.000	213	1.14e-161	441
WP_011265619.1	WP_011265619.1	100.000	225	7.85e-164	448
WP_011265621.1	WP_011265621.1	100.000	151	4.67e-111	308
WP_011265622.1	WP_011265622.1	100.000	53	2.85e-35	109
WP_011265629.1	WP_011265629.1	100.000	233	2.18e-177	483
WP_011265632.1	WP_011265632.1	100.000	113	3.07e-81	230
WP_011265637.1	WP_011265637.1	100.000	537	0.0	1042
WP_011265637.1	WP_011014389.1	28.092	477	4.06e-37	139
WP_011265637.1	WP_011265677.1	24.818	548	2.06e-35	136
WP_011265642.1	WP_011265642.1	100.000	220	2.56e-164	449
WP_011265645.1	WP_011265645.1	100.000	595	0.0	1189
WP_011265645.1	WP_011015047.1	41.123	552	1.22e-126	383
WP_011265645.1	WP_011015032.1	34.888	536	1.11e-89	286
WP_011265646.1	WP_011265646.1	100.000	177	2.66e-132	364
WP_011265654.1	WP_011265654.1	100.000	63	5.95e-42	127
WP_011265655.1	WP_011265655.1	100.000	177	1.70e-131	362
WP_011265655.1	WP_011013986.1	40.113	177	1.21e-36	122
WP_011265657.1	WP_011265657.1	100.000	91	2.29e-65	188
WP_011265658.1	WP_011265658.1	100.000	578	0.0	1152
WP_011265658.1	WP_011014362.1	38.007	542	2.65e-104	323
WP_011265658.1	WP_011014424.1	33.469	493	1.92e-67	226
WP_011265658.1	WP_011014139.1	29.594	517	2.59e-52	189
WP_011265658.1	WP_011014139.1	21.776	473	2.75e-23	101
WP_011265658.1	WP_011014011.1	28.215	521	3.40e-50	180
WP_011265658.1	WP_011014012.1	25.397	504	7.88e-38	144
WP_011265658.1	WP_011015020.1	31.452	248	6.82e-34	132
WP_011265658.1	WP_011265869.1	32.487	197	1.24e-18	85.5
WP_011265658.1	WP_003854632.1	28.829	222	6.11e-17	79.0
WP_011265658.1	WP_011014865.1	33.838	198	2.99e-15	74.7
WP_011265658.1	WP_011013642.1	29.954	217	5.30e-14	70.1
WP_011265658.1	WP_011015040.1	30.837	227	5.73e-12	64.3
WP_011265658.1	WP_011013931.1	28.384	229	8.31e-12	61.6
WP_011265658.1	WP_011014154.1	36.283	113	1.38e-11	63.2
WP_011265658.1	WP_003858089.1	23.707	232	1.04e-10	58.5
WP_011265658.1	WP_011014379.1	26.692	266	1.35e-10	58.9
WP_011265658.1	WP_011013698.1	26.724	232	1.37e-10	58.5
WP_011265658.1	WP_011014450.1	24.809	262	1.42e-10	59.3
WP_011265658.1	WP_011013622.1	30.189	212	1.93e-10	58.2
WP_011265658.1	WP_011013783.1	25.714	210	7.22e-10	56.2
WP_011265658.1	WP_011013807.1	28.947	228	3.09e-09	54.7
WP_011265658.1	WP_011013985.1	25.439	228	4.50e-09	53.5
WP_011265658.1	WP_011013479.1	25.214	234	6.97e-09	53.9
WP_011265658.1	WP_011014850.1	26.891	238	7.61e-09	53.5
WP_011265658.1	WP_011015140.1	26.609	233	9.01e-09	53.9
WP_011265658.1	WP_011015284.1	29.018	224	9.84e-09	53.1
WP_011265658.1	WP_003860245.1	22.785	237	1.37e-08	52.8
WP_011265658.1	WP_003856445.1	28.814	236	1.81e-08	52.4
WP_011265658.1	WP_011014807.1	26.432	227	2.31e-08	53.1
WP_011265658.1	WP_011014807.1	27.149	221	4.37e-06	45.8
WP_011265658.1	WP_011013331.1	27.650	217	2.62e-08	51.2
WP_011265658.1	WP_011014233.1	25.439	228	3.04e-08	52.8
WP_011265658.1	WP_011265940.1	36.765	68	5.42e-08	50.8
WP_011265658.1	WP_011013996.1	25.410	244	5.64e-08	51.2
WP_011265658.1	WP_011014212.1	27.311	238	5.98e-08	50.4
WP_011265658.1	WP_011013802.1	26.695	236	7.76e-08	50.4
WP_011265658.1	WP_011014492.1	25.328	229	9.93e-08	49.7
WP_011265658.1	WP_011013906.1	24.686	239	1.22e-07	49.7
WP_011265658.1	WP_003857536.1	24.766	214	1.55e-07	48.9
WP_011265658.1	WP_003857431.1	24.215	223	2.81e-07	48.5
WP_011265658.1	WP_011013984.1	27.064	218	3.80e-07	48.1
WP_011265658.1	WP_011015118.1	28.302	159	6.27e-07	48.5
WP_011265658.1	WP_003855103.1	25.592	211	8.64e-07	46.6
WP_011265658.1	WP_003862124.1	27.928	222	9.49e-07	47.8
WP_011265658.1	WP_011265986.1	24.473	237	1.49e-06	47.4
WP_011265658.1	WP_011013712.1	26.636	214	3.69e-06	46.2
WP_011265658.1	WP_011265694.1	22.222	414	4.32e-06	45.8
WP_011265658.1	WP_011013851.1	27.184	206	4.35e-06	45.4
WP_011265658.1	WP_011013333.1	28.161	174	4.77e-06	44.7
WP_011265658.1	WP_003861735.1	28.283	99	5.75e-06	44.7
WP_011265662.1	WP_011265662.1	100.000	832	0.0	1684
WP_011265665.1	WP_011265665.1	100.000	620	0.0	1267
WP_011265665.1	WP_011015581.1	31.534	352	4.09e-37	141
WP_011265665.1	WP_003855176.1	33.333	192	2.43e-17	77.8
WP_011265665.1	WP_011013761.1	25.000	184	1.99e-08	53.5
WP_011265667.1	WP_011265667.1	100.000	190	1.90e-141	388
WP_011265670.1	WP_011265670.1	100.000	276	0.0	540
WP_011265672.1	WP_011265672.1	100.000	93	4.82e-67	192
WP_011265673.1	WP_011265673.1	100.000	277	0.0	564
WP_011265673.1	WP_011014335.1	25.080	311	1.29e-21	89.0
WP_011265673.1	WP_003862210.1	29.864	221	5.56e-12	61.2
WP_011265677.1	WP_011265677.1	100.000	565	0.0	1117
WP_011265677.1	WP_011265637.1	24.818	548	7.84e-35	134
WP_011265677.1	WP_011014389.1	23.602	483	6.20e-13	67.4
WP_011265681.1	WP_011265681.1	100.000	234	1.40e-174	476
WP_011265683.1	WP_011265683.1	100.000	87	3.78e-62	179
WP_011265689.1	WP_011265689.1	100.000	390	0.0	800
WP_011265689.1	WP_011013628.1	32.907	313	4.77e-31	119
WP_011265689.1	WP_101677576.1	27.368	285	1.27e-12	64.7
WP_011265689.1	WP_003859886.1	25.558	403	7.20e-12	62.4
WP_011265689.1	WP_011014943.1	31.515	165	6.35e-08	50.4
WP_011265689.1	WP_011013672.1	23.288	219	6.97e-07	47.4
WP_011265694.1	WP_011265694.1	100.000	511	0.0	998
WP_011265694.1	WP_011014139.1	24.094	552	4.45e-14	71.6
WP_011265694.1	WP_011265869.1	26.150	413	2.26e-12	65.5
WP_011265694.1	WP_011015020.1	23.517	472	4.01e-12	64.7
WP_011265694.1	WP_011014540.1	28.492	179	5.25e-12	61.6
WP_011265694.1	WP_003858826.1	28.796	191	1.87e-11	60.8
WP_011265694.1	WP_011013851.1	34.302	172	4.12e-11	60.8
WP_011265694.1	WP_011014374.1	27.273	187	5.12e-11	59.3
WP_011265694.1	WP_011013807.1	31.844	179	6.06e-11	59.3
WP_011265694.1	WP_003862124.1	32.961	179	4.05e-10	58.2
WP_011265694.1	WP_011014012.1	21.756	501	4.65e-10	58.2
WP_011265694.1	WP_011013931.1	28.000	200	4.76e-10	56.2
WP_011265694.1	WP_003857431.1	28.571	189	1.15e-09	55.5
WP_011265694.1	WP_011015345.1	31.548	168	1.33e-09	55.8
WP_011265694.1	WP_011014011.1	20.851	470	1.77e-09	56.6
WP_011265694.1	WP_011013479.1	29.586	169	1.89e-08	52.4
WP_011265694.1	WP_011013333.1	27.473	182	4.00e-08	50.8
WP_011265694.1	WP_003858089.1	25.381	197	6.43e-08	50.1
WP_011265694.1	WP_011013642.1	29.480	173	6.86e-08	50.8
WP_011265694.1	WP_004567959.1	26.506	166	4.01e-07	48.1
WP_011265694.1	WP_003855103.1	37.838	74	1.57e-06	45.8
WP_011265694.1	WP_003856445.1	30.144	209	1.61e-06	46.2
WP_011265694.1	WP_011014910.1	34.146	164	3.15e-06	45.8
WP_011265694.1	WP_011013622.1	33.880	183	3.21e-06	45.1
WP_011265694.1	WP_011265658.1	22.222	414	3.82e-06	45.8
WP_011265694.1	WP_011014089.1	35.220	159	4.60e-06	45.4
WP_011265694.1	WP_011014450.1	28.402	169	4.84e-06	45.1
WP_011265694.1	WP_011013698.1	28.718	195	6.08e-06	44.3
WP_011265699.1	WP_011265699.1	100.000	622	0.0	1256
WP_011265702.1	WP_011265702.1	100.000	575	0.0	1191
WP_011265702.1	WP_011013532.1	25.806	527	7.24e-42	154
WP_011265702.1	WP_003855494.1	25.505	545	9.60e-35	134
WP_011265702.1	WP_011013660.1	24.105	419	4.91e-11	60.8
WP_011265707.1	WP_011265707.1	100.000	343	0.0	693
WP_011265710.1	WP_011265710.1	100.000	258	0.0	531
WP_011265710.1	WP_011014166.1	32.787	122	1.65e-17	74.7
WP_011265718.1	WP_011265718.1	100.000	496	0.0	1013
WP_011265718.1	WP_011013493.1	34.091	264	3.30e-34	127
WP_011265720.1	WP_011265720.1	100.000	40	8.76e-25	82.0
WP_011265721.1	WP_011265721.1	100.000	153	1.70e-116	322
WP_011265722.1	WP_011265722.1	100.000	336	0.0	692
WP_011265722.1	WP_011015620.1	31.683	101	2.78e-07	47.8
WP_011265725.1	WP_011265725.1	100.000	567	0.0	1125
WP_011265729.1	WP_011265729.1	100.000	101	3.71e-74	211
WP_011265729.1	WP_011265798.1	99.010	101	1.28e-73	209
WP_011265735.1	WP_011265735.1	100.000	282	0.0	553
WP_011265735.1	WP_011014078.1	28.111	217	4.09e-10	55.1
WP_011265736.1	WP_011265736.1	100.000	163	8.79e-122	336
WP_011265737.1	WP_011265737.1	100.000	310	0.0	626
WP_011265737.1	WP_011013848.1	26.837	313	8.74e-30	112
WP_011265737.1	WP_004567523.1	30.172	232	6.32e-21	87.0
WP_011265737.1	WP_011014325.1	26.471	238	2.04e-06	44.7
WP_011265737.1	WP_011013477.1	25.764	229	4.00e-06	43.9
WP_011265737.1	WP_011265558.1	26.897	145	5.74e-06	43.9
WP_011265741.1	WP_011265741.1	100.000	518	0.0	1037
WP_011265741.1	WP_020948580.1	29.541	501	3.06e-54	187
WP_011265741.1	WP_011014000.1	31.887	461	1.45e-45	162
WP_011265741.1	WP_011014139.1	24.164	538	6.80e-21	93.2
WP_011265741.1	WP_011014139.1	32.824	131	8.59e-11	61.2
WP_011265741.1	WP_011015020.1	37.864	103	4.68e-11	61.6
WP_011265741.1	WP_003855103.1	38.824	85	5.71e-10	56.2
WP_011265741.1	WP_011014865.1	29.333	150	2.43e-08	52.8
WP_011265741.1	WP_011014012.1	30.081	123	3.19e-08	52.4
WP_011265741.1	WP_011014011.1	22.420	281	8.91e-08	51.2
WP_011265741.1	WP_011014011.1	27.523	109	8.36e-06	44.7
WP_011265741.1	WP_011014807.1	44.643	56	4.40e-07	48.9
WP_011265741.1	WP_003856445.1	45.455	55	5.20e-07	47.8
WP_011265741.1	WP_011015284.1	58.824	34	6.12e-07	47.4
WP_011265741.1	WP_003857431.1	56.250	32	7.27e-07	47.0
WP_011265741.1	WP_011015040.1	53.846	39	8.82e-07	47.8
WP_011265741.1	WP_011015040.1	36.471	85	2.66e-06	46.2
WP_011265741.1	WP_003858826.1	56.250	32	1.33e-06	46.2
WP_011265741.1	WP_011013333.1	37.681	69	2.42e-06	45.4
WP_011265741.1	WP_011015140.1	41.379	58	4.12e-06	45.4
WP_011265741.1	WP_011014212.1	38.571	70	4.13e-06	44.7
WP_011265741.1	WP_011013851.1	33.803	71	7.12e-06	44.3
WP_011265741.1	WP_011013642.1	45.455	55	9.53e-06	44.3
WP_011265741.1	WP_011014374.1	34.286	70	9.75e-06	43.5
WP_011265749.1	WP_011265749.1	100.000	115	1.55e-83	236
WP_011265753.1	WP_011265753.1	100.000	527	0.0	1075
WP_011265753.1	WP_011015317.1	37.811	201	6.59e-34	133
WP_011265754.1	WP_011265754.1	100.000	86	2.87e-61	177
WP_011265754.1	WP_011014062.1	33.333	78	1.46e-11	52.4
WP_011265754.1	WP_011015575.1	36.111	72	1.89e-11	52.4
WP_011265756.1	WP_011265756.1	100.000	119	4.62e-86	243
WP_011265756.1	WP_011013515.1	70.093	107	3.06e-54	162
WP_011265756.1	WP_011013656.1	32.222	90	1.90e-12	56.2
WP_011265756.1	WP_003855958.1	36.986	73	9.22e-12	53.9
WP_011265756.1	WP_003858445.1	39.130	69	2.84e-08	45.1
WP_011265756.1	WP_020948644.1	31.579	76	3.98e-07	42.4
WP_011265756.1	WP_003855203.1	34.328	67	3.52e-06	39.7
WP_011265756.1	WP_003857049.1	37.705	61	3.90e-06	39.7
WP_011265757.1	WP_011265757.1	100.000	370	0.0	731
WP_011265757.1	WP_011013516.1	77.419	341	0.0	542
WP_011265758.1	WP_011265758.1	100.000	312	0.0	625
WP_011265758.1	WP_011014239.1	29.878	328	1.95e-25	100
WP_011265758.1	WP_003858893.1	25.078	319	3.32e-20	85.9
WP_011265759.1	WP_011265759.1	100.000	341	0.0	681
WP_011265760.1	WP_011265760.1	100.000	117	7.62e-85	239
WP_011265760.1	WP_011014313.1	29.000	100	5.49e-10	49.7
WP_011265761.1	WP_011265761.1	100.000	84	2.17e-58	170
WP_011265767.1	WP_011265767.1	100.000	511	0.0	1031
WP_011265771.1	WP_011265771.1	100.000	62	1.45e-38	118
WP_011265774.1	WP_011265774.1	100.000	274	0.0	563
WP_011265778.1	WP_011265778.1	100.000	637	0.0	1285
WP_011265782.1	WP_011265782.1	100.000	187	6.69e-136	374
WP_011265784.1	WP_011265784.1	100.000	126	1.79e-90	254
WP_011265786.1	WP_011265786.1	100.000	266	0.0	553
WP_011265788.1	WP_011265788.1	100.000	288	0.0	597
WP_011265791.1	WP_011265791.1	100.000	43	1.66e-27	89.4
WP_011265796.1	WP_011265796.1	100.000	331	0.0	687
WP_011265796.1	WP_227747764.1	37.768	233	1.14e-38	135
WP_011265797.1	WP_011265797.1	100.000	139	3.73e-102	285
WP_011265797.1	WP_003862384.1	36.145	83	1.99e-07	43.9
WP_011265798.1	WP_011265798.1	100.000	101	2.50e-74	211
WP_011265798.1	WP_011265729.1	99.010	101	1.28e-73	209
WP_011265799.1	WP_011265799.1	100.000	123	2.19e-90	254
WP_011265799.1	WP_003858795.1	96.748	123	4.26e-88	248
WP_011265799.1	WP_011265876.1	44.355	124	2.00e-27	94.7
WP_011265800.1	WP_011265800.1	100.000	69	8.05e-46	137
WP_011265805.1	WP_011265805.1	100.000	206	1.97e-154	422
WP_011265806.1	WP_011265806.1	100.000	111	2.68e-80	227
WP_011265807.1	WP_011265807.1	100.000	1255	0.0	2590
WP_011265807.1	WP_011013929.1	25.828	302	4.16e-10	60.5
WP_011265811.1	WP_011265811.1	100.000	363	0.0	753
WP_011265814.1	WP_011265814.1	100.000	560	0.0	1164
WP_011265818.1	WP_011265818.1	100.000	253	0.0	528
WP_011265820.1	WP_011265820.1	100.000	153	9.89e-113	313
WP_011265821.1	WP_011265821.1	100.000	169	3.32e-128	353
WP_011265822.1	WP_011265822.1	100.000	279	0.0	562
WP_011265822.1	WP_011014678.1	65.000	280	3.19e-127	359
WP_011265835.1	WP_011265835.1	100.000	418	0.0	830
WP_011265835.1	WP_011014937.1	31.507	219	6.28e-07	48.1
WP_011265837.1	WP_011265837.1	100.000	494	0.0	991
WP_011265837.1	WP_011014752.1	60.841	309	4.91e-129	375
WP_011265842.1	WP_011265842.1	100.000	140	6.34e-104	289
WP_011265844.1	WP_011265844.1	100.000	509	0.0	1022
WP_011265844.1	WP_011014061.1	39.062	64	2.84e-06	45.8
WP_011265854.1	WP_011265854.1	100.000	437	0.0	852
WP_011265857.1	WP_011265857.1	100.000	243	4.34e-165	452
WP_011265861.1	WP_011265861.1	100.000	314	0.0	638
WP_011265861.1	WP_011015613.1	28.655	342	4.44e-35	127
WP_011265861.1	WP_011013576.1	27.719	285	3.76e-34	123
WP_011265861.1	WP_011013903.1	33.175	211	1.64e-30	114
WP_011265861.1	WP_011013789.1	25.714	315	4.27e-11	59.3
WP_011265861.1	WP_011014237.1	27.805	205	5.81e-10	55.8
WP_011265863.1	WP_011265863.1	100.000	443	0.0	863
WP_011265863.1	WP_006285466.1	26.699	412	2.16e-17	80.9
WP_011265868.1	WP_011265868.1	100.000	618	0.0	1250
WP_011265869.1	WP_011265869.1	100.000	541	0.0	1091
WP_011265869.1	WP_011014139.1	25.532	564	3.73e-23	100
WP_011265869.1	WP_011014139.1	32.479	234	1.62e-19	89.0
WP_011265869.1	WP_011015020.1	33.182	220	6.00e-23	99.0
WP_011265869.1	WP_011014012.1	29.583	240	9.34e-23	98.2
WP_011265869.1	WP_011265658.1	32.487	197	1.09e-18	85.9
WP_011265869.1	WP_011013479.1	33.163	196	3.23e-17	79.0
WP_011265869.1	WP_011014362.1	26.948	308	8.35e-17	79.7
WP_011265869.1	WP_011014424.1	30.882	204	1.64e-16	79.0
WP_011265869.1	WP_011014011.1	25.333	300	3.72e-16	77.8
WP_011265869.1	WP_003855103.1	31.863	204	4.18e-16	74.3
WP_011265869.1	WP_003857431.1	31.674	221	7.31e-16	73.9
WP_011265869.1	WP_011014450.1	31.111	225	1.01e-14	72.0
WP_011265869.1	WP_011015140.1	31.604	212	1.10e-14	72.0
WP_011265869.1	WP_011014212.1	27.232	224	1.98e-14	69.7
WP_011265869.1	WP_011014374.1	25.909	220	5.72e-14	68.6
WP_011265869.1	WP_011265940.1	29.130	230	1.20e-13	67.8
WP_011265869.1	WP_003854632.1	27.897	233	1.98e-13	68.2
WP_011265869.1	WP_011265694.1	26.150	413	2.47e-13	68.6
WP_011265869.1	WP_011014865.1	24.074	432	4.17e-13	67.8
WP_011265869.1	WP_011013807.1	28.804	184	5.76e-13	65.5
WP_011265869.1	WP_011014492.1	26.818	220	6.42e-13	65.5
WP_011265869.1	WP_011014807.1	30.165	242	1.56e-12	66.2
WP_011265869.1	WP_011014807.1	29.808	208	2.13e-11	62.8
WP_011265869.1	WP_003860245.1	32.020	203	2.62e-12	63.9
WP_011265869.1	WP_011013851.1	30.516	213	4.37e-12	63.9
WP_011265869.1	WP_011013802.1	28.821	229	4.94e-12	62.8
WP_011265869.1	WP_011014327.1	27.189	217	7.28e-12	63.5
WP_011265869.1	WP_011013698.1	27.948	229	1.14e-11	61.6
WP_011265869.1	WP_011013783.1	29.703	202	1.28e-11	61.2
WP_011265869.1	WP_011013642.1	28.774	212	5.65e-11	60.5
WP_011265869.1	WP_003856445.1	28.415	183	1.51e-10	58.5
WP_011265869.1	WP_011014443.1	25.405	185	2.14e-10	59.3
WP_011265869.1	WP_011013931.1	29.327	208	1.18e-09	55.1
WP_011265869.1	WP_011013338.1	28.194	227	1.49e-09	55.5
WP_011265869.1	WP_011015133.1	26.316	190	2.46e-09	56.2
WP_011265869.1	WP_003857536.1	30.275	218	4.22e-09	53.5
WP_011265869.1	WP_011014850.1	29.293	198	4.74e-09	54.3
WP_011265869.1	WP_011265986.1	31.472	197	5.65e-09	55.1
WP_011265869.1	WP_011015284.1	29.891	184	8.98e-09	53.1
WP_011265869.1	WP_011013331.1	28.837	215	1.11e-08	52.4
WP_011265869.1	WP_020948580.1	29.747	158	1.21e-08	53.9
WP_011265869.1	WP_003858826.1	24.017	229	1.37e-08	52.4
WP_011265869.1	WP_011013968.1	30.460	174	1.54e-08	53.5
WP_011265869.1	WP_011013968.1	27.059	170	2.48e-07	49.7
WP_011265869.1	WP_011014379.1	27.041	196	1.84e-08	52.0
WP_011265869.1	WP_003862124.1	25.000	192	2.23e-08	52.8
WP_011265869.1	WP_003862124.1	31.606	193	1.46e-07	50.1
WP_011265869.1	WP_011015118.1	25.681	257	3.85e-08	52.4
WP_011265869.1	WP_011015118.1	26.872	227	7.77e-07	48.1
WP_011265869.1	WP_011014233.1	26.126	222	1.28e-07	50.4
WP_011265869.1	WP_003858089.1	28.125	160	2.21e-07	48.5
WP_011265869.1	WP_011013622.1	25.862	174	4.00e-07	48.1
WP_011265869.1	WP_003856078.1	24.038	208	5.76e-07	47.4
WP_011265869.1	WP_003861735.1	28.144	167	7.42e-07	47.4
WP_011265869.1	WP_011013985.1	27.329	161	7.92e-07	47.0
WP_011265869.1	WP_004567959.1	26.829	205	1.35e-06	46.6
WP_011265869.1	WP_011014216.1	24.242	198	4.48e-06	45.1
WP_011265869.1	WP_011013996.1	26.961	204	4.71e-06	45.1
WP_011265869.1	WP_011013984.1	31.395	172	7.02e-06	43.9
WP_011265874.1	WP_011265874.1	100.000	329	0.0	654
WP_011265874.1	WP_011015613.1	24.340	341	1.09e-08	52.4
WP_011265874.1	WP_011013806.1	24.151	265	1.42e-06	45.4
WP_011265874.1	WP_003859750.1	23.793	290	5.87e-06	43.9
WP_011265874.1	WP_011013789.1	30.986	142	7.18e-06	43.5
WP_011265876.1	WP_011265876.1	100.000	124	7.04e-92	258
WP_011265876.1	WP_011265799.1	44.355	124	2.02e-27	94.7
WP_011265876.1	WP_003858795.1	44.355	124	5.38e-27	94.0
WP_011265882.1	WP_011265882.1	100.000	1188	0.0	2454
WP_011265882.1	WP_011013785.1	31.789	626	2.27e-88	305
WP_011265883.1	WP_011265883.1	100.000	884	0.0	1797
WP_011265883.1	WP_011014180.1	23.544	412	2.76e-08	53.5
WP_011265889.1	WP_011265889.1	100.000	72	7.69e-47	140
WP_011265892.1	WP_011265892.1	100.000	366	0.0	731
WP_011265892.1	WP_306556813.1	34.579	214	2.80e-26	103
WP_011265892.1	WP_011013676.1	30.275	327	3.01e-26	104
WP_011265894.1	WP_011265894.1	100.000	339	0.0	691
WP_011265894.1	WP_011014945.1	57.407	108	1.47e-42	143
WP_011265894.1	WP_011013812.1	41.071	112	4.22e-17	77.0
WP_011265894.1	WP_020948581.1	37.069	116	1.10e-16	77.4
WP_011265901.1	WP_011265901.1	100.000	605	0.0	1225
WP_011265906.1	WP_011265906.1	100.000	166	5.42e-126	347
WP_011265906.1	WP_011013585.1	34.444	90	4.11e-08	47.4
WP_011265907.1	WP_011265907.1	100.000	333	0.0	684
WP_011265913.1	WP_011265913.1	100.000	320	0.0	653
WP_011265918.1	WP_011265918.1	100.000	200	1.30e-148	407
WP_011265922.1	WP_011265922.1	100.000	604	0.0	1252
WP_011265922.1	WP_011013948.1	28.161	174	6.15e-11	60.8
WP_011265922.1	WP_020948610.1	22.963	405	2.96e-07	49.7
WP_011265924.1	WP_011265924.1	100.000	240	4.55e-180	490
WP_011265924.1	WP_011014567.1	23.636	220	1.39e-11	58.9
WP_011265924.1	WP_227747767.1	22.273	220	1.26e-09	53.5
WP_011265924.1	WP_011014044.1	28.409	176	3.08e-06	43.1
WP_011265924.1	WP_003860791.1	23.894	226	5.21e-06	42.7
WP_011265927.1	WP_011265927.1	100.000	255	0.0	516
WP_011265930.1	WP_011265930.1	100.000	133	6.08e-95	266
WP_011265930.1	WP_003856346.1	36.667	90	1.82e-08	47.0
WP_011265930.1	WP_011013415.1	36.000	75	1.50e-07	45.4
WP_011265932.1	WP_011265932.1	100.000	305	0.0	625
WP_011265932.1	WP_011014301.1	49.097	277	1.10e-84	253
WP_011265932.1	WP_011013705.1	39.764	254	8.16e-59	186
WP_011265932.1	WP_011014076.1	40.711	253	7.15e-51	166
WP_011265932.1	WP_011014239.1	22.531	324	1.56e-07	48.5
WP_011265932.1	WP_174694926.1	66.667	27	1.67e-06	41.2
WP_011265933.1	WP_011265933.1	100.000	507	0.0	1024
WP_011265935.1	WP_011265935.1	100.000	895	0.0	1828
WP_011265935.1	WP_011015089.1	35.845	491	1.76e-83	279
WP_011265935.1	WP_011015089.1	23.762	202	1.45e-07	51.6
WP_011265935.1	WP_003862544.1	43.860	57	1.56e-10	58.5
WP_011265935.1	WP_011014822.1	33.824	68	3.62e-07	48.5
WP_011265935.1	WP_003854586.1	38.333	60	1.49e-06	46.6
WP_011265937.1	WP_011265937.1	100.000	325	0.0	682
WP_011265940.1	WP_011265940.1	100.000	261	0.0	520
WP_011265940.1	WP_011014216.1	37.597	258	2.77e-54	174
WP_011265940.1	WP_011014492.1	31.466	232	1.51e-31	114
WP_011265940.1	WP_011014850.1	34.211	228	7.83e-28	105
WP_011265940.1	WP_003857431.1	33.937	221	4.12e-26	99.4
WP_011265940.1	WP_011013802.1	31.076	251	4.55e-26	99.8
WP_011265940.1	WP_011014450.1	30.000	250	1.19e-25	100
WP_011265940.1	WP_011013698.1	26.891	238	1.28e-25	98.6
WP_011265940.1	WP_011013338.1	29.707	239	4.08e-25	97.1
WP_011265940.1	WP_003858826.1	28.689	244	7.92e-24	93.6
WP_011265940.1	WP_003856445.1	30.738	244	8.18e-24	93.6
WP_011265940.1	WP_003854632.1	30.769	221	5.73e-23	92.8
WP_011265940.1	WP_011013479.1	29.961	257	2.40e-22	90.5
WP_011265940.1	WP_003861735.1	30.702	228	1.08e-21	88.2
WP_011265940.1	WP_011013642.1	33.333	240	6.86e-21	87.0
WP_011265940.1	WP_011013906.1	25.551	227	3.40e-20	83.6
WP_011265940.1	WP_011015345.1	30.769	221	1.24e-19	82.8
WP_011265940.1	WP_011015118.1	31.959	194	2.52e-19	83.6
WP_011265940.1	WP_011015118.1	26.872	227	1.45e-12	63.5
WP_011265940.1	WP_011015040.1	28.241	216	5.40e-19	82.4
WP_011265940.1	WP_011015040.1	23.744	219	1.19e-07	48.5
WP_011265940.1	WP_011014374.1	29.439	214	5.58e-19	80.1
WP_011265940.1	WP_011014379.1	27.381	252	2.84e-18	78.6
WP_011265940.1	WP_003855103.1	29.596	223	4.39e-18	77.4
WP_011265940.1	WP_011013622.1	28.333	240	1.34e-17	76.6
WP_011265940.1	WP_003858089.1	28.571	217	1.45e-17	75.9
WP_011265940.1	WP_011014139.1	27.826	230	2.84e-17	77.8
WP_011265940.1	WP_011014139.1	22.321	224	1.20e-09	55.1
WP_011265940.1	WP_011015261.1	29.004	231	3.45e-17	75.1
WP_011265940.1	WP_011013985.1	28.959	221	8.24e-17	73.9
WP_011265940.1	WP_011013931.1	29.126	206	1.01e-16	73.6
WP_011265940.1	WP_011014807.1	27.074	229	2.46e-16	74.7
WP_011265940.1	WP_011014807.1	29.767	215	1.27e-11	60.8
WP_011265940.1	WP_011014327.1	28.879	232	1.22e-15	72.4
WP_011265940.1	WP_011015020.1	27.273	231	2.08e-15	72.0
WP_011265940.1	WP_011013996.1	28.326	233	6.21e-15	69.7
WP_011265940.1	WP_011013807.1	26.840	231	9.14e-15	68.6
WP_011265940.1	WP_011014233.1	27.700	213	1.53e-14	69.3
WP_011265940.1	WP_011014233.1	24.402	209	7.50e-08	49.3
WP_011265940.1	WP_011013851.1	28.033	239	3.52e-14	67.8
WP_011265940.1	WP_011265869.1	29.130	230	4.34e-14	68.2
WP_011265940.1	WP_004567959.1	25.652	230	4.89e-14	67.0
WP_011265940.1	WP_003860245.1	27.193	228	9.92e-14	65.9
WP_011265940.1	WP_003857536.1	31.395	172	1.05e-13	65.1
WP_011265940.1	WP_011014212.1	30.870	230	3.08e-13	63.9
WP_011265940.1	WP_011265986.1	25.877	228	3.92e-13	65.5
WP_011265940.1	WP_011013712.1	29.630	243	5.30e-13	64.7
WP_011265940.1	WP_011013712.1	23.744	219	3.06e-08	50.4
WP_011265940.1	WP_011014011.1	26.891	238	1.68e-12	63.5
WP_011265940.1	WP_011015221.1	28.829	222	2.38e-12	61.6
WP_011265940.1	WP_011013331.1	28.774	212	3.05e-12	60.8
WP_011265940.1	WP_011014012.1	22.780	259	5.30e-12	62.0
WP_011265940.1	WP_003862124.1	30.928	194	7.03e-12	61.2
WP_011265940.1	WP_003862124.1	30.994	171	2.72e-06	44.3
WP_011265940.1	WP_011013984.1	24.390	246	7.36e-12	60.1
WP_011265940.1	WP_011015140.1	26.047	215	1.27e-11	60.5
WP_011265940.1	WP_011013968.1	29.648	199	4.78e-11	58.9
WP_011265940.1	WP_011013968.1	28.505	214	2.10e-10	57.0
WP_011265940.1	WP_011013783.1	29.167	216	6.85e-11	57.4
WP_011265940.1	WP_011015133.1	29.293	198	4.34e-10	56.2
WP_011265940.1	WP_011015133.1	31.771	192	7.25e-10	55.5
WP_011265940.1	WP_003856990.1	26.415	212	6.75e-10	54.7
WP_011265940.1	WP_011015284.1	25.000	204	1.53e-09	53.5
WP_011265940.1	WP_011013333.1	28.079	203	3.25e-09	52.4
WP_011265940.1	WP_011014443.1	28.643	199	1.45e-08	51.6
WP_011265940.1	WP_011014443.1	25.105	239	4.20e-06	43.9
WP_011265940.1	WP_011265658.1	36.765	68	2.45e-08	50.8
WP_011265940.1	WP_011014089.1	29.864	221	9.22e-08	48.9
WP_011265940.1	WP_011014089.1	26.136	176	6.42e-06	43.1
WP_011265940.1	WP_011014785.1	26.852	216	3.36e-07	46.2
WP_011265940.1	WP_011014865.1	32.044	181	4.63e-07	47.0
WP_011265940.1	WP_003856078.1	26.768	198	1.94e-06	44.3
WP_011265940.1	WP_011014910.1	23.675	283	1.98e-06	45.1
WP_011265940.1	WP_011014362.1	22.822	241	4.10e-06	43.9
WP_011265940.1	WP_011013466.1	23.140	242	9.56e-06	42.4
WP_011265941.1	WP_011265941.1	100.000	207	6.75e-154	421
WP_011265947.1	WP_011265947.1	100.000	213	6.44e-156	427
WP_011265952.1	WP_011265952.1	100.000	135	8.73e-98	273
WP_011265961.1	WP_011265961.1	100.000	220	2.84e-162	443
WP_011265961.1	WP_003854638.1	37.430	179	1.02e-38	130
WP_011265961.1	WP_011014753.1	27.604	192	2.79e-19	79.7
WP_011265962.1	WP_011265962.1	100.000	241	1.31e-179	489
WP_011265963.1	WP_011265963.1	100.000	238	2.48e-174	475
WP_011265963.1	WP_003858512.1	23.554	242	8.11e-12	59.7
WP_011265965.1	WP_011265965.1	100.000	853	0.0	1676
WP_011265965.1	WP_011013632.1	35.517	870	1.15e-143	442
WP_011265965.1	WP_011015552.1	33.333	126	1.01e-06	48.1
WP_011265965.1	WP_011015552.1	29.412	119	4.51e-06	46.2
WP_011265967.1	WP_011265967.1	100.000	311	0.0	618
WP_011265967.1	WP_011014907.1	29.450	309	1.25e-35	127
WP_011265970.1	WP_011265970.1	100.000	273	0.0	555
WP_011265971.1	WP_011265971.1	100.000	355	0.0	706
WP_011265971.1	WP_011015222.1	27.668	253	1.35e-16	75.9
WP_011265971.1	WP_011013477.1	40.000	60	7.10e-07	46.6
WP_011265972.1	WP_011265972.1	100.000	261	0.0	521
WP_011265975.1	WP_011265975.1	100.000	494	0.0	1011
WP_011265975.1	WP_011015000.1	32.667	150	2.53e-08	52.8
WP_011265975.1	WP_011013453.1	30.457	197	8.10e-06	45.1
WP_011265978.1	WP_011265978.1	100.000	481	0.0	953
WP_011265978.1	WP_003855213.1	35.593	472	1.33e-76	245
WP_011265980.1	WP_011265980.1	100.000	714	0.0	1477
WP_011265982.1	WP_011265982.1	100.000	143	6.83e-103	287
WP_011265984.1	WP_011265984.1	100.000	388	0.0	788
WP_011265985.1	WP_011265985.1	100.000	536	0.0	1101
WP_011265985.1	WP_011015037.1	31.834	289	1.12e-23	100
WP_011265985.1	WP_011014806.1	26.866	268	1.21e-15	75.9
WP_011265985.1	WP_011015076.1	23.241	469	1.99e-13	68.9
WP_011265985.1	WP_011015120.1	25.278	360	4.66e-11	61.6
WP_011265986.1	WP_011265986.1	100.000	667	0.0	1342
WP_011265986.1	WP_011014807.1	47.490	259	6.63e-69	232
WP_011265986.1	WP_011014807.1	40.075	267	1.36e-49	179
WP_011265986.1	WP_011015040.1	48.000	250	1.11e-60	207
WP_011265986.1	WP_011015040.1	40.088	227	5.55e-38	144
WP_011265986.1	WP_011015118.1	42.754	276	6.06e-60	207
WP_011265986.1	WP_011015118.1	39.224	232	3.71e-41	154
WP_011265986.1	WP_011015284.1	39.015	264	4.63e-48	166
WP_011265986.1	WP_003863669.1	31.621	253	8.26e-42	150
WP_011265986.1	WP_003854632.1	33.607	244	2.10e-37	139
WP_011265986.1	WP_003855103.1	35.622	233	9.69e-33	122
WP_011265986.1	WP_006284211.1	32.900	231	2.26e-31	122
WP_011265986.1	WP_011015039.1	31.707	287	1.23e-28	112
WP_011265986.1	WP_011013802.1	34.348	230	2.64e-28	111
WP_011265986.1	WP_011015140.1	30.769	247	1.07e-26	108
WP_011265986.1	WP_003857431.1	28.926	242	7.43e-26	103
WP_011265986.1	WP_011013783.1	28.151	238	8.04e-25	100
WP_011265986.1	WP_011013851.1	29.796	245	8.19e-25	102
WP_011265986.1	WP_011014327.1	30.603	232	3.35e-24	102
WP_011265986.1	WP_003858826.1	30.204	245	4.35e-24	98.6
WP_011265986.1	WP_011014233.1	33.054	239	8.03e-24	102
WP_011265986.1	WP_011014233.1	28.340	247	1.30e-11	63.5
WP_011265986.1	WP_011013807.1	31.120	241	1.22e-22	94.4
WP_011265986.1	WP_011015221.1	32.308	260	5.05e-22	92.8
WP_011265986.1	WP_011014850.1	30.364	247	2.54e-21	91.3
WP_011265986.1	WP_011013338.1	30.303	264	6.65e-21	89.4
WP_011265986.1	WP_003856445.1	28.455	246	8.72e-21	89.4
WP_011265986.1	WP_011014492.1	31.405	242	1.92e-20	87.8
WP_011265986.1	WP_011013642.1	28.033	239	2.12e-20	89.7
WP_011265986.1	WP_011013698.1	28.731	268	5.61e-20	86.7
WP_011265986.1	WP_003857536.1	31.081	222	1.02e-19	85.1
WP_011265986.1	WP_004567959.1	30.396	227	1.87e-19	85.9
WP_011265986.1	WP_011013931.1	31.250	208	2.32e-19	84.0
WP_011265986.1	WP_011013996.1	30.213	235	1.24e-18	83.6
WP_011265986.1	WP_003860245.1	29.258	229	1.96e-18	82.8
WP_011265986.1	WP_011014379.1	30.213	235	3.13e-18	81.6
WP_011265986.1	WP_011013712.1	28.279	244	1.65e-17	82.4
WP_011265986.1	WP_011013712.1	26.809	235	1.80e-16	79.3
WP_011265986.1	WP_011015020.1	28.980	245	2.98e-16	78.6
WP_011265986.1	WP_011014450.1	29.358	218	3.96e-16	76.6
WP_011265986.1	WP_011014374.1	28.685	251	4.90e-16	74.7
WP_011265986.1	WP_011013479.1	27.434	226	7.42e-16	75.5
WP_011265986.1	WP_011013984.1	27.083	240	2.99e-15	72.4
WP_011265986.1	WP_011013968.1	29.148	223	4.26e-15	75.1
WP_011265986.1	WP_003861735.1	28.736	261	4.53e-15	72.8
WP_011265986.1	WP_003858089.1	28.502	207	5.83e-15	71.2
WP_011265986.1	WP_011015345.1	30.328	244	1.13e-14	72.0
WP_011265986.1	WP_011013333.1	29.864	221	5.31e-14	68.9
WP_011265986.1	WP_011013985.1	26.809	235	8.63e-14	67.8
WP_011265986.1	WP_003856078.1	25.581	215	1.88e-13	67.4
WP_011265986.1	WP_003862124.1	29.327	208	3.66e-13	68.6
WP_011265986.1	WP_003862124.1	27.749	191	1.08e-09	57.4
WP_011265986.1	WP_011265940.1	25.764	229	1.01e-12	65.1
WP_011265986.1	WP_003856990.1	26.050	238	1.32e-12	65.1
WP_011265986.1	WP_011014012.1	27.311	238	5.45e-12	65.1
WP_011265986.1	WP_011014212.1	25.551	227	2.41e-11	60.8
WP_011265986.1	WP_011014011.1	24.696	247	8.37e-11	61.2
WP_011265986.1	WP_011014362.1	28.400	250	1.20e-10	60.8
WP_011265986.1	WP_011013622.1	27.149	221	1.26e-10	59.3
WP_011265986.1	WP_011013906.1	31.183	93	2.42e-10	58.2
WP_011265986.1	WP_011015261.1	28.980	245	1.26e-09	55.5
WP_011265986.1	WP_011014785.1	30.178	169	2.56e-09	54.7
WP_011265986.1	WP_011014139.1	26.316	228	6.04e-09	55.8
WP_011265986.1	WP_011013331.1	30.093	216	6.78e-09	53.1
WP_011265986.1	WP_011265869.1	31.472	197	7.09e-09	55.1
WP_011265986.1	WP_011014216.1	33.898	118	2.44e-08	52.4
WP_011265986.1	WP_011014424.1	27.344	256	2.60e-08	53.1
WP_011265986.1	WP_011014540.1	26.404	178	2.60e-08	51.2
WP_011265986.1	WP_011014443.1	27.727	220	7.57e-08	51.6
WP_011265986.1	WP_011013466.1	28.019	207	9.56e-08	50.4
WP_011265986.1	WP_011014351.1	25.105	239	1.04e-07	51.2
WP_011265986.1	WP_011014351.1	38.571	70	2.75e-06	46.6
WP_011265986.1	WP_020948580.1	30.827	133	2.31e-07	50.1
WP_011265986.1	WP_011014910.1	26.991	226	3.57e-07	49.7
WP_011265986.1	WP_011014110.1	30.851	94	1.17e-06	48.1
WP_011265986.1	WP_011265658.1	24.473	237	1.23e-06	47.8
WP_011265991.1	WP_011265991.1	100.000	249	2.19e-179	489
WP_011265994.1	WP_011265994.1	100.000	45	1.56e-26	87.0
WP_011265995.1	WP_011265995.1	100.000	57	1.24e-35	110
WP_011265998.1	WP_011265998.1	100.000	566	0.0	1113
WP_011265998.1	WP_172820762.1	29.379	531	5.00e-52	182
WP_011265998.1	WP_011013521.1	28.487	337	7.27e-27	112
WP_011265998.1	WP_011015337.1	27.037	270	7.28e-18	84.0
WP_011266001.1	WP_011266001.1	100.000	164	7.11e-118	327
WP_011266002.1	WP_011266002.1	100.000	490	0.0	1001
WP_011266003.1	WP_011266003.1	100.000	343	0.0	701
WP_011266003.1	WP_011015353.1	25.360	347	2.75e-25	100
WP_011266004.1	WP_011266004.1	100.000	255	0.0	519
WP_011266006.1	WP_011266006.1	100.000	405	0.0	827
WP_011266007.1	WP_011266007.1	100.000	222	3.54e-167	456
WP_011266014.1	WP_011266014.1	100.000	342	0.0	691
WP_011266014.1	WP_011013712.1	25.424	413	2.91e-18	82.0
WP_011266014.1	WP_011015140.1	31.325	166	1.76e-12	63.9
WP_011266014.1	WP_011013851.1	36.220	127	8.51e-12	61.6
WP_011266014.1	WP_011014327.1	30.263	152	7.89e-11	59.3
WP_011266014.1	WP_003862124.1	23.750	400	3.13e-10	57.4
WP_011266014.1	WP_011014910.1	30.822	146	1.46e-09	55.5
WP_011266014.1	WP_011014089.1	31.034	174	3.22e-09	54.3
WP_011266014.1	WP_011013642.1	30.935	139	9.24e-09	52.8
WP_011266014.1	WP_011013968.1	31.200	125	8.30e-08	50.1
WP_011266014.1	WP_011014443.1	40.323	62	8.63e-08	50.1
WP_011266014.1	WP_011015040.1	28.758	153	1.26e-07	49.3
WP_011266014.1	WP_011015040.1	22.727	330	6.39e-07	47.0
WP_011266014.1	WP_011015040.1	29.032	93	9.36e-06	43.5
WP_011266014.1	WP_003857431.1	30.435	92	4.36e-07	47.0
WP_011266014.1	WP_011014212.1	31.008	129	1.36e-06	45.4
WP_011266014.1	WP_011013931.1	29.333	150	1.49e-06	45.1
WP_011266014.1	WP_011014850.1	39.535	86	2.13e-06	45.1
WP_011266014.1	WP_003858826.1	33.333	72	2.61e-06	44.7
WP_011266014.1	WP_011015284.1	29.801	151	2.80e-06	44.7
WP_011266014.1	WP_011014785.1	32.174	115	3.11e-06	44.3
WP_011266014.1	WP_011015118.1	30.631	111	7.52e-06	43.9
WP_011266018.1	WP_011266018.1	100.000	385	0.0	776
WP_011266020.1	WP_011266020.1	100.000	196	2.35e-144	396
WP_011266027.1	WP_011266027.1	100.000	379	0.0	766
WP_011266028.1	WP_011266028.1	100.000	243	5.34e-176	480
WP_011266029.1	WP_011266029.1	100.000	414	0.0	832
WP_011266029.1	WP_011013861.1	33.333	339	8.29e-35	131
WP_011266030.1	WP_011266030.1	100.000	290	0.0	578
WP_011266030.1	WP_011015478.1	30.566	265	6.67e-27	105
WP_011266031.1	WP_011266031.1	100.000	253	0.0	522
WP_011266052.1	WP_011266052.1	100.000	181	1.31e-135	373
WP_011266052.1	WP_011013896.1	29.167	120	1.67e-06	42.7
WP_011266054.1	WP_011266054.1	100.000	269	0.0	554
WP_011266054.1	WP_003862398.1	28.571	280	2.16e-19	81.6
WP_011266054.1	WP_011014863.1	24.913	289	1.28e-12	62.8
WP_011266055.1	WP_011266055.1	100.000	191	1.01e-144	397
WP_011266064.1	WP_011266064.1	100.000	494	0.0	1005
WP_011266064.1	WP_011015087.1	26.697	221	1.82e-14	69.7
WP_011266064.1	WP_011013727.1	27.830	212	6.41e-12	62.4
WP_011266064.1	WP_011014280.1	22.685	216	2.66e-06	45.1
WP_011266065.1	WP_011266065.1	100.000	1461	0.0	2970
WP_011266067.1	WP_011266067.1	100.000	248	0.0	499
WP_011266071.1	WP_011266071.1	100.000	270	0.0	533
WP_011266071.1	WP_011015605.1	31.746	252	3.77e-32	120
WP_011266071.1	WP_011015489.1	30.126	239	2.76e-22	92.0
WP_011266071.1	WP_011014385.1	24.696	247	4.84e-09	52.8
WP_011266071.1	WP_011013638.1	24.797	246	1.02e-08	52.0
WP_011266076.1	WP_011266076.1	100.000	209	6.71e-151	414
WP_011266077.1	WP_011266077.1	100.000	99	4.63e-72	206
WP_011896994.1	WP_011896994.1	100.000	272	0.0	532
WP_011897202.1	WP_011897202.1	100.000	353	0.0	727
WP_011897259.1	WP_011897259.1	100.000	90	6.85e-64	184
WP_011897393.1	WP_011897393.1	100.000	233	2.55e-170	465
WP_011897393.1	WP_172796472.1	34.956	226	5.97e-34	118
WP_011897422.1	WP_011897422.1	100.000	166	6.53e-121	334
WP_011897801.1	WP_011897801.1	100.000	100	1.06e-72	207
WP_015439406.1	WP_015439406.1	100.000	616	0.0	1277
WP_020309556.1	WP_020309556.1	100.000	282	0.0	587
WP_020447892.1	WP_020447892.1	100.000	73	1.13e-47	142
WP_020948494.1	WP_020948494.1	100.000	140	1.28e-102	286
WP_020948494.1	WP_011015048.1	24.576	118	6.14e-06	40.8
WP_020948495.1	WP_020948495.1	100.000	225	8.23e-169	460
WP_020948495.1	WP_011013601.1	34.091	88	5.73e-08	48.1
WP_020948495.1	WP_006286028.1	32.520	123	1.67e-07	46.6
WP_020948496.1	WP_020948496.1	100.000	391	0.0	781
WP_020948499.1	WP_020948499.1	100.000	275	0.0	561
WP_020948500.1	WP_020948500.1	100.000	508	0.0	1018
WP_020948502.1	WP_020948502.1	100.000	182	2.26e-131	362
WP_020948509.1	WP_020948509.1	100.000	121	3.88e-87	245
WP_020948510.1	WP_020948510.1	100.000	124	5.26e-90	253
WP_020948511.1	WP_020948511.1	100.000	201	3.58e-147	404
WP_020948518.1	WP_020948518.1	100.000	58	2.89e-36	112
WP_020948522.1	WP_020948522.1	100.000	507	0.0	1038
WP_020948527.1	WP_020948527.1	100.000	93	1.03e-68	197
WP_020948530.1	WP_020948530.1	100.000	299	0.0	613
WP_020948530.1	WP_011013568.1	26.446	242	3.20e-10	56.6
WP_020948532.1	WP_020948532.1	100.000	24	6.20e-11	46.2
WP_020948541.1	WP_020948541.1	100.000	107	1.17e-76	218
WP_020948541.1	WP_011013971.1	45.283	106	1.56e-32	106
WP_020948547.1	WP_020948547.1	100.000	634	0.0	1286
WP_020948547.1	WP_011015568.1	39.121	455	8.60e-75	244
WP_020948547.1	WP_231838279.1	55.263	76	4.56e-20	81.3
WP_020948549.1	WP_020948549.1	100.000	454	0.0	897
WP_020948551.1	WP_020948551.1	100.000	200	3.30e-149	409
WP_020948564.1	WP_020948564.1	100.000	61	1.92e-38	118
WP_020948571.1	WP_020948571.1	100.000	219	4.75e-168	458
WP_020948571.1	WP_231838271.1	45.872	218	3.09e-61	188
WP_020948572.1	WP_020948572.1	100.000	699	0.0	1418
WP_020948576.1	WP_020948576.1	100.000	221	4.20e-164	448
WP_020948578.1	WP_020948578.1	100.000	435	0.0	885
WP_020948580.1	WP_020948580.1	100.000	536	0.0	1066
WP_020948580.1	WP_011265741.1	29.541	501	2.42e-53	185
WP_020948580.1	WP_011014000.1	27.972	429	2.67e-24	102
WP_020948580.1	WP_011014139.1	33.898	118	1.76e-13	69.7
WP_020948580.1	WP_011014139.1	30.709	127	2.93e-10	59.3
WP_020948580.1	WP_011014011.1	24.406	463	5.97e-12	64.7
WP_020948580.1	WP_011015020.1	32.609	138	1.77e-11	62.8
WP_020948580.1	WP_003855103.1	48.387	62	2.58e-11	60.1
WP_020948580.1	WP_011014012.1	34.043	141	8.58e-11	60.8
WP_020948580.1	WP_011015040.1	38.532	109	2.04e-10	59.3
WP_020948580.1	WP_011015040.1	44.681	47	2.14e-06	46.6
WP_020948580.1	WP_011014450.1	48.276	58	9.74e-09	53.5
WP_020948580.1	WP_011265869.1	29.747	158	1.25e-08	53.9
WP_020948580.1	WP_003857431.1	40.678	59	1.55e-08	52.0
WP_020948580.1	WP_011013851.1	44.262	61	4.28e-08	51.6
WP_020948580.1	WP_003854632.1	44.928	69	4.44e-08	51.6
WP_020948580.1	WP_003858826.1	36.111	72	6.80e-08	50.1
WP_020948580.1	WP_011014807.1	56.410	39	7.53e-08	51.2
WP_020948580.1	WP_011014807.1	34.821	112	5.22e-06	45.4
WP_020948580.1	WP_003856445.1	36.709	79	7.57e-08	50.1
WP_020948580.1	WP_011014212.1	53.846	52	1.41e-07	49.3
WP_020948580.1	WP_011014865.1	31.469	143	1.88e-07	50.1
WP_020948580.1	WP_011265986.1	30.827	133	1.97e-07	50.1
WP_020948580.1	WP_011015284.1	36.782	87	2.60e-07	48.5
WP_020948580.1	WP_011015140.1	40.323	62	2.98e-07	48.9
WP_020948580.1	WP_011013985.1	40.845	71	3.43e-07	47.8
WP_020948580.1	WP_011013783.1	58.974	39	4.58e-07	47.8
WP_020948580.1	WP_011014374.1	40.678	59	5.44e-07	47.4
WP_020948580.1	WP_011013642.1	45.902	61	6.36e-07	47.8
WP_020948580.1	WP_011014379.1	47.826	46	6.67e-07	47.4
WP_020948580.1	WP_003858089.1	39.744	78	8.06e-07	46.6
WP_020948580.1	WP_011013968.1	55.000	40	1.31e-06	47.4
WP_020948580.1	WP_011013802.1	40.000	75	1.87e-06	45.8
WP_020948580.1	WP_011014327.1	41.935	62	6.23e-06	45.1
WP_020948580.1	WP_003860245.1	53.846	39	6.71e-06	44.3
WP_020948580.1	WP_011015118.1	39.583	48	6.73e-06	45.1
WP_020948581.1	WP_020948581.1	100.000	630	0.0	1239
WP_020948581.1	WP_011265894.1	37.069	116	4.50e-17	79.3
WP_020948581.1	WP_011013812.1	34.167	120	5.87e-12	63.2
WP_020948581.1	WP_011014945.1	36.036	111	6.35e-12	62.0
WP_020948582.1	WP_020948582.1	100.000	221	6.31e-163	445
WP_020948582.1	WP_011015591.1	31.210	157	1.08e-14	67.0
WP_020948584.1	WP_020948584.1	100.000	163	2.48e-123	340
WP_020948585.1	WP_020948585.1	100.000	591	0.0	1164
WP_020948585.1	WP_011014932.1	32.245	245	2.21e-31	124
WP_020948586.1	WP_020948586.1	100.000	322	0.0	657
WP_020948586.1	WP_011015397.1	29.032	279	1.14e-20	87.8
WP_020948586.1	WP_011265496.1	30.126	239	1.40e-20	87.0
WP_020948586.1	WP_011015614.1	27.619	315	1.53e-19	84.3
WP_020948586.1	WP_231838278.1	34.286	245	1.53e-16	75.5
WP_020948586.1	WP_011015560.1	26.074	326	1.47e-14	69.7
WP_020948586.1	WP_011015197.1	27.556	225	2.43e-12	63.2
WP_020948586.1	WP_011013571.1	29.932	147	9.91e-08	49.3
WP_020948586.1	WP_011013485.1	28.054	221	2.05e-07	48.1
WP_020948587.1	WP_020948587.1	100.000	310	0.0	623
WP_020948589.1	WP_020948589.1	100.000	508	0.0	1040
WP_020948590.1	WP_020948590.1	100.000	407	0.0	823
WP_020948593.1	WP_020948593.1	100.000	562	0.0	1145
WP_020948595.1	WP_020948595.1	100.000	377	0.0	779
WP_020948596.1	WP_020948596.1	100.000	846	0.0	1737
WP_020948596.1	WP_011014399.1	36.585	164	3.65e-23	102
WP_020948596.1	WP_011014399.1	47.253	91	1.12e-20	94.0
WP_020948601.1	WP_020948601.1	100.000	291	0.0	601
WP_020948601.1	WP_011013728.1	34.016	244	5.85e-44	147
WP_020948601.1	WP_011014398.1	26.705	176	4.13e-08	50.1
WP_020948609.1	WP_020948609.1	100.000	346	0.0	709
WP_020948610.1	WP_020948610.1	100.000	574	0.0	1176
WP_020948610.1	WP_011014214.1	25.745	470	8.26e-25	105
WP_020948610.1	WP_011014885.1	27.844	334	2.87e-16	78.6
WP_020948610.1	WP_011014893.1	35.211	71	2.16e-08	53.5
WP_020948610.1	WP_011013948.1	28.788	132	1.61e-07	50.1
WP_020948610.1	WP_011265922.1	26.364	220	1.54e-06	47.4
WP_020948613.1	WP_020948613.1	100.000	239	8.59e-180	489
WP_020948617.1	WP_020948617.1	100.000	469	0.0	962
WP_020948619.1	WP_020948619.1	100.000	189	3.40e-140	385
WP_020948620.1	WP_020948620.1	100.000	466	0.0	941
WP_020948629.1	WP_020948629.1	100.000	441	0.0	884
WP_020948631.1	WP_020948631.1	100.000	206	2.17e-149	410
WP_020948639.1	WP_020948639.1	100.000	57	3.16e-35	109
WP_020948641.1	WP_020948641.1	100.000	283	0.0	562
WP_020948644.1	WP_020948644.1	100.000	123	6.62e-91	255
WP_020948644.1	WP_003858445.1	35.821	67	2.42e-07	42.7
WP_020948644.1	WP_011265756.1	31.579	76	4.11e-07	42.4
WP_020948644.1	WP_011013515.1	30.263	76	2.38e-06	40.0
WP_020948644.1	WP_003855958.1	36.765	68	2.74e-06	39.7
WP_020948647.1	WP_020948647.1	100.000	68	1.29e-44	134
WP_020948652.1	WP_020948652.1	100.000	104	4.23e-71	203
WP_020948652.1	WP_227747673.1	39.623	53	1.38e-06	40.4
WP_020948652.1	WP_011015377.1	39.655	58	8.02e-06	38.9
WP_020948655.1	WP_020948655.1	100.000	57	1.98e-36	112
WP_020948655.1	WP_011014562.1	43.636	55	6.04e-11	51.2
WP_020948662.1	WP_020948662.1	100.000	17	2.18e-07	37.0
WP_020948664.1	WP_020948664.1	100.000	324	0.0	641
WP_020948667.1	WP_020948667.1	100.000	68	8.16e-47	139
WP_024127858.1	WP_024127858.1	100.000	75	1.65e-53	157
WP_031512456.1	WP_031512456.1	100.000	178	1.16e-131	362
WP_031512456.1	WP_011014511.1	35.359	181	1.17e-19	80.5
WP_034983375.1	WP_034983375.1	100.000	81	2.76e-54	159
WP_034983883.1	WP_034983883.1	100.000	219	7.19e-156	427
WP_040968195.1	WP_040968195.1	100.000	422	0.0	816
WP_041625295.1	WP_041625295.1	100.000	250	0.0	511
WP_041625327.1	WP_041625327.1	100.000	74	2.42e-50	149
WP_041625411.1	WP_041625411.1	100.000	79	2.74e-53	157
WP_041625415.1	WP_041625415.1	100.000	69	6.21e-45	135
WP_041625433.1	WP_041625433.1	100.000	87	1.73e-59	173
WP_041625472.1	WP_041625472.1	100.000	206	1.13e-149	410
WP_041625498.1	WP_041625498.1	100.000	248	0.0	496
WP_041625511.1	WP_041625511.1	100.000	467	0.0	959
WP_041625516.1	WP_041625516.1	100.000	169	7.46e-119	329
WP_041625527.1	WP_041625527.1	100.000	166	8.69e-121	334
WP_041625578.1	WP_041625578.1	100.000	661	0.0	1345
WP_041625587.1	WP_041625587.1	100.000	445	0.0	877
WP_041625594.1	WP_041625594.1	100.000	1035	0.0	2063
WP_041625627.1	WP_041625627.1	100.000	396	0.0	816
WP_041625642.1	WP_041625642.1	100.000	453	0.0	857
WP_041625642.1	WP_011014147.1	29.885	435	1.35e-27	110
WP_041625642.1	WP_003854772.1	27.273	407	1.24e-26	108
WP_041625642.1	WP_011015248.1	29.003	331	2.33e-25	104
WP_041625642.1	WP_011015308.1	24.854	342	1.48e-22	96.3
WP_041625642.1	WP_003859734.1	31.169	154	1.06e-16	78.6
WP_041625642.1	WP_003862889.1	38.971	136	2.69e-16	76.6
WP_041625642.1	WP_011015167.1	28.492	179	1.80e-15	74.7
WP_041625642.1	WP_011013615.1	27.508	309	4.44e-14	70.5
WP_041625642.1	WP_011014299.1	31.164	292	2.41e-13	68.2
WP_041625642.1	WP_011015098.1	33.333	126	3.96e-07	48.5
WP_041625642.1	WP_011015504.1	28.218	202	9.82e-07	47.4
WP_041625642.1	WP_011013450.1	27.586	174	9.33e-06	44.3
WP_041625658.1	WP_041625658.1	100.000	115	2.65e-80	228
WP_041625669.1	WP_041625669.1	100.000	187	3.30e-138	380
WP_041625711.1	WP_041625711.1	100.000	432	0.0	869
WP_041625711.1	WP_011013602.1	28.200	461	4.96e-50	172
WP_041625711.1	WP_011014816.1	27.932	469	3.41e-44	157
WP_041625711.1	WP_011013815.1	25.383	457	2.95e-36	135
WP_041625711.1	WP_011015323.1	34.343	198	8.97e-15	72.0
WP_041627491.1	WP_041627491.1	100.000	546	0.0	1133
WP_041627491.1	WP_011015022.1	33.728	169	2.73e-17	80.5
WP_042383007.1	WP_042383007.1	100.000	275	0.0	559
WP_042383442.1	WP_042383442.1	100.000	274	0.0	563
WP_042383442.1	WP_011013774.1	50.183	273	2.15e-91	269
WP_042383447.1	WP_042383447.1	100.000	701	0.0	1457
WP_074495633.1	WP_074495633.1	100.000	79	7.47e-55	160
WP_080558828.1	WP_080558828.1	100.000	82	4.08e-57	166
WP_080558835.1	WP_080558835.1	100.000	103	1.91e-73	209
WP_096633838.1	WP_096633838.1	100.000	396	0.0	824
WP_096633838.1	WP_101677571.1	75.000	396	0.0	629
WP_096633838.1	WP_011014423.1	29.412	187	5.54e-09	53.9
WP_096633838.1	WP_011265505.1	29.412	187	5.64e-09	53.9
WP_101677571.1	WP_101677571.1	100.000	396	0.0	827
WP_101677571.1	WP_096633838.1	75.000	396	0.0	629
WP_101677571.1	WP_011265505.1	30.128	156	3.50e-10	57.4
WP_101677571.1	WP_011014423.1	30.128	156	3.89e-10	57.4
WP_101677576.1	WP_101677576.1	100.000	363	0.0	730
WP_101677576.1	WP_011265689.1	27.368	285	1.18e-12	64.7
WP_101677576.1	WP_011013628.1	30.000	170	4.65e-11	60.1
WP_101677576.1	WP_011014943.1	27.742	155	8.76e-09	52.8
WP_101677576.1	WP_011013672.1	24.542	273	1.99e-08	52.0
WP_101677576.1	WP_011015443.1	27.869	122	3.74e-06	44.7
WP_101677580.1	WP_101677580.1	100.000	380	0.0	754
WP_101677580.1	WP_003857531.1	30.198	202	1.30e-10	58.5
WP_101677580.1	WP_011015505.1	28.696	230	1.12e-09	55.8
WP_143340968.1	WP_143340968.1	100.000	136	7.58e-101	281
WP_148235595.1	WP_148235595.1	100.000	120	1.41e-88	249
WP_157665528.1	WP_157665528.1	100.000	46	1.14e-22	77.4
WP_157665529.1	WP_157665529.1	100.000	52	1.94e-34	107
WP_157665531.1	WP_157665531.1	100.000	52	1.45e-35	110
WP_158024313.1	WP_158024313.1	100.000	45	1.95e-29	94.4
WP_158295297.1	WP_158295297.1	100.000	47	3.14e-26	86.3
WP_158295298.1	WP_158295298.1	100.000	52	7.71e-31	98.2
WP_162467700.1	WP_162467700.1	100.000	281	0.0	577
WP_162467700.1	WP_003854640.1	28.364	275	1.39e-19	82.4
WP_162467871.1	WP_162467871.1	100.000	483	0.0	981
WP_165442296.1	WP_165442296.1	100.000	52	2.95e-34	107
WP_165442300.1	WP_165442300.1	100.000	500	0.0	1007
WP_170844367.1	WP_170844367.1	100.000	939	0.0	1935
WP_170844367.1	WP_011014281.1	27.007	274	2.66e-13	69.7
WP_172769599.1	WP_172769599.1	100.000	91	1.31e-65	189
WP_172769660.1	WP_172769660.1	100.000	537	0.0	1094
WP_172769660.1	WP_011015011.1	25.500	200	2.36e-09	55.1
WP_172769660.1	WP_011015011.1	39.655	58	1.70e-06	46.2
WP_172796472.1	WP_172796472.1	100.000	220	4.48e-164	448
WP_172796472.1	WP_011897393.1	34.956	226	5.64e-34	118
WP_172820726.1	WP_172820726.1	100.000	296	0.0	610
WP_172820728.1	WP_172820728.1	100.000	697	0.0	1425
WP_172820728.1	WP_011014741.1	22.430	214	9.46e-06	45.1
WP_172820730.1	WP_172820730.1	100.000	254	0.0	501
WP_172820732.1	WP_172820732.1	100.000	1014	0.0	2049
WP_172820748.1	WP_172820748.1	100.000	310	0.0	629
WP_172820748.1	WP_011015143.1	28.302	106	8.52e-11	56.6
WP_172820751.1	WP_172820751.1	100.000	286	0.0	569
WP_172820752.1	WP_172820752.1	100.000	336	0.0	639
WP_172820752.1	WP_011014490.1	38.138	333	5.25e-55	180
WP_172820752.1	WP_003859752.1	34.494	316	4.97e-50	167
WP_172820752.1	WP_011013700.1	33.645	321	2.48e-41	144
WP_172820752.1	WP_003858297.1	35.207	338	1.07e-34	126
WP_172820752.1	WP_011013804.1	33.636	330	6.29e-30	113
WP_172820752.1	WP_011013803.1	32.229	332	4.76e-26	102
WP_172820752.1	WP_011013699.1	30.743	296	4.89e-24	97.8
WP_172820752.1	WP_003863480.1	26.349	315	4.19e-14	68.6
WP_172820752.1	WP_011013337.1	25.448	279	1.27e-12	63.9
WP_172820760.1	WP_172820760.1	100.000	401	0.0	808
WP_172820762.1	WP_172820762.1	100.000	508	0.0	992
WP_172820762.1	WP_011265998.1	30.252	476	1.68e-58	199
WP_172820762.1	WP_011015337.1	27.105	380	5.30e-21	93.2
WP_172820762.1	WP_011013521.1	24.723	271	2.85e-14	72.0
WP_172820765.1	WP_172820765.1	100.000	1149	0.0	2338
WP_172820765.1	WP_011013720.1	27.021	470	1.53e-31	126
WP_172820765.1	WP_011015295.1	27.765	425	1.36e-29	120
WP_172820765.1	WP_011013433.1	25.874	429	2.82e-28	117
WP_172820765.1	WP_011015326.1	25.747	435	7.90e-27	112
WP_172820765.1	WP_011013348.1	23.645	406	2.51e-25	107
WP_172820765.1	WP_011013683.1	25.581	430	2.03e-22	98.2
WP_172820765.1	WP_011015386.1	24.783	460	1.89e-21	95.9
WP_172820766.1	WP_172820766.1	100.000	423	0.0	823
WP_172820770.1	WP_172820770.1	100.000	379	0.0	737
WP_172820771.1	WP_172820771.1	100.000	479	0.0	975
WP_172820771.1	WP_011014843.1	26.794	209	9.89e-08	50.4
WP_172820771.1	WP_003856814.1	24.453	274	5.27e-07	48.1
WP_173361799.1	WP_173361799.1	100.000	366	0.0	747
WP_174694926.1	WP_174694926.1	100.000	56	2.54e-37	114
WP_174694926.1	WP_011265932.1	66.667	27	3.08e-07	41.2
WP_174694927.1	WP_174694927.1	100.000	193	7.11e-149	407
WP_179300924.1	WP_179300924.1	100.000	511	0.0	1023
WP_179300924.1	WP_011013525.1	32.792	308	6.30e-35	133
WP_179300924.1	WP_011015245.1	31.790	324	6.05e-27	110
WP_179300924.1	WP_011015529.1	28.182	330	1.13e-26	108
WP_179300924.1	WP_011015290.1	29.739	306	3.65e-26	106
WP_179300924.1	WP_003855497.1	31.950	241	7.03e-26	106
WP_179300924.1	WP_011013941.1	27.385	325	1.67e-17	81.3
WP_197526092.1	WP_197526092.1	100.000	212	6.22e-150	412
WP_197526093.1	WP_197526093.1	100.000	116	7.21e-86	242
WP_208396117.1	WP_208396117.1	100.000	71	1.70e-50	149
WP_208396117.1	WP_208400643.1	81.429	70	2.78e-34	119
WP_208396445.1	WP_208396445.1	100.000	836	0.0	1703
WP_208400605.1	WP_208400605.1	100.000	305	0.0	632
WP_208400605.1	WP_011015304.1	41.700	247	9.70e-54	182
WP_208400638.1	WP_208400638.1	100.000	406	0.0	821
WP_208400643.1	WP_208400643.1	100.000	734	0.0	1506
WP_208400643.1	WP_208396117.1	81.429	70	2.87e-33	119
WP_208400692.1	WP_208400692.1	100.000	234	7.71e-161	441
WP_208400692.1	WP_011013351.1	33.028	218	4.42e-24	93.2
WP_208400921.1	WP_208400921.1	100.000	177	1.90e-131	362
WP_208400985.1	WP_208400985.1	100.000	45	4.59e-29	93.2
WP_217994320.1	WP_217994320.1	100.000	432	0.0	886
WP_227747642.1	WP_227747642.1	100.000	72	3.38e-49	145
WP_227747642.1	WP_011014093.1	75.714	70	1.30e-31	110
WP_227747642.1	WP_011015071.1	75.714	70	1.37e-31	110
WP_227747653.1	WP_227747653.1	100.000	197	8.83e-151	412
WP_227747653.1	WP_231838270.1	78.378	185	5.40e-101	292
WP_227747663.1	WP_227747663.1	100.000	207	1.17e-152	418
WP_227747664.1	WP_227747664.1	100.000	618	0.0	1278
WP_227747665.1	WP_227747665.1	100.000	593	0.0	1203
WP_227747665.1	WP_011015301.1	25.339	663	5.71e-38	146
WP_227747665.1	WP_011015370.1	35.537	242	1.52e-31	126
WP_227747665.1	WP_011015370.1	24.199	281	1.67e-17	82.8
WP_227747665.1	WP_011014633.1	24.007	579	9.46e-27	111
WP_227747666.1	WP_227747666.1	100.000	125	2.82e-92	259
WP_227747667.1	WP_227747667.1	100.000	619	0.0	1286
WP_227747668.1	WP_227747668.1	100.000	108	2.76e-77	219
WP_227747669.1	WP_227747669.1	100.000	123	2.99e-89	251
WP_227747670.1	WP_227747670.1	100.000	120	9.55e-88	247
WP_227747672.1	WP_227747672.1	100.000	311	0.0	639
WP_227747673.1	WP_227747673.1	100.000	119	1.47e-86	244
WP_227747673.1	WP_020948652.1	41.818	55	1.34e-07	43.1
WP_227747674.1	WP_227747674.1	100.000	140	6.79e-103	286
WP_227747675.1	WP_227747675.1	100.000	148	1.76e-107	299
WP_227747675.1	WP_011014684.1	72.973	148	9.57e-71	223
WP_227747676.1	WP_227747676.1	100.000	397	0.0	805
WP_227747676.1	WP_011014701.1	66.142	381	1.22e-172	487
WP_227747677.1	WP_227747677.1	100.000	292	0.0	601
WP_227747683.1	WP_227747683.1	100.000	311	0.0	639
WP_227747683.1	WP_011013842.1	89.024	82	1.96e-42	149
WP_227747684.1	WP_227747684.1	100.000	201	1.19e-147	405
WP_227747685.1	WP_227747685.1	100.000	60	2.88e-40	122
WP_227747685.1	WP_011015531.1	40.909	66	5.90e-11	51.2
WP_227747686.1	WP_227747686.1	100.000	136	3.63e-97	272
WP_227747686.1	WP_011014175.1	55.147	136	8.65e-48	150
WP_227747687.1	WP_227747687.1	100.000	70	4.27e-49	145
WP_227747698.1	WP_227747698.1	100.000	194	3.33e-145	398
WP_227747700.1	WP_227747700.1	100.000	119	5.86e-83	234
WP_227747700.1	WP_003862384.1	36.842	57	2.45e-06	40.4
WP_227747711.1	WP_227747711.1	100.000	218	2.64e-165	451
WP_227747712.1	WP_227747712.1	100.000	92	8.40e-63	182
WP_227747714.1	WP_227747714.1	100.000	120	3.28e-86	243
WP_227747714.1	WP_011014966.1	41.379	87	9.52e-22	85.5
WP_227747724.1	WP_227747724.1	100.000	470	0.0	972
WP_227747724.1	WP_011014405.1	36.641	393	3.96e-76	244
WP_227747730.1	WP_227747730.1	100.000	250	0.0	515
WP_227747732.1	WP_227747732.1	100.000	399	0.0	808
WP_227747733.1	WP_227747733.1	100.000	47	6.59e-29	93.2
WP_227747736.1	WP_227747736.1	100.000	74	9.55e-50	147
WP_227747737.1	WP_227747737.1	100.000	670	0.0	1362
WP_227747737.1	WP_011015306.1	32.599	681	4.49e-109	340
WP_227747737.1	WP_011015305.1	24.524	473	1.23e-23	102
WP_227747737.1	WP_011015307.1	22.391	460	1.95e-15	75.9
WP_227747738.1	WP_227747738.1	100.000	228	1.12e-170	465
WP_227747738.1	WP_011015048.1	31.683	202	3.28e-23	92.4
WP_227747739.1	WP_227747739.1	100.000	175	9.65e-131	360
WP_227747739.1	WP_011015424.1	39.106	179	3.16e-42	136
WP_227747745.1	WP_227747745.1	100.000	159	1.54e-118	328
WP_227747745.1	WP_011014271.1	77.215	158	3.32e-91	267
WP_227747746.1	WP_227747746.1	100.000	151	3.38e-113	313
WP_227747746.1	WP_011014271.1	62.121	132	1.68e-52	167
WP_227747753.1	WP_227747753.1	100.000	164	4.43e-119	330
WP_227747761.1	WP_227747761.1	100.000	96	1.38e-67	194
WP_227747761.1	WP_011014267.1	31.250	80	7.68e-07	41.6
WP_227747764.1	WP_227747764.1	100.000	300	0.0	625
WP_227747764.1	WP_011265796.1	37.768	233	9.53e-39	135
WP_227747764.1	WP_231838268.1	26.154	195	5.44e-06	43.5
WP_227747767.1	WP_227747767.1	100.000	242	1.61e-178	486
WP_227747767.1	WP_011014567.1	77.489	231	2.49e-125	352
WP_227747767.1	WP_011265924.1	22.273	220	1.27e-09	53.5
WP_227747768.1	WP_227747768.1	100.000	241	2.10e-178	486
WP_230471393.1	WP_230471393.1	100.000	219	2.79e-159	436
WP_230582022.1	WP_230582022.1	100.000	328	0.0	665
WP_230582022.1	WP_011013361.1	36.517	178	1.20e-28	111
WP_230622908.1	WP_230622908.1	100.000	390	0.0	806
WP_230622908.1	WP_006283678.1	32.533	375	1.38e-54	181
WP_230622908.1	WP_011015091.1	30.491	387	4.64e-49	167
WP_230622908.1	WP_011015161.1	28.841	371	2.69e-42	149
WP_230622908.1	WP_011014124.1	29.301	372	3.59e-40	143
WP_231107905.1	WP_231107905.1	100.000	93	2.91e-67	193
WP_231133819.1	WP_231133819.1	100.000	90	1.14e-63	184
WP_231838265.1	WP_231838265.1	100.000	328	0.0	644
WP_231838266.1	WP_231838266.1	100.000	496	0.0	1027
WP_231838267.1	WP_231838267.1	100.000	695	0.0	1441
WP_231838268.1	WP_231838268.1	100.000	297	0.0	597
WP_231838268.1	WP_011014118.1	29.388	245	5.71e-15	70.1
WP_231838268.1	WP_227747764.1	26.154	195	6.75e-06	43.1
WP_231838269.1	WP_231838269.1	100.000	88	1.11e-59	173
WP_231838270.1	WP_231838270.1	100.000	339	0.0	706
WP_231838270.1	WP_227747653.1	78.378	185	9.28e-101	292
WP_231838271.1	WP_231838271.1	100.000	239	0.0	502
WP_231838271.1	WP_020948571.1	45.872	218	3.38e-61	188
WP_231838273.1	WP_231838273.1	100.000	830	0.0	1711
WP_231838273.1	WP_011014275.1	22.621	557	1.65e-17	83.6
WP_231838274.1	WP_231838274.1	100.000	127	4.12e-89	251
WP_231838274.1	WP_011014966.1	36.667	120	1.37e-14	65.5
WP_231838275.1	WP_231838275.1	100.000	126	5.00e-91	256
WP_231838278.1	WP_231838278.1	100.000	328	0.0	646
WP_231838278.1	WP_011015614.1	27.576	330	8.99e-20	85.1
WP_231838278.1	WP_020948586.1	34.286	245	1.56e-16	75.5
WP_231838278.1	WP_011265496.1	27.338	278	7.72e-14	67.8
WP_231838278.1	WP_011015560.1	32.941	170	3.05e-10	57.0
WP_231838278.1	WP_011013485.1	24.784	347	4.08e-09	53.5
WP_231838278.1	WP_011015397.1	28.351	194	1.68e-08	51.6
WP_231838279.1	WP_231838279.1	100.000	79	2.42e-54	159
WP_231838279.1	WP_020948547.1	56.000	75	5.79e-21	81.3
WP_231838282.1	WP_231838282.1	100.000	95	2.26e-67	193
WP_231838282.1	WP_011014422.1	100.000	95	1.20e-65	195
WP_231838283.1	WP_231838283.1	100.000	232	1.38e-166	455
WP_231838284.1	WP_231838284.1	100.000	111	7.91e-78	221
WP_231838285.1	WP_231838285.1	100.000	74	1.35e-51	152
WP_231838286.1	WP_231838286.1	100.000	765	0.0	1512
WP_231838286.1	WP_011013632.1	24.537	216	1.06e-07	51.6
WP_231838286.1	WP_011013632.1	36.735	98	6.41e-06	45.8
WP_231838286.1	WP_011265965.1	35.616	73	2.24e-07	50.8
WP_231838287.1	WP_231838287.1	100.000	108	2.55e-78	222
WP_231838288.1	WP_231838288.1	100.000	229	5.85e-170	464
WP_231838289.1	WP_231838289.1	100.000	268	0.0	553
WP_231838289.1	WP_011014568.1	50.769	260	1.27e-76	230
WP_231838290.1	WP_231838290.1	100.000	127	2.77e-93	261
WP_231838290.1	WP_011014350.1	40.299	67	3.73e-09	49.7
WP_231838295.1	WP_231838295.1	100.000	172	9.15e-126	347
WP_231838296.1	WP_231838296.1	100.000	89	8.63e-62	179
WP_231838297.1	WP_231838297.1	100.000	460	0.0	926
WP_231838297.1	WP_003856539.1	30.928	194	1.46e-06	47.0
WP_231838301.1	WP_231838301.1	100.000	187	1.87e-137	378
WP_231838301.1	WP_011013569.1	54.348	184	6.76e-56	184
WP_231838302.1	WP_231838302.1	100.000	256	0.0	530
WP_257151957.1	WP_257151957.1	100.000	42	2.24e-24	81.3
WP_257151957.1	WP_011013791.1	73.529	34	1.22e-09	47.4
WP_306556787.1	WP_306556787.1	100.000	107	1.50e-77	220
WP_306556812.1	WP_306556812.1	100.000	240	7.26e-176	479
WP_306556813.1	WP_306556813.1	100.000	307	0.0	628
WP_306556813.1	WP_011265892.1	34.579	214	2.35e-26	103
WP_306556813.1	WP_011013676.1	23.221	267	3.36e-11	59.7
WP_326998608.1	WP_326998608.1	100.000	32	2.35e-19	67.8
WP_370684771.1	WP_370684771.1	100.000	335	0.0	657
WP_374057883.1	WP_374057883.1	100.000	502	0.0	1045
WP_374057885.1	WP_374057885.1	100.000	565	0.0	1131
WP_374057885.1	WP_011013724.1	33.333	93	3.08e-06	46.2
WP_374057886.1	WP_374057886.1	100.000	61	1.61e-41	125
WP_374197334.1	WP_374197334.1	100.000	70	2.97e-49	145
WP_374197334.1	WP_011013433.1	60.294	68	2.97e-25	92.8
