WP_000002996.1	WP_006284182.1	56.410	234	9.52e-89	259
WP_000003934.1	WP_003856000.1	58.794	398	3.53e-168	473
WP_000004139.1	WP_011015126.1	23.276	116	5.95e-06	41.6
WP_000005012.1	WP_003857431.1	50.000	236	3.28e-82	243
WP_000005012.1	WP_003858826.1	41.833	251	8.26e-73	219
WP_000005012.1	WP_003854632.1	40.650	246	9.05e-56	179
WP_000005012.1	WP_011013642.1	33.613	238	1.44e-39	137
WP_000005012.1	WP_003860245.1	37.089	213	6.64e-39	133
WP_000005012.1	WP_011013931.1	38.813	219	7.14e-39	131
WP_000005012.1	WP_011015221.1	35.317	252	8.00e-39	132
WP_000005012.1	WP_003858089.1	36.275	204	8.12e-38	129
WP_000005012.1	WP_011013479.1	35.772	246	2.47e-37	130
WP_000005012.1	WP_003855103.1	34.375	224	3.04e-37	127
WP_000005012.1	WP_011014379.1	40.376	213	9.76e-36	125
WP_000005012.1	WP_011014327.1	35.246	244	1.31e-35	127
WP_000005012.1	WP_011015140.1	32.189	233	2.62e-35	126
WP_000005012.1	WP_011014450.1	34.259	216	2.94e-35	125
WP_000005012.1	WP_011014850.1	34.978	223	4.02e-34	121
WP_000005012.1	WP_011013851.1	35.211	213	2.45e-33	120
WP_000005012.1	WP_011015284.1	33.036	224	4.31e-33	118
WP_000005012.1	WP_011015040.1	29.098	244	1.48e-32	120
WP_000005012.1	WP_011015040.1	28.226	248	6.21e-21	87.8
WP_000005012.1	WP_011013996.1	32.420	219	1.95e-32	117
WP_000005012.1	WP_011014492.1	33.621	232	4.23e-32	115
WP_000005012.1	WP_011014212.1	34.742	213	5.61e-32	114
WP_000005012.1	WP_003857536.1	36.190	210	7.62e-32	113
WP_000005012.1	WP_011013783.1	35.885	209	1.11e-30	110
WP_000005012.1	WP_011014807.1	29.183	257	2.40e-30	115
WP_000005012.1	WP_011014807.1	27.652	264	1.75e-22	92.4
WP_000005012.1	WP_011013985.1	33.190	232	3.18e-30	109
WP_000005012.1	WP_011015118.1	30.870	230	4.51e-30	114
WP_000005012.1	WP_011015118.1	30.451	266	1.07e-27	107
WP_000005012.1	WP_011013802.1	34.335	233	5.30e-28	104
WP_000005012.1	WP_011265986.1	30.242	248	6.74e-28	108
WP_000005012.1	WP_011013338.1	30.962	239	7.15e-28	103
WP_000005012.1	WP_003856445.1	30.350	257	4.80e-27	102
WP_000005012.1	WP_011014374.1	31.863	204	7.51e-26	98.6
WP_000005012.1	WP_011013984.1	29.915	234	9.47e-26	98.2
WP_000005012.1	WP_003861735.1	24.597	248	6.77e-25	96.7
WP_000005012.1	WP_003856990.1	30.126	239	3.90e-24	94.4
WP_000005012.1	WP_011014139.1	31.169	231	5.47e-24	97.1
WP_000005012.1	WP_011014139.1	23.474	213	3.98e-13	65.1
WP_000005012.1	WP_011013333.1	30.000	220	5.67e-24	93.6
WP_000005012.1	WP_011013698.1	28.947	228	1.75e-23	92.4
WP_000005012.1	WP_011015345.1	28.972	214	4.72e-23	92.0
WP_000005012.1	WP_011014233.1	28.251	223	1.42e-22	92.8
WP_000005012.1	WP_011014233.1	25.620	242	4.94e-15	70.5
WP_000005012.1	WP_011013906.1	28.879	232	6.10e-22	88.2
WP_000005012.1	WP_003862124.1	32.174	230	9.42e-22	90.1
WP_000005012.1	WP_003862124.1	31.336	217	7.44e-18	78.6
WP_000005012.1	WP_011013807.1	27.556	225	4.73e-21	85.9
WP_000005012.1	WP_011013712.1	28.708	209	1.40e-20	87.0
WP_000005012.1	WP_011013712.1	29.004	231	3.39e-18	80.1
WP_000005012.1	WP_011015261.1	30.882	204	5.18e-20	82.4
WP_000005012.1	WP_011014216.1	27.602	221	6.24e-20	83.2
WP_000005012.1	WP_011265940.1	29.237	236	1.50e-19	81.6
WP_000005012.1	WP_004567959.1	26.457	223	3.86e-19	81.3
WP_000005012.1	WP_011014011.1	27.686	242	3.98e-19	82.8
WP_000005012.1	WP_011015020.1	26.515	264	7.13e-19	82.0
WP_000005012.1	WP_011265658.1	30.667	225	3.82e-18	79.7
WP_000005012.1	WP_003856078.1	30.374	214	9.53e-18	76.6
WP_000005012.1	WP_011013622.1	27.626	257	1.51e-17	76.3
WP_000005012.1	WP_011014785.1	29.778	225	2.67e-17	75.1
WP_000005012.1	WP_011013968.1	27.059	255	6.85e-17	76.3
WP_000005012.1	WP_011013968.1	25.316	237	2.44e-12	62.8
WP_000005012.1	WP_011014012.1	26.582	237	1.53e-16	75.1
WP_000005012.1	WP_011014362.1	29.004	231	2.39e-16	74.7
WP_000005012.1	WP_011014443.1	30.093	216	1.74e-15	72.0
WP_000005012.1	WP_011014443.1	23.361	244	1.84e-08	50.8
WP_000005012.1	WP_011013331.1	27.149	221	1.50e-14	67.4
WP_000005012.1	WP_011015133.1	26.639	244	1.95e-14	68.9
WP_000005012.1	WP_011015133.1	26.244	221	9.99e-11	57.8
WP_000005012.1	WP_011265869.1	30.594	219	1.09e-13	66.6
WP_000005012.1	WP_011014424.1	25.792	221	3.91e-13	65.1
WP_000005012.1	WP_011014540.1	25.373	201	1.61e-12	61.2
WP_000005012.1	WP_011013466.1	24.038	208	3.25e-12	61.2
WP_000005012.1	WP_011014910.1	30.808	198	1.61e-11	60.1
WP_000005012.1	WP_011014910.1	23.372	261	1.92e-08	50.8
WP_000005012.1	WP_011265694.1	26.214	206	8.50e-10	55.1
WP_000005012.1	WP_011014865.1	33.168	202	1.53e-09	54.3
WP_000005012.1	WP_011014351.1	22.979	235	2.37e-08	50.4
WP_000005012.1	WP_011014089.1	26.471	204	6.00e-08	49.3
WP_000005012.1	WP_020948580.1	36.508	63	4.06e-07	47.0
WP_000008792.1	WP_011014176.1	28.007	557	2.94e-67	229
WP_000008792.1	WP_011015537.1	28.831	496	9.04e-64	219
WP_000008792.1	WP_011013619.1	27.919	591	5.15e-52	189
WP_000008792.1	WP_011013685.1	23.036	560	9.72e-43	160
WP_000008792.1	WP_011015526.1	23.140	605	2.39e-37	145
WP_000008792.1	WP_011013648.1	20.736	516	5.56e-21	94.4
WP_000008792.1	WP_011014439.1	27.397	146	1.67e-08	54.3
WP_000009144.1	WP_011265442.1	29.412	255	1.06e-24	99.4
WP_000010163.1	WP_003860060.1	41.456	316	2.00e-83	251
WP_000011009.1	WP_011014161.1	35.854	357	2.05e-72	238
WP_000011009.1	WP_011013876.1	34.091	352	1.21e-62	205
WP_000011009.1	WP_003856236.1	31.694	366	2.93e-52	179
WP_000011009.1	WP_011014290.1	23.127	307	1.49e-08	53.1
WP_000011009.1	WP_011013853.1	26.752	157	5.75e-07	48.5
WP_000011310.1	WP_003862248.1	26.367	311	4.22e-19	82.4
WP_000011793.1	WP_011015573.1	46.971	941	0.0	827
WP_000011793.1	WP_011015075.1	32.620	187	9.63e-16	78.2
WP_000011793.1	WP_011014916.1	26.977	215	2.06e-11	63.9
WP_000011793.1	WP_011013952.1	34.211	114	9.40e-08	52.0
WP_000013542.1	WP_003854317.1	55.429	175	5.02e-71	210
WP_000018264.1	WP_011013928.1	27.177	379	3.18e-18	83.6
WP_000022268.1	WP_003858089.1	52.212	226	6.32e-82	241
WP_000022268.1	WP_003854632.1	37.991	229	1.12e-49	162
WP_000022268.1	WP_003855103.1	36.681	229	4.66e-47	152
WP_000022268.1	WP_003858826.1	35.841	226	1.08e-44	147
WP_000022268.1	WP_003857431.1	32.110	218	4.90e-41	137
WP_000022268.1	WP_011014379.1	34.071	226	8.09e-40	134
WP_000022268.1	WP_003860245.1	35.266	207	1.51e-39	134
WP_000022268.1	WP_011013642.1	33.486	218	1.41e-37	130
WP_000022268.1	WP_011013931.1	34.703	219	8.78e-35	120
WP_000022268.1	WP_011015140.1	30.909	220	8.71e-33	119
WP_000022268.1	WP_011013783.1	30.870	230	9.40e-33	115
WP_000022268.1	WP_011013851.1	31.364	220	1.88e-31	114
WP_000022268.1	WP_011014327.1	34.101	217	6.82e-31	114
WP_000022268.1	WP_003857536.1	33.014	209	2.16e-29	106
WP_000022268.1	WP_011014807.1	31.739	230	1.98e-28	108
WP_000022268.1	WP_011014807.1	31.197	234	2.89e-22	91.3
WP_000022268.1	WP_011013479.1	30.986	213	3.20e-28	105
WP_000022268.1	WP_011265986.1	31.513	238	1.45e-26	103
WP_000022268.1	WP_011015040.1	32.203	236	2.40e-26	102
WP_000022268.1	WP_011015040.1	30.769	208	1.97e-20	85.9
WP_000022268.1	WP_011015020.1	32.444	225	2.71e-26	102
WP_000022268.1	WP_011014212.1	28.856	201	5.00e-26	98.2
WP_000022268.1	WP_003856445.1	28.512	242	1.20e-25	97.8
WP_000022268.1	WP_011014139.1	30.332	211	4.37e-23	94.0
WP_000022268.1	WP_011014139.1	31.707	205	1.29e-16	75.1
WP_000022268.1	WP_011015118.1	32.618	233	5.00e-23	93.2
WP_000022268.1	WP_011015118.1	30.244	205	3.77e-21	87.8
WP_000022268.1	WP_011013712.1	32.683	205	5.21e-23	93.2
WP_000022268.1	WP_011013712.1	25.121	207	1.75e-13	65.5
WP_000022268.1	WP_011013333.1	29.825	228	5.49e-23	90.5
WP_000022268.1	WP_011014450.1	30.088	226	5.92e-23	91.7
WP_000022268.1	WP_011014850.1	31.818	220	9.29e-23	90.5
WP_000022268.1	WP_011013996.1	28.505	214	1.18e-22	90.5
WP_000022268.1	WP_011014492.1	29.231	195	1.53e-22	89.0
WP_000022268.1	WP_011013906.1	26.786	224	4.96e-22	87.8
WP_000022268.1	WP_011013802.1	29.717	212	1.00e-21	87.4
WP_000022268.1	WP_003861735.1	27.570	214	1.96e-21	86.7
WP_000022268.1	WP_011013698.1	27.523	218	5.14e-21	85.1
WP_000022268.1	WP_011015345.1	30.222	225	6.54e-21	85.9
WP_000022268.1	WP_011015284.1	32.178	202	1.43e-20	84.3
WP_000022268.1	WP_003856990.1	26.609	233	5.67e-20	82.4
WP_000022268.1	WP_011013338.1	24.670	227	6.24e-19	79.3
WP_000022268.1	WP_011015221.1	31.429	210	9.77e-19	79.0
WP_000022268.1	WP_004567959.1	31.707	205	2.78e-18	78.2
WP_000022268.1	WP_003862124.1	29.187	209	4.51e-18	79.0
WP_000022268.1	WP_003862124.1	31.383	188	5.11e-17	75.9
WP_000022268.1	WP_011013985.1	27.411	197	1.01e-17	75.9
WP_000022268.1	WP_011014374.1	26.244	221	1.42e-17	75.5
WP_000022268.1	WP_011265940.1	24.413	213	2.27e-17	75.1
WP_000022268.1	WP_011014011.1	27.632	228	7.07e-16	72.8
WP_000022268.1	WP_011013984.1	24.883	213	8.18e-16	70.9
WP_000022268.1	WP_011014233.1	24.000	225	9.71e-16	72.0
WP_000022268.1	WP_011014233.1	26.341	205	1.34e-14	68.9
WP_000022268.1	WP_011014424.1	26.840	231	1.26e-15	72.0
WP_000022268.1	WP_011013622.1	22.907	227	2.32e-15	69.7
WP_000022268.1	WP_011013807.1	27.434	226	4.39e-15	68.9
WP_000022268.1	WP_011014216.1	27.111	225	4.72e-15	69.3
WP_000022268.1	WP_011014012.1	28.829	222	1.98e-14	68.2
WP_000022268.1	WP_011015261.1	27.723	202	7.22e-14	65.1
WP_000022268.1	WP_011014865.1	29.897	194	9.11e-14	66.2
WP_000022268.1	WP_011014443.1	25.510	196	5.02e-13	64.3
WP_000022268.1	WP_011014351.1	26.087	230	2.83e-12	62.0
WP_000022268.1	WP_011265869.1	30.726	179	2.92e-12	62.0
WP_000022268.1	WP_011014785.1	28.729	181	4.53e-12	60.1
WP_000022268.1	WP_011013968.1	24.651	215	5.91e-12	61.2
WP_000022268.1	WP_011013968.1	29.487	234	2.36e-11	59.3
WP_000022268.1	WP_011015133.1	23.585	212	9.06e-12	60.5
WP_000022268.1	WP_011015133.1	22.078	231	7.54e-08	48.9
WP_000022268.1	WP_011013466.1	23.116	199	1.31e-11	59.3
WP_000022268.1	WP_011265694.1	27.841	176	2.67e-10	56.2
WP_000022268.1	WP_011014540.1	27.536	207	2.11e-09	52.0
WP_000022268.1	WP_011013331.1	26.606	218	5.72e-09	51.2
WP_000022268.1	WP_011014910.1	23.348	227	5.90e-09	52.0
WP_000022268.1	WP_011014910.1	22.951	183	1.34e-06	45.1
WP_000022268.1	WP_003856078.1	27.488	211	1.05e-08	50.4
WP_000022268.1	WP_011014089.1	24.757	206	4.92e-08	49.3
WP_000022268.1	WP_011014362.1	26.012	173	4.18e-07	46.6
WP_000022268.1	WP_011266014.1	27.333	150	7.55e-07	45.4
WP_000022268.1	WP_011014000.1	30.435	92	1.19e-06	45.1
WP_000022268.1	WP_020948580.1	62.500	32	1.22e-06	45.1
WP_000022268.1	WP_011265658.1	20.779	231	9.12e-06	42.4
WP_000022572.1	WP_011014011.1	32.587	491	3.98e-86	277
WP_000022572.1	WP_011014012.1	28.927	522	6.63e-74	243
WP_000022572.1	WP_011014139.1	29.021	572	1.23e-73	252
WP_000022572.1	WP_011014139.1	28.041	485	4.55e-54	195
WP_000022572.1	WP_011015020.1	26.838	585	1.82e-64	219
WP_000022572.1	WP_011014362.1	22.165	582	2.39e-41	154
WP_000022572.1	WP_011265658.1	23.951	572	1.58e-36	140
WP_000022572.1	WP_011014424.1	24.101	473	7.61e-29	117
WP_000022572.1	WP_011014865.1	25.749	501	1.61e-28	115
WP_000022572.1	WP_011265869.1	26.087	414	2.85e-23	100
WP_000022572.1	WP_003854632.1	28.085	235	5.06e-22	94.4
WP_000022572.1	WP_011265741.1	21.201	533	3.10e-20	90.5
WP_000022572.1	WP_003857431.1	29.524	210	1.47e-19	84.7
WP_000022572.1	WP_011014807.1	29.439	214	2.36e-19	88.2
WP_000022572.1	WP_011014807.1	27.907	215	1.04e-12	67.0
WP_000022572.1	WP_011013642.1	32.075	212	3.21e-19	85.9
WP_000022572.1	WP_011014374.1	27.273	231	2.71e-18	81.3
WP_000022572.1	WP_011014450.1	29.730	222	3.54e-17	79.7
WP_000022572.1	WP_011014000.1	21.905	420	3.67e-17	80.5
WP_000022572.1	WP_020948580.1	23.108	489	3.84e-17	80.9
WP_000022572.1	WP_011015040.1	27.700	213	1.41e-16	79.0
WP_000022572.1	WP_011015040.1	26.316	228	7.46e-12	63.9
WP_000022572.1	WP_003858826.1	26.667	225	1.75e-16	75.9
WP_000022572.1	WP_011014327.1	27.650	217	4.25e-16	77.0
WP_000022572.1	WP_011265986.1	28.899	218	7.35e-16	77.0
WP_000022572.1	WP_011013851.1	28.500	200	9.78e-16	75.1
WP_000022572.1	WP_011015118.1	26.984	252	1.48e-15	75.9
WP_000022572.1	WP_011015118.1	26.697	221	8.38e-12	63.9
WP_000022572.1	WP_003858089.1	25.764	229	1.93e-15	72.4
WP_000022572.1	WP_011014212.1	26.087	207	4.15e-15	71.6
WP_000022572.1	WP_011015140.1	26.027	219	6.58e-15	73.2
WP_000022572.1	WP_011013479.1	27.358	212	1.83e-14	70.9
WP_000022572.1	WP_011014850.1	25.962	208	1.95e-14	70.5
WP_000022572.1	WP_011015284.1	25.229	218	8.20e-14	68.6
WP_000022572.1	WP_003855103.1	26.244	221	1.64e-13	66.6
WP_000022572.1	WP_011013906.1	24.138	232	2.54e-13	66.6
WP_000022572.1	WP_003860245.1	24.424	217	2.94e-13	67.0
WP_000022572.1	WP_011014492.1	25.110	227	1.20e-12	64.7
WP_000022572.1	WP_011013783.1	27.411	197	1.36e-12	64.3
WP_000022572.1	WP_011013338.1	27.500	200	1.59e-12	64.3
WP_000022572.1	WP_011265940.1	24.569	232	2.34e-12	63.9
WP_000022572.1	WP_011013985.1	24.057	212	4.25e-12	62.8
WP_000022572.1	WP_011014233.1	25.620	242	5.95e-12	64.3
WP_000022572.1	WP_011014233.1	22.936	218	2.17e-08	53.1
WP_000022572.1	WP_011014379.1	26.374	182	1.03e-11	62.0
WP_000022572.1	WP_011013698.1	22.650	234	1.74e-11	61.2
WP_000022572.1	WP_011013807.1	24.658	219	2.92e-11	60.5
WP_000022572.1	WP_011015221.1	27.749	191	3.37e-11	60.5
WP_000022572.1	WP_011013802.1	22.072	222	3.69e-11	60.5
WP_000022572.1	WP_011013622.1	23.853	218	7.22e-11	59.7
WP_000022572.1	WP_003857536.1	25.352	213	2.88e-10	57.4
WP_000022572.1	WP_003856078.1	27.234	235	2.95e-10	57.4
WP_000022572.1	WP_011013712.1	25.217	230	4.99e-10	58.5
WP_000022572.1	WP_011013712.1	21.888	233	6.79e-06	45.1
WP_000022572.1	WP_011013996.1	25.688	218	6.84e-10	57.0
WP_000022572.1	WP_011265694.1	21.000	400	1.47e-09	57.0
WP_000022572.1	WP_003862124.1	26.512	215	2.76e-09	55.8
WP_000022572.1	WP_003862124.1	24.757	206	4.81e-07	48.5
WP_000022572.1	WP_011013931.1	25.000	204	2.78e-09	54.3
WP_000022572.1	WP_003856445.1	25.581	215	2.92e-09	54.7
WP_000022572.1	WP_004567959.1	21.053	209	3.26e-09	55.1
WP_000022572.1	WP_011014910.1	27.320	194	8.16e-09	54.7
WP_000022572.1	WP_011013968.1	25.000	228	1.90e-08	53.5
WP_000022572.1	WP_011013968.1	28.750	160	2.09e-06	47.0
WP_000022572.1	WP_003861735.1	23.077	221	1.91e-08	52.4
WP_000022572.1	WP_011013331.1	27.189	217	2.30e-08	51.2
WP_000022572.1	WP_011014154.1	28.788	132	8.53e-08	51.2
WP_000022572.1	WP_011014540.1	24.500	200	1.16e-07	48.9
WP_000022572.1	WP_011015345.1	24.000	200	1.39e-07	50.1
WP_000022572.1	WP_011014216.1	25.439	228	2.20e-07	49.3
WP_000022572.1	WP_011266014.1	25.000	164	4.10e-07	48.5
WP_000022572.1	WP_011014110.1	28.788	132	2.33e-06	47.0
WP_000022572.1	WP_011013333.1	23.196	194	8.41e-06	43.9
WP_000022748.1	WP_011014095.1	39.636	275	1.15e-69	214
WP_000022813.1	WP_003856756.1	58.275	429	1.43e-169	479
WP_000023507.1	WP_011015468.1	25.352	284	3.99e-25	97.4
WP_000023507.1	WP_003858506.1	23.675	283	1.07e-12	62.8
WP_000023507.1	WP_003853955.1	24.542	273	1.63e-11	59.7
WP_000024543.1	WP_003854293.1	37.129	202	2.28e-37	126
WP_000025400.1	WP_011015133.1	34.717	530	3.64e-82	262
WP_000025400.1	WP_011014443.1	30.444	496	1.52e-61	207
WP_000025400.1	WP_011014443.1	25.581	215	2.49e-14	71.6
WP_000025400.1	WP_011013968.1	27.692	520	7.01e-58	199
WP_000025400.1	WP_011013968.1	29.282	181	3.71e-18	84.0
WP_000025400.1	WP_011014910.1	26.040	553	1.26e-54	189
WP_000025400.1	WP_011014910.1	25.472	212	1.27e-10	60.1
WP_000025400.1	WP_011014089.1	31.227	538	2.81e-52	182
WP_000025400.1	WP_011014089.1	31.132	212	1.60e-17	81.6
WP_000025400.1	WP_011014089.1	30.986	71	4.06e-08	52.0
WP_000025400.1	WP_011014351.1	23.464	537	6.65e-26	107
WP_000025400.1	WP_011014351.1	29.730	222	1.15e-14	72.8
WP_000025400.1	WP_011014351.1	35.294	68	1.25e-06	47.4
WP_000025400.1	WP_011015040.1	22.201	518	7.73e-21	91.7
WP_000025400.1	WP_011015040.1	23.929	280	1.78e-16	78.2
WP_000025400.1	WP_011014233.1	23.519	540	3.52e-18	83.6
WP_000025400.1	WP_011013622.1	29.293	198	3.60e-17	78.2
WP_000025400.1	WP_011013622.1	27.933	179	1.39e-07	49.3
WP_000025400.1	WP_011014492.1	24.434	221	4.14e-16	74.7
WP_000025400.1	WP_011014492.1	27.273	187	3.43e-13	65.9
WP_000025400.1	WP_003861735.1	25.095	263	1.30e-13	67.8
WP_000025400.1	WP_011013712.1	22.388	536	3.03e-12	65.1
WP_000025400.1	WP_003857536.1	24.898	245	5.44e-12	62.0
WP_000025400.1	WP_011013802.1	27.826	230	5.92e-12	62.8
WP_000025400.1	WP_011013802.1	25.943	212	2.90e-10	57.4
WP_000025400.1	WP_011013698.1	27.979	193	6.32e-12	62.4
WP_000025400.1	WP_011013698.1	25.751	233	4.46e-10	57.0
WP_000025400.1	WP_011013338.1	27.778	198	1.47e-11	61.2
WP_000025400.1	WP_011013338.1	27.907	172	1.26e-10	58.5
WP_000025400.1	WP_003854632.1	23.457	243	4.31e-11	60.8
WP_000025400.1	WP_003854632.1	25.263	190	1.81e-08	52.8
WP_000025400.1	WP_011015284.1	25.541	231	5.26e-11	59.7
WP_000025400.1	WP_011013984.1	25.000	220	5.38e-11	59.3
WP_000025400.1	WP_011015345.1	29.279	222	6.84e-11	59.7
WP_000025400.1	WP_011013807.1	25.764	229	1.06e-10	58.5
WP_000025400.1	WP_011014850.1	29.167	192	2.01e-10	58.2
WP_000025400.1	WP_011014850.1	27.097	155	1.81e-08	52.4
WP_000025400.1	WP_011013479.1	25.000	224	2.21e-10	58.2
WP_000025400.1	WP_011013479.1	32.877	146	2.55e-07	48.9
WP_000025400.1	WP_011265986.1	26.778	239	2.36e-10	59.3
WP_000025400.1	WP_011013985.1	26.705	176	2.67e-10	57.0
WP_000025400.1	WP_011014212.1	25.652	230	6.41e-10	56.2
WP_000025400.1	WP_011014212.1	25.500	200	4.75e-06	44.3
WP_000025400.1	WP_011013851.1	26.667	210	7.02e-10	57.0
WP_000025400.1	WP_011013642.1	26.126	222	8.88e-10	56.6
WP_000025400.1	WP_011013642.1	28.302	159	1.89e-08	52.8
WP_000025400.1	WP_011015261.1	26.667	255	8.89e-10	55.5
WP_000025400.1	WP_011015261.1	30.201	149	6.69e-07	47.0
WP_000025400.1	WP_011013996.1	26.778	239	9.68e-10	56.2
WP_000025400.1	WP_011013996.1	25.654	191	3.68e-07	48.1
WP_000025400.1	WP_011013906.1	26.728	217	1.39e-09	55.1
WP_000025400.1	WP_011015020.1	27.391	230	4.24e-09	55.1
WP_000025400.1	WP_011015020.1	23.830	235	5.84e-09	54.7
WP_000025400.1	WP_011013783.1	23.301	206	5.49e-09	53.1
WP_000025400.1	WP_011013783.1	23.005	213	3.07e-08	51.2
WP_000025400.1	WP_011014362.1	25.926	189	6.83e-09	54.7
WP_000025400.1	WP_011265940.1	23.451	226	8.60e-09	53.1
WP_000025400.1	WP_011265940.1	26.111	180	1.70e-06	45.8
WP_000025400.1	WP_011013333.1	23.394	218	1.64e-08	52.0
WP_000025400.1	WP_011013333.1	25.556	180	6.96e-08	50.1
WP_000025400.1	WP_003860245.1	24.719	178	2.16e-08	52.0
WP_000025400.1	WP_003860245.1	36.667	60	1.02e-06	47.0
WP_000025400.1	WP_011013931.1	25.877	228	2.38e-08	51.2
WP_000025400.1	WP_011015140.1	25.346	217	2.95e-08	52.0
WP_000025400.1	WP_011015140.1	25.161	155	5.57e-06	45.1
WP_000025400.1	WP_011013331.1	22.172	221	3.37e-08	50.8
WP_000025400.1	WP_011265869.1	24.883	213	3.39e-08	52.4
WP_000025400.1	WP_011265869.1	21.925	187	2.13e-06	46.6
WP_000025400.1	WP_011014216.1	24.211	190	3.48e-08	51.2
WP_000025400.1	WP_011014139.1	26.562	192	3.66e-08	52.4
WP_000025400.1	WP_011014139.1	25.980	204	4.20e-08	52.4
WP_000025400.1	WP_003856445.1	27.805	205	1.01e-07	49.7
WP_000025400.1	WP_003858826.1	21.514	251	1.17e-07	49.3
WP_000025400.1	WP_003858826.1	24.887	221	2.71e-06	45.4
WP_000025400.1	WP_011014011.1	24.275	276	8.08e-07	48.1
WP_000025400.1	WP_011014374.1	24.118	170	1.00e-06	46.6
WP_000025400.1	WP_011014424.1	28.889	180	1.05e-06	47.8
WP_000025400.1	WP_003862124.1	23.590	195	1.33e-06	47.0
WP_000025400.1	WP_011265658.1	38.596	57	1.67e-06	47.0
WP_000025400.1	WP_011014807.1	24.607	191	2.33e-06	46.6
WP_000025400.1	WP_011013466.1	24.545	220	2.34e-06	45.4
WP_000025400.1	WP_004567959.1	26.582	158	3.05e-06	45.4
WP_000025400.1	WP_020948580.1	54.054	37	5.64e-06	45.1
WP_000025400.1	WP_011014379.1	22.941	170	6.41e-06	44.3
WP_000025400.1	WP_011014865.1	29.885	87	6.79e-06	45.1
WP_000026645.1	WP_172820770.1	49.180	61	5.75e-08	51.2
WP_000026645.1	WP_172820770.1	34.831	89	4.42e-07	48.5
WP_000027902.1	WP_011014794.1	44.186	258	2.93e-66	202
WP_000029269.1	WP_003859211.1	28.873	142	8.68e-16	66.6
WP_000029866.1	WP_011265967.1	55.049	307	1.55e-104	304
WP_000029866.1	WP_011014907.1	28.525	305	9.28e-33	119
WP_000029866.1	WP_003862033.1	27.976	168	1.13e-06	45.8
WP_000031087.1	WP_011265718.1	37.120	493	1.06e-93	290
WP_000031087.1	WP_011013493.1	31.511	311	7.73e-39	139
WP_000031573.1	WP_003862917.1	60.000	545	0.0	617
WP_000031573.1	WP_011013754.1	56.107	524	0.0	560
WP_000031963.1	WP_011015127.1	40.162	371	6.62e-82	251
WP_000031963.1	WP_011015376.1	32.267	375	2.31e-47	161
WP_000031963.1	WP_003854667.1	28.986	414	5.98e-34	127
WP_000032175.1	WP_011015075.1	45.115	911	0.0	726
WP_000032175.1	WP_011014916.1	25.761	854	2.71e-51	191
WP_000032273.1	WP_003861701.1	33.518	361	3.17e-58	189
WP_000032347.1	WP_011266029.1	25.000	336	1.31e-12	65.5
WP_000032460.1	WP_011014439.1	40.642	903	0.0	586
WP_000032460.1	WP_011014176.1	28.374	289	2.10e-19	89.7
WP_000032460.1	WP_011013619.1	25.256	293	3.61e-18	85.9
WP_000032460.1	WP_011013619.1	34.807	181	3.69e-15	76.3
WP_000032460.1	WP_011015537.1	33.152	184	8.44e-18	84.3
WP_000032460.1	WP_011015537.1	25.738	237	1.88e-11	63.9
WP_000032460.1	WP_011015526.1	31.818	198	2.58e-16	79.7
WP_000032460.1	WP_011015526.1	26.872	227	6.16e-11	62.4
WP_000032460.1	WP_011013685.1	34.884	86	2.98e-07	50.4
WP_000034665.1	WP_011015390.1	60.554	578	0.0	676
WP_000034665.1	WP_011015077.1	28.219	365	4.44e-23	99.4
WP_000036661.1	WP_011265725.1	27.390	544	1.66e-52	184
WP_000036793.1	WP_011013602.1	27.488	211	6.56e-14	69.7
WP_000036793.1	WP_011014816.1	23.876	356	3.90e-13	67.4
WP_000036793.1	WP_011013815.1	27.969	261	8.05e-12	63.2
WP_000036793.1	WP_011015323.1	27.397	219	3.71e-11	61.2
WP_000036793.1	WP_011013721.1	23.140	363	3.97e-08	51.6
WP_000036793.1	WP_041625711.1	26.702	191	3.47e-07	48.5
WP_000037283.1	WP_011013311.1	46.559	683	0.0	568
WP_000039196.1	WP_011014802.1	50.761	591	1.43e-178	541
WP_000039196.1	WP_011014121.1	32.168	143	1.31e-13	71.2
WP_000039196.1	WP_011015054.1	28.000	225	2.43e-12	67.0
WP_000039196.1	WP_011013696.1	32.083	240	2.10e-10	60.1
WP_000039196.1	WP_011013694.1	29.375	160	2.79e-10	60.5
WP_000039196.1	WP_011013982.1	36.000	75	3.13e-09	57.0
WP_000039196.1	WP_003862775.1	35.354	99	7.48e-06	45.8
WP_000040908.1	WP_011014398.1	34.916	358	5.39e-53	176
WP_000040908.1	WP_011014485.1	31.389	360	5.47e-53	176
WP_000040908.1	WP_011013728.1	26.724	232	4.75e-10	56.2
WP_000043309.1	WP_003863110.1	26.027	219	1.51e-14	67.8
WP_000046044.1	WP_011015389.1	33.594	128	1.89e-07	45.8
WP_000048088.1	WP_231838297.1	32.500	400	3.36e-47	165
WP_000049768.1	WP_011015222.1	34.247	219	6.92e-34	121
WP_000049768.1	WP_011265971.1	28.205	195	5.31e-14	67.4
WP_000049768.1	WP_011013477.1	24.837	153	1.81e-06	44.7
WP_000057241.1	WP_003860590.1	44.643	56	2.33e-12	52.4
WP_000058033.1	WP_011015194.1	58.974	273	7.10e-108	310
WP_000058203.1	WP_011014465.1	36.591	921	1.54e-177	534
WP_000058257.1	WP_172820728.1	44.148	675	9.73e-177	516
WP_000061641.1	WP_011015064.1	40.045	447	1.08e-80	254
WP_000061641.1	WP_011014061.1	29.710	138	1.15e-12	65.5
WP_000062224.1	WP_011013985.1	36.842	228	1.92e-52	166
WP_000062224.1	WP_011014450.1	31.390	223	1.26e-31	115
WP_000062224.1	WP_011013984.1	31.818	242	1.13e-29	107
WP_000062224.1	WP_011013996.1	30.638	235	2.62e-28	105
WP_000062224.1	WP_003857431.1	28.241	216	4.32e-27	101
WP_000062224.1	WP_011013642.1	31.381	239	1.48e-25	99.0
WP_000062224.1	WP_003858826.1	26.496	234	2.22e-24	94.4
WP_000062224.1	WP_003854632.1	28.767	219	2.66e-24	95.9
WP_000062224.1	WP_011014492.1	28.085	235	4.91e-24	93.2
WP_000062224.1	WP_011014850.1	31.390	223	5.88e-24	94.0
WP_000062224.1	WP_011013807.1	28.511	235	1.15e-23	92.4
WP_000062224.1	WP_011014212.1	32.735	223	1.52e-23	91.7
WP_000062224.1	WP_011013479.1	29.646	226	2.31e-23	92.4
WP_000062224.1	WP_011015221.1	29.572	257	7.02e-23	90.1
WP_000062224.1	WP_011013333.1	27.500	240	1.35e-22	89.4
WP_000062224.1	WP_011014233.1	26.577	222	2.24e-22	91.7
WP_000062224.1	WP_011014233.1	28.959	221	9.47e-22	89.7
WP_000062224.1	WP_004567959.1	29.907	214	2.36e-22	89.7
WP_000062224.1	WP_011015345.1	32.461	191	4.06e-22	89.4
WP_000062224.1	WP_011014374.1	30.583	206	1.54e-21	86.7
WP_000062224.1	WP_003856445.1	25.101	247	1.95e-21	86.7
WP_000062224.1	WP_011013338.1	25.000	236	5.38e-21	85.1
WP_000062224.1	WP_011013851.1	28.755	233	6.43e-21	86.3
WP_000062224.1	WP_011014327.1	28.899	218	1.60e-20	85.9
WP_000062224.1	WP_003855103.1	27.193	228	4.12e-20	82.4
WP_000062224.1	WP_003860245.1	28.571	217	4.37e-20	83.2
WP_000062224.1	WP_011015140.1	30.901	233	6.39e-20	84.0
WP_000062224.1	WP_011013331.1	32.110	218	7.54e-20	81.3
WP_000062224.1	WP_003862124.1	29.577	213	7.65e-20	84.0
WP_000062224.1	WP_003862124.1	27.749	191	1.22e-09	54.3
WP_000062224.1	WP_011013783.1	27.149	221	1.67e-19	80.9
WP_000062224.1	WP_011014379.1	27.273	242	2.17e-19	80.9
WP_000062224.1	WP_011013802.1	27.039	233	2.67e-19	80.9
WP_000062224.1	WP_011013622.1	27.197	239	3.77e-19	80.5
WP_000062224.1	WP_003856990.1	30.000	210	3.91e-18	77.4
WP_000062224.1	WP_003858089.1	27.650	217	4.10e-18	77.0
WP_000062224.1	WP_011265940.1	25.833	240	5.36e-18	77.0
WP_000062224.1	WP_003861735.1	25.909	220	5.79e-17	74.7
WP_000062224.1	WP_011013931.1	28.444	225	8.77e-17	73.2
WP_000062224.1	WP_003857536.1	28.571	210	1.43e-16	72.8
WP_000062224.1	WP_011015040.1	29.224	219	1.57e-16	74.7
WP_000062224.1	WP_011015040.1	23.423	222	1.46e-15	71.6
WP_000062224.1	WP_011013698.1	23.404	235	1.60e-16	73.2
WP_000062224.1	WP_011015020.1	28.037	214	2.48e-16	73.9
WP_000062224.1	WP_011014139.1	24.893	233	2.90e-16	73.9
WP_000062224.1	WP_011014139.1	27.317	205	1.88e-13	65.9
WP_000062224.1	WP_011014807.1	26.033	242	3.86e-16	73.6
WP_000062224.1	WP_011014807.1	27.234	235	1.99e-15	71.2
WP_000062224.1	WP_011013466.1	28.641	206	5.19e-16	71.6
WP_000062224.1	WP_011015118.1	27.234	235	1.04e-15	72.4
WP_000062224.1	WP_011015118.1	28.054	221	5.61e-15	70.1
WP_000062224.1	WP_011014362.1	26.667	225	1.20e-15	72.0
WP_000062224.1	WP_011013712.1	28.070	228	1.66e-15	71.6
WP_000062224.1	WP_011013712.1	23.377	231	1.53e-11	60.1
WP_000062224.1	WP_011015284.1	27.523	218	4.56e-15	69.3
WP_000062224.1	WP_011014443.1	29.609	179	4.59e-15	70.5
WP_000062224.1	WP_011014443.1	25.893	224	1.50e-06	45.1
WP_000062224.1	WP_011265658.1	23.377	231	5.07e-15	70.1
WP_000062224.1	WP_011013906.1	26.201	229	1.17e-13	65.1
WP_000062224.1	WP_011013968.1	27.879	165	8.05e-13	63.9
WP_000062224.1	WP_011013968.1	24.540	163	4.16e-09	52.8
WP_000062224.1	WP_011015261.1	25.229	218	8.85e-13	62.0
WP_000062224.1	WP_011014216.1	25.893	224	2.40e-12	61.6
WP_000062224.1	WP_011014540.1	26.131	199	4.80e-12	59.7
WP_000062224.1	WP_011015133.1	28.019	207	6.80e-12	60.8
WP_000062224.1	WP_011014011.1	26.339	224	2.53e-11	59.3
WP_000062224.1	WP_011014424.1	24.359	234	3.56e-11	58.9
WP_000062224.1	WP_011014910.1	23.590	195	6.34e-11	58.2
WP_000062224.1	WP_011014910.1	26.590	173	2.68e-07	47.4
WP_000062224.1	WP_011014012.1	26.974	152	8.20e-11	57.8
WP_000062224.1	WP_011265986.1	21.795	234	8.82e-11	57.8
WP_000062224.1	WP_011014865.1	30.729	192	5.56e-09	52.4
WP_000062224.1	WP_003856078.1	23.715	253	2.61e-07	46.6
WP_000062224.1	WP_011265869.1	21.296	216	4.10e-07	46.6
WP_000062224.1	WP_011014351.1	23.936	188	1.26e-06	45.1
WP_000062224.1	WP_011014351.1	28.571	154	3.02e-06	43.9
WP_000062224.1	WP_011014110.1	29.412	102	1.42e-06	45.1
WP_000062224.1	WP_011014110.1	36.842	76	2.63e-06	44.3
WP_000062224.1	WP_011014089.1	23.590	195	2.50e-06	44.3
WP_000062224.1	WP_011014785.1	28.873	142	8.06e-06	42.0
WP_000062224.1	WP_020948580.1	30.769	65	8.25e-06	42.7
WP_000064406.1	WP_011013993.1	41.921	458	2.17e-120	357
WP_000064406.1	WP_011013863.1	22.997	387	3.52e-15	73.2
WP_000064406.1	WP_006286028.1	30.909	110	2.22e-07	47.8
WP_000064406.1	WP_011013601.1	28.205	117	4.73e-06	43.9
WP_000065637.1	WP_011014791.1	29.779	544	5.72e-83	270
WP_000065723.1	WP_011013761.1	51.644	517	0.0	541
WP_000065723.1	WP_011265665.1	31.818	154	1.09e-12	66.6
WP_000065723.1	WP_011014478.1	25.000	176	1.59e-07	49.7
WP_000066732.1	WP_011015325.1	27.273	517	1.48e-36	141
WP_000066732.1	WP_003855494.1	24.101	556	2.63e-25	105
WP_000066732.1	WP_011013532.1	21.331	511	6.01e-19	86.3
WP_000066732.1	WP_011265702.1	24.359	390	5.04e-11	61.2
WP_000066732.1	WP_003859440.1	33.945	109	1.96e-08	53.1
WP_000066732.1	WP_003859440.1	24.551	167	1.89e-07	50.1
WP_000066732.1	WP_011015452.1	21.683	309	5.36e-07	48.5
WP_000067853.1	WP_172820728.1	45.495	677	0.0	530
WP_000067853.1	WP_011014985.1	25.481	208	1.11e-06	48.1
WP_000067853.1	WP_011014741.1	25.248	202	9.80e-06	45.1
WP_000068050.1	WP_003861337.1	31.633	98	8.10e-13	57.8
WP_000068664.1	WP_003858407.1	52.239	67	2.26e-18	68.9
WP_000071390.1	WP_011265882.1	23.333	330	6.95e-11	63.5
WP_000073428.1	WP_011013757.1	54.098	488	0.0	539
WP_000073428.1	WP_011015302.1	34.810	474	9.12e-78	248
WP_000073428.1	WP_011013758.1	30.894	123	2.33e-06	45.8
WP_000075966.1	WP_003854537.1	48.760	121	3.60e-34	114
WP_000076548.1	WP_011015582.1	34.685	222	1.63e-26	103
WP_000076548.1	WP_003856406.1	28.261	138	3.74e-09	52.4
WP_000076776.1	WP_003857839.1	47.992	498	2.75e-172	492
WP_000076776.1	WP_011013398.1	23.767	446	1.37e-20	90.9
WP_000076776.1	WP_011015563.1	23.451	226	3.60e-09	55.1
WP_000077424.1	WP_011265533.1	35.789	285	6.38e-43	153
WP_000078475.1	WP_011015278.1	33.047	233	1.04e-36	125
WP_000078572.1	WP_011014942.1	30.909	330	1.97e-44	151
WP_000078572.1	WP_011015277.1	33.010	206	2.01e-16	74.7
WP_000078572.1	WP_011014747.1	22.936	327	1.67e-08	50.8
WP_000081011.1	WP_003855300.1	26.101	318	3.26e-13	65.9
WP_000081011.1	WP_011014413.1	23.630	292	1.49e-10	57.8
WP_000081011.1	WP_011013602.1	23.270	318	1.98e-06	45.4
WP_000081011.1	WP_041625711.1	23.794	311	5.87e-06	43.9
WP_000085026.1	WP_011014472.1	46.445	211	1.19e-58	181
WP_000085659.1	WP_003854632.1	41.231	325	4.23e-86	261
WP_000085659.1	WP_003858826.1	40.254	236	3.86e-58	186
WP_000085659.1	WP_003857431.1	42.291	227	5.23e-55	177
WP_000085659.1	WP_003855103.1	38.942	208	1.04e-49	163
WP_000085659.1	WP_003858089.1	39.726	219	1.56e-47	157
WP_000085659.1	WP_011015118.1	37.551	245	1.53e-44	157
WP_000085659.1	WP_011015118.1	35.338	266	1.29e-35	132
WP_000085659.1	WP_011014807.1	36.032	247	1.76e-41	149
WP_000085659.1	WP_011014807.1	33.213	277	5.68e-38	139
WP_000085659.1	WP_011014379.1	35.294	238	2.41e-41	142
WP_000085659.1	WP_011015284.1	38.462	234	1.58e-40	140
WP_000085659.1	WP_011013931.1	37.500	224	5.26e-39	135
WP_000085659.1	WP_011013851.1	33.468	248	6.10e-38	135
WP_000085659.1	WP_011015040.1	35.065	231	7.66e-38	137
WP_000085659.1	WP_011015040.1	36.052	233	3.34e-33	125
WP_000085659.1	WP_011015140.1	35.242	227	7.45e-37	133
WP_000085659.1	WP_011265986.1	30.739	257	2.87e-36	135
WP_000085659.1	WP_011013479.1	33.188	229	3.21e-33	122
WP_000085659.1	WP_011013642.1	31.855	248	4.92e-33	122
WP_000085659.1	WP_011014327.1	32.174	230	8.31e-33	123
WP_000085659.1	WP_003857536.1	31.169	231	2.28e-32	117
WP_000085659.1	WP_011013783.1	30.698	215	1.71e-31	115
WP_000085659.1	WP_003860245.1	31.301	246	2.23e-31	116
WP_000085659.1	WP_011015221.1	33.582	268	7.16e-31	114
WP_000085659.1	WP_011013996.1	32.127	221	4.21e-30	113
WP_000085659.1	WP_011013712.1	31.429	245	1.11e-26	107
WP_000085659.1	WP_011013712.1	25.110	227	1.72e-13	67.8
WP_000085659.1	WP_011014212.1	34.328	201	1.16e-26	102
WP_000085659.1	WP_011013802.1	31.224	237	1.05e-24	98.2
WP_000085659.1	WP_011014850.1	29.577	213	1.34e-24	98.2
WP_000085659.1	WP_011013338.1	31.897	232	2.32e-24	97.1
WP_000085659.1	WP_011015020.1	32.203	236	7.13e-24	99.4
WP_000085659.1	WP_011265940.1	28.926	242	2.29e-23	94.4
WP_000085659.1	WP_011014139.1	31.739	230	5.86e-23	97.1
WP_000085659.1	WP_011014139.1	29.954	217	3.06e-17	79.7
WP_000085659.1	WP_003856445.1	27.826	230	7.78e-23	92.8
WP_000085659.1	WP_003862124.1	28.417	278	1.44e-22	94.7
WP_000085659.1	WP_003862124.1	26.667	225	3.95e-14	69.3
WP_000085659.1	WP_003861735.1	28.017	232	3.34e-22	91.7
WP_000085659.1	WP_011014233.1	28.384	229	7.40e-22	93.2
WP_000085659.1	WP_011014233.1	21.905	210	1.15e-09	55.8
WP_000085659.1	WP_011013984.1	27.801	241	9.39e-22	89.4
WP_000085659.1	WP_011014450.1	27.700	213	2.08e-21	90.1
WP_000085659.1	WP_011013985.1	32.701	211	5.50e-21	87.0
WP_000085659.1	WP_011014785.1	30.108	186	7.29e-21	86.7
WP_000085659.1	WP_011015345.1	29.665	209	1.29e-20	87.4
WP_000085659.1	WP_011014374.1	28.226	248	9.37e-20	84.0
WP_000085659.1	WP_003856990.1	29.767	215	3.07e-19	82.8
WP_000085659.1	WP_011013333.1	27.962	211	5.21e-19	82.0
WP_000085659.1	WP_011013906.1	27.523	218	1.43e-18	80.5
WP_000085659.1	WP_011014011.1	30.081	246	1.47e-18	83.2
WP_000085659.1	WP_011013698.1	29.046	241	1.55e-18	80.9
WP_000085659.1	WP_011013622.1	26.778	239	2.60e-17	77.4
WP_000085659.1	WP_011013807.1	26.275	255	7.41e-17	75.9
WP_000085659.1	WP_011014492.1	23.830	235	1.27e-15	72.4
WP_000085659.1	WP_011013466.1	25.346	217	7.63e-15	70.1
WP_000085659.1	WP_004567959.1	25.641	234	3.57e-14	68.6
WP_000085659.1	WP_011014012.1	27.313	227	3.61e-14	69.7
WP_000085659.1	WP_011015261.1	27.523	218	4.53e-14	67.4
WP_000085659.1	WP_011013968.1	26.009	223	1.54e-13	68.2
WP_000085659.1	WP_011013968.1	26.829	205	5.68e-13	66.2
WP_000085659.1	WP_011014216.1	25.197	254	1.54e-13	66.6
WP_000085659.1	WP_011014540.1	29.231	195	8.86e-13	63.2
WP_000085659.1	WP_011015133.1	25.472	212	2.22e-11	61.2
WP_000085659.1	WP_011015133.1	25.806	217	1.76e-08	52.4
WP_000085659.1	WP_011014424.1	25.103	243	3.11e-11	60.8
WP_000085659.1	WP_011014443.1	24.280	243	4.57e-11	60.5
WP_000085659.1	WP_011014443.1	26.368	201	3.31e-08	51.2
WP_000085659.1	WP_011014910.1	30.114	176	3.36e-10	57.8
WP_000085659.1	WP_011014910.1	26.289	194	9.51e-07	46.6
WP_000085659.1	WP_011014865.1	32.632	190	1.54e-09	55.5
WP_000085659.1	WP_011265869.1	26.887	212	1.58e-09	55.5
WP_000085659.1	WP_011265658.1	25.322	233	3.70e-09	54.3
WP_000085659.1	WP_011014362.1	29.878	164	4.38e-09	54.3
WP_000085659.1	WP_003856078.1	26.364	220	1.65e-08	51.2
WP_000085659.1	WP_011014351.1	25.000	236	2.79e-08	51.6
WP_000085659.1	WP_011013331.1	27.461	193	3.51e-08	50.1
WP_000085659.1	WP_011265741.1	33.962	106	7.24e-08	50.4
WP_000085659.1	WP_020948580.1	45.763	59	1.11e-07	49.7
WP_000085659.1	WP_011014089.1	27.273	220	2.14e-07	48.9
WP_000085659.1	WP_011266014.1	32.231	121	1.37e-06	45.8
WP_000085659.1	WP_011014110.1	27.419	186	2.65e-06	45.4
WP_000085659.1	WP_011014000.1	31.579	95	3.88e-06	44.7
WP_000086494.1	WP_011014472.1	36.634	202	6.85e-43	141
WP_000086634.1	WP_003860588.1	50.000	178	3.50e-56	171
WP_000087875.1	WP_003854222.1	62.338	154	4.13e-69	202
WP_000087897.1	WP_011014466.1	47.967	246	2.64e-74	223
WP_000089968.1	WP_011014930.1	26.207	290	9.59e-24	95.1
WP_000090344.1	WP_011013694.1	57.932	706	0.0	845
WP_000090344.1	WP_011013982.1	27.379	515	3.29e-41	154
WP_000090344.1	WP_011014121.1	38.971	136	1.29e-19	89.7
WP_000090344.1	WP_011014121.1	27.919	197	1.50e-12	67.0
WP_000090344.1	WP_011015054.1	35.862	145	3.04e-18	85.1
WP_000090344.1	WP_011015054.1	26.829	246	5.78e-10	58.5
WP_000090344.1	WP_011013696.1	33.333	138	4.80e-09	55.1
WP_000090344.1	WP_011014802.1	30.709	127	1.64e-07	50.8
WP_000090781.1	WP_003854425.1	60.656	122	2.10e-47	145
WP_000091082.1	WP_011013861.1	24.299	214	1.10e-12	66.2
WP_000091082.1	WP_011266029.1	27.439	164	9.33e-10	56.6
WP_000091534.1	WP_011266001.1	27.692	130	1.43e-07	45.1
WP_000092756.1	WP_011013730.1	50.739	203	4.91e-60	183
WP_000094354.1	WP_011014204.1	66.167	467	0.0	610
WP_000094354.1	WP_011014202.1	26.128	421	3.65e-22	95.9
WP_000094354.1	WP_011014197.1	28.571	231	2.80e-06	46.2
WP_000096161.1	WP_011014457.1	36.961	487	4.56e-105	320
WP_000099054.1	WP_011013836.1	31.781	365	2.97e-45	156
WP_000099054.1	WP_003853648.1	25.485	361	2.67e-25	102
WP_000102456.1	WP_011015310.1	38.182	495	2.07e-103	316
WP_000102456.1	WP_011014498.1	28.369	282	5.29e-17	80.1
WP_000103700.1	WP_006284211.1	28.509	228	5.78e-26	102
WP_000103700.1	WP_003863669.1	26.908	249	2.08e-25	99.8
WP_000103700.1	WP_011265986.1	29.224	219	1.68e-22	94.4
WP_000103700.1	WP_011015039.1	24.906	265	3.44e-13	65.1
WP_000105241.1	WP_003856281.1	52.768	542	0.0	545
WP_000105270.1	WP_003862621.1	23.108	251	1.23e-19	82.0
WP_000105270.1	WP_003857140.1	23.504	234	4.70e-13	63.5
WP_000105310.1	WP_011014356.1	35.185	162	1.94e-19	78.6
WP_000106346.1	WP_011015085.1	58.213	414	4.19e-173	487
WP_000106346.1	WP_011015301.1	24.119	369	6.76e-11	60.5
WP_000108201.1	WP_011014148.1	42.539	764	0.0	573
WP_000108201.1	WP_003856473.1	22.829	403	1.77e-07	50.4
WP_000109141.1	WP_003859302.1	40.404	99	9.90e-17	66.2
WP_000109217.1	WP_011015221.1	50.394	254	3.17e-79	236
WP_000109217.1	WP_003858826.1	36.032	247	1.92e-36	127
WP_000109217.1	WP_003857431.1	33.333	240	4.50e-36	125
WP_000109217.1	WP_003854632.1	30.932	236	5.00e-31	115
WP_000109217.1	WP_011014212.1	30.455	220	6.66e-26	99.0
WP_000109217.1	WP_011014807.1	29.502	261	1.45e-23	96.3
WP_000109217.1	WP_011014807.1	27.843	255	6.31e-17	76.6
WP_000109217.1	WP_003858089.1	31.944	216	1.64e-23	92.0
WP_000109217.1	WP_011015284.1	29.310	232	8.36e-23	91.3
WP_000109217.1	WP_003860245.1	31.222	221	6.66e-22	89.0
WP_000109217.1	WP_011013338.1	27.347	245	2.25e-21	87.0
WP_000109217.1	WP_011013802.1	29.279	222	3.82e-21	86.7
WP_000109217.1	WP_011013642.1	31.313	198	6.28e-20	84.3
WP_000109217.1	WP_011013783.1	28.509	228	8.26e-20	82.4
WP_000109217.1	WP_011014139.1	29.902	204	9.88e-20	85.1
WP_000109217.1	WP_011014139.1	26.906	223	8.10e-15	70.5
WP_000109217.1	WP_011014327.1	28.444	225	1.14e-19	84.3
WP_000109217.1	WP_011014450.1	27.149	221	1.83e-19	83.2
WP_000109217.1	WP_011015140.1	30.126	239	4.16e-19	82.4
WP_000109217.1	WP_003855103.1	30.457	197	4.64e-19	80.1
WP_000109217.1	WP_011265986.1	26.616	263	1.97e-18	81.3
WP_000109217.1	WP_011015118.1	29.778	225	2.75e-18	80.5
WP_000109217.1	WP_011015118.1	27.059	255	2.95e-10	56.6
WP_000109217.1	WP_011013985.1	27.391	230	8.14e-18	76.6
WP_000109217.1	WP_011014374.1	28.718	195	8.53e-18	77.0
WP_000109217.1	WP_011015020.1	27.397	219	2.68e-17	77.8
WP_000109217.1	WP_011013851.1	27.119	236	3.47e-17	76.6
WP_000109217.1	WP_011014011.1	26.794	209	1.40e-16	75.5
WP_000109217.1	WP_011013996.1	24.348	230	5.60e-16	72.8
WP_000109217.1	WP_003857536.1	28.358	201	6.04e-16	71.6
WP_000109217.1	WP_011015040.1	29.515	227	8.58e-16	73.2
WP_000109217.1	WP_011015040.1	23.019	265	2.34e-14	68.9
WP_000109217.1	WP_011013807.1	25.203	246	1.32e-15	71.2
WP_000109217.1	WP_011014379.1	28.729	181	2.23e-15	70.5
WP_000109217.1	WP_011014865.1	32.639	144	3.72e-15	71.2
WP_000109217.1	WP_011014850.1	27.230	213	3.88e-15	70.1
WP_000109217.1	WP_011013333.1	24.889	225	6.09e-15	69.3
WP_000109217.1	WP_011013331.1	27.982	218	9.57e-15	68.2
WP_000109217.1	WP_011013698.1	28.182	220	1.68e-14	68.2
WP_000109217.1	WP_011013906.1	26.667	225	5.72e-14	66.2
WP_000109217.1	WP_011014012.1	29.050	179	1.32e-13	66.6
WP_000109217.1	WP_011014362.1	27.232	224	1.36e-13	66.6
WP_000109217.1	WP_011013479.1	22.358	246	1.70e-13	65.5
WP_000109217.1	WP_011014443.1	27.928	222	1.95e-13	66.2
WP_000109217.1	WP_011013931.1	28.804	184	2.76e-13	63.9
WP_000109217.1	WP_004567959.1	23.077	234	1.01e-12	63.2
WP_000109217.1	WP_003862124.1	31.016	187	1.10e-12	63.9
WP_000109217.1	WP_003862124.1	23.037	191	1.10e-08	51.6
WP_000109217.1	WP_011013712.1	23.316	193	1.60e-11	60.5
WP_000109217.1	WP_011013712.1	22.785	237	9.18e-11	58.2
WP_000109217.1	WP_003856990.1	29.577	213	1.66e-11	59.3
WP_000109217.1	WP_011265869.1	25.455	220	3.21e-11	59.7
WP_000109217.1	WP_011014540.1	26.238	202	5.27e-11	57.0
WP_000109217.1	WP_003856445.1	23.697	211	1.53e-10	56.6
WP_000109217.1	WP_011265658.1	26.667	225	1.82e-10	57.4
WP_000109217.1	WP_011265940.1	24.481	241	3.88e-10	55.5
WP_000109217.1	WP_011014492.1	26.316	209	7.25e-10	54.7
WP_000109217.1	WP_011013984.1	22.857	245	1.16e-09	53.9
WP_000109217.1	WP_011014424.1	24.324	222	1.85e-09	54.3
WP_000109217.1	WP_020948580.1	32.308	65	2.39e-09	53.9
WP_000109217.1	WP_011015345.1	24.766	214	2.82e-09	53.1
WP_000109217.1	WP_003861735.1	21.645	231	2.95e-09	53.1
WP_000109217.1	WP_011014000.1	27.193	114	2.19e-08	50.8
WP_000109217.1	WP_011013622.1	21.811	243	3.13e-08	49.7
WP_000109217.1	WP_011014785.1	26.627	169	4.07e-08	49.3
WP_000109217.1	WP_011014233.1	24.000	225	5.87e-08	49.7
WP_000109217.1	WP_011014233.1	25.000	208	3.72e-07	47.4
WP_000109217.1	WP_011014216.1	19.665	239	9.99e-08	48.5
WP_000109217.1	WP_011013968.1	24.868	189	1.31e-07	48.5
WP_000109217.1	WP_011013466.1	25.301	166	1.67e-07	47.8
WP_000109217.1	WP_011014351.1	25.000	236	3.92e-07	47.0
WP_000109217.1	WP_011015261.1	25.698	179	5.11e-07	45.8
WP_000109217.1	WP_011265694.1	24.324	185	5.28e-07	46.6
WP_000109217.1	WP_011015133.1	23.744	219	5.91e-07	46.6
WP_000109217.1	WP_011266014.1	28.477	151	1.57e-06	45.1
WP_000109217.1	WP_003856078.1	25.907	193	6.63e-06	42.7
WP_000109217.1	WP_011265741.1	47.059	34	6.83e-06	43.1
WP_000111248.1	WP_011014202.1	29.830	352	2.21e-35	134
WP_000111248.1	WP_011014204.1	24.570	407	4.22e-23	98.2
WP_000114489.1	WP_003856078.1	55.556	252	5.08e-98	283
WP_000114489.1	WP_011265986.1	29.707	239	3.57e-18	80.1
WP_000114489.1	WP_011013807.1	27.234	235	2.95e-13	64.3
WP_000114489.1	WP_003858826.1	27.074	229	3.00e-13	64.3
WP_000114489.1	WP_011265940.1	27.111	225	3.00e-13	64.3
WP_000114489.1	WP_011014492.1	26.126	222	3.75e-13	63.9
WP_000114489.1	WP_011014807.1	27.500	240	4.36e-13	65.1
WP_000114489.1	WP_011014807.1	29.218	243	1.50e-12	63.5
WP_000114489.1	WP_011015020.1	29.310	232	9.25e-13	63.9
WP_000114489.1	WP_011014850.1	26.971	241	1.18e-12	62.8
WP_000114489.1	WP_011013642.1	28.019	207	2.01e-12	62.4
WP_000114489.1	WP_011014450.1	25.688	218	2.82e-12	62.0
WP_000114489.1	WP_011013712.1	26.087	230	3.16e-12	62.4
WP_000114489.1	WP_011013712.1	26.432	227	2.65e-07	47.4
WP_000114489.1	WP_011013622.1	26.667	180	3.35e-12	61.2
WP_000114489.1	WP_011013802.1	31.902	163	4.58e-12	60.8
WP_000114489.1	WP_011015284.1	28.302	212	6.24e-12	60.5
WP_000114489.1	WP_011015118.1	29.412	221	9.62e-12	60.8
WP_000114489.1	WP_011015118.1	27.751	209	5.41e-11	58.5
WP_000114489.1	WP_011015221.1	29.384	211	6.00e-11	57.8
WP_000114489.1	WP_003855103.1	27.801	241	3.10e-10	55.1
WP_000114489.1	WP_003861735.1	27.700	213	4.85e-10	55.1
WP_000114489.1	WP_003854632.1	28.774	212	5.46e-10	55.5
WP_000114489.1	WP_011013698.1	26.360	239	1.46e-09	53.5
WP_000114489.1	WP_011014374.1	24.896	241	1.72e-09	53.1
WP_000114489.1	WP_004567959.1	24.681	235	2.46e-09	53.1
WP_000114489.1	WP_003856445.1	26.446	242	3.10e-09	52.8
WP_000114489.1	WP_011013931.1	26.263	198	3.75e-09	52.0
WP_000114489.1	WP_011014011.1	25.191	262	7.62e-09	52.4
WP_000114489.1	WP_003857536.1	26.630	184	8.34e-09	51.2
WP_000114489.1	WP_011015040.1	24.893	233	8.46e-09	52.0
WP_000114489.1	WP_011015040.1	25.000	248	4.18e-08	50.1
WP_000114489.1	WP_011013338.1	25.417	240	9.79e-09	51.2
WP_000114489.1	WP_003860245.1	26.047	215	3.40e-08	49.7
WP_000114489.1	WP_011015140.1	26.190	210	4.47e-08	49.7
WP_000114489.1	WP_011013906.1	26.887	212	5.36e-08	48.9
WP_000114489.1	WP_003857431.1	25.907	193	5.69e-08	48.9
WP_000114489.1	WP_011014212.1	26.562	192	6.64e-08	48.5
WP_000114489.1	WP_011013996.1	23.077	221	1.23e-07	48.1
WP_000114489.1	WP_011013985.1	24.719	178	1.37e-07	47.4
WP_000114489.1	WP_011015261.1	27.329	161	2.04e-07	47.0
WP_000114489.1	WP_011013851.1	25.837	209	2.06e-07	47.4
WP_000114489.1	WP_011013968.1	25.000	252	2.16e-07	47.8
WP_000114489.1	WP_011015133.1	42.593	54	3.75e-07	47.0
WP_000114489.1	WP_011014327.1	25.263	190	3.78e-07	47.0
WP_000114489.1	WP_011014139.1	23.137	255	7.21e-07	46.2
WP_000114489.1	WP_011014540.1	23.158	190	1.06e-06	44.7
WP_000114489.1	WP_011013783.1	25.417	240	1.24e-06	44.7
WP_000114489.1	WP_011014012.1	27.168	173	2.53e-06	44.7
WP_000114489.1	WP_003856990.1	26.289	194	5.02e-06	43.1
WP_000114489.1	WP_011013984.1	25.568	176	6.11e-06	42.7
WP_000116181.1	WP_011013593.1	32.468	308	3.00e-43	148
WP_000116181.1	WP_003855492.1	23.034	356	5.61e-18	80.1
WP_000116479.1	WP_004567596.1	26.914	431	9.07e-48	166
WP_000119153.1	WP_011015515.1	28.155	103	2.90e-11	53.1
WP_000119153.1	WP_011013887.1	27.941	68	5.43e-06	40.4
WP_000120584.1	WP_011015272.1	31.348	638	1.26e-84	275
WP_000120584.1	WP_011014304.1	26.339	672	2.04e-79	261
WP_000120722.1	WP_011015490.1	28.650	363	4.83e-41	146
WP_000120830.1	WP_003858824.1	33.186	226	5.91e-23	90.9
WP_000120830.1	WP_011014781.1	25.926	216	6.46e-14	65.5
WP_000120830.1	WP_011014780.1	27.381	168	9.61e-13	61.6
WP_000121646.1	WP_011014792.1	40.221	271	1.22e-52	171
WP_000121646.1	WP_011015276.1	30.242	248	7.37e-24	95.9
WP_000121646.1	WP_003860476.1	27.564	156	1.40e-09	54.7
WP_000121704.1	WP_003858287.1	31.920	448	3.48e-60	205
WP_000121704.1	WP_011015199.1	24.064	561	3.02e-15	75.1
WP_000121704.1	WP_003863574.1	25.472	530	6.70e-15	73.6
WP_000121704.1	WP_011013744.1	25.661	378	6.21e-14	70.5
WP_000124563.1	WP_003854745.1	26.829	123	1.48e-08	48.9
WP_000124836.1	WP_003858719.1	61.345	119	4.16e-48	147
WP_000125043.1	WP_011015336.1	27.215	158	2.91e-07	48.9
WP_000125408.1	WP_003856990.1	47.234	235	2.65e-69	211
WP_000125408.1	WP_011013642.1	34.135	208	3.25e-29	109
WP_000125408.1	WP_011015140.1	33.171	205	1.67e-24	97.1
WP_000125408.1	WP_003854632.1	33.051	236	1.62e-23	94.4
WP_000125408.1	WP_011013783.1	33.333	213	5.01e-23	90.9
WP_000125408.1	WP_011013851.1	29.437	231	3.94e-22	90.1
WP_000125408.1	WP_011013985.1	30.189	212	5.92e-22	87.8
WP_000125408.1	WP_011013802.1	31.628	215	7.09e-22	88.2
WP_000125408.1	WP_003860245.1	29.302	215	8.86e-22	88.2
WP_000125408.1	WP_003855103.1	30.043	233	1.28e-21	86.7
WP_000125408.1	WP_011013712.1	26.754	228	1.12e-20	87.4
WP_000125408.1	WP_011013712.1	25.792	221	4.13e-10	55.8
WP_000125408.1	WP_003857536.1	30.342	234	1.19e-20	84.0
WP_000125408.1	WP_011014011.1	28.049	246	1.37e-20	87.0
WP_000125408.1	WP_011013338.1	29.630	216	2.48e-20	84.0
WP_000125408.1	WP_011014450.1	29.907	214	2.58e-20	85.1
WP_000125408.1	WP_011015040.1	28.384	229	3.98e-20	85.5
WP_000125408.1	WP_011015040.1	27.347	245	2.33e-13	65.5
WP_000125408.1	WP_011013333.1	29.098	244	6.64e-20	82.4
WP_000125408.1	WP_003857431.1	30.556	216	9.13e-20	82.0
WP_000125408.1	WP_011013698.1	28.910	211	1.83e-19	81.6
WP_000125408.1	WP_011014379.1	29.358	218	3.14e-19	80.9
WP_000125408.1	WP_011015020.1	28.319	226	2.05e-18	80.5
WP_000125408.1	WP_011014807.1	28.750	240	2.54e-18	80.5
WP_000125408.1	WP_011014807.1	27.391	230	5.88e-15	70.5
WP_000125408.1	WP_011015284.1	28.251	223	3.87e-18	78.2
WP_000125408.1	WP_011013931.1	31.754	211	9.39e-18	76.3
WP_000125408.1	WP_011015118.1	30.000	220	1.34e-17	78.2
WP_000125408.1	WP_011015118.1	29.545	220	5.59e-15	70.5
WP_000125408.1	WP_011014327.1	27.039	233	1.98e-17	77.4
WP_000125408.1	WP_011014233.1	27.014	211	3.43e-17	77.0
WP_000125408.1	WP_011014233.1	27.143	210	1.80e-11	60.1
WP_000125408.1	WP_003856445.1	27.928	222	3.72e-17	75.1
WP_000125408.1	WP_011014139.1	25.991	227	7.89e-17	76.3
WP_000125408.1	WP_011014139.1	24.299	214	1.67e-08	51.2
WP_000125408.1	WP_011265940.1	29.130	230	1.47e-16	73.6
WP_000125408.1	WP_011014374.1	29.185	233	4.53e-16	72.0
WP_000125408.1	WP_011014212.1	26.582	237	2.31e-15	70.1
WP_000125408.1	WP_011013906.1	27.826	230	8.57e-15	68.6
WP_000125408.1	WP_003862124.1	28.261	230	8.83e-15	69.7
WP_000125408.1	WP_003862124.1	28.641	206	1.75e-09	53.9
WP_000125408.1	WP_011013984.1	26.957	230	1.16e-14	67.8
WP_000125408.1	WP_011015221.1	29.384	211	1.20e-14	68.2
WP_000125408.1	WP_003858826.1	24.153	236	1.40e-14	67.8
WP_000125408.1	WP_011013622.1	26.383	235	1.42e-14	68.2
WP_000125408.1	WP_011014850.1	27.273	209	1.50e-14	68.2
WP_000125408.1	WP_003858089.1	28.384	229	2.57e-14	66.6
WP_000125408.1	WP_011014492.1	25.926	216	2.69e-14	67.0
WP_000125408.1	WP_011013479.1	26.991	226	4.67e-14	67.0
WP_000125408.1	WP_011265986.1	26.106	226	5.12e-14	67.8
WP_000125408.1	WP_011013996.1	28.283	198	3.84e-13	64.3
WP_000125408.1	WP_011014012.1	25.359	209	4.51e-13	64.7
WP_000125408.1	WP_011013807.1	26.291	213	9.19e-13	62.8
WP_000125408.1	WP_004567959.1	29.858	211	1.31e-12	62.8
WP_000125408.1	WP_011013466.1	32.298	161	1.32e-12	62.4
WP_000125408.1	WP_011265658.1	26.582	237	6.15e-12	61.6
WP_000125408.1	WP_011015261.1	27.982	218	7.77e-12	59.7
WP_000125408.1	WP_011013968.1	28.230	209	2.73e-11	59.7
WP_000125408.1	WP_003856078.1	27.197	239	9.48e-11	57.0
WP_000125408.1	WP_011014424.1	23.967	242	5.15e-10	55.8
WP_000125408.1	WP_011015345.1	30.415	217	1.04e-09	54.3
WP_000125408.1	WP_011014216.1	28.910	211	1.59e-09	53.5
WP_000125408.1	WP_011015133.1	28.095	210	8.71e-09	52.0
WP_000125408.1	WP_011013331.1	24.762	210	8.85e-09	50.8
WP_000125408.1	WP_011014910.1	29.787	188	9.95e-09	51.6
WP_000125408.1	WP_011014910.1	26.154	195	6.69e-07	46.2
WP_000125408.1	WP_011014785.1	28.877	187	1.10e-06	44.7
WP_000125408.1	WP_003861735.1	23.963	217	1.48e-06	44.7
WP_000127471.1	WP_011013601.1	31.013	158	5.26e-14	65.5
WP_000127471.1	WP_006286028.1	35.000	120	3.42e-11	57.0
WP_000127471.1	WP_020948495.1	28.358	134	4.45e-09	51.6
WP_000128639.1	WP_011015221.1	48.819	254	6.60e-84	248
WP_000128639.1	WP_003857431.1	32.114	246	2.20e-37	128
WP_000128639.1	WP_003858826.1	32.700	263	4.95e-37	127
WP_000128639.1	WP_003854632.1	34.894	235	1.31e-35	126
WP_000128639.1	WP_003857536.1	31.760	233	5.52e-29	106
WP_000128639.1	WP_011014807.1	31.111	270	2.66e-26	103
WP_000128639.1	WP_011014807.1	29.688	256	4.47e-19	82.4
WP_000128639.1	WP_011013931.1	35.371	229	2.94e-26	99.0
WP_000128639.1	WP_011014379.1	33.163	196	9.08e-26	98.6
WP_000128639.1	WP_011013642.1	30.488	246	9.01e-25	97.4
WP_000128639.1	WP_011015284.1	30.631	222	3.03e-24	94.7
WP_000128639.1	WP_003860245.1	33.478	230	3.42e-24	94.7
WP_000128639.1	WP_011013783.1	31.250	240	7.83e-24	92.8
WP_000128639.1	WP_003858089.1	36.047	172	2.95e-23	91.3
WP_000128639.1	WP_011013479.1	28.629	248	3.30e-23	92.4
WP_000128639.1	WP_011014212.1	32.127	221	1.30e-22	89.7
WP_000128639.1	WP_011265986.1	27.451	255	2.15e-22	92.4
WP_000128639.1	WP_011013698.1	30.709	254	5.11e-22	88.6
WP_000128639.1	WP_011015040.1	32.129	249	1.76e-21	89.4
WP_000128639.1	WP_011015040.1	26.877	253	9.95e-17	75.5
WP_000128639.1	WP_011013985.1	28.395	243	1.77e-21	86.3
WP_000128639.1	WP_011013802.1	29.778	225	5.80e-21	85.9
WP_000128639.1	WP_011014011.1	26.667	240	4.36e-20	85.5
WP_000128639.1	WP_011014139.1	28.378	222	5.40e-20	85.5
WP_000128639.1	WP_011014139.1	28.889	225	2.25e-19	83.6
WP_000128639.1	WP_011015118.1	29.386	228	1.19e-19	84.3
WP_000128639.1	WP_011015118.1	31.765	255	1.38e-19	84.0
WP_000128639.1	WP_011015140.1	28.175	252	1.96e-19	82.8
WP_000128639.1	WP_011013807.1	25.941	239	3.79e-19	80.5
WP_000128639.1	WP_011015020.1	32.663	199	5.03e-19	82.4
WP_000128639.1	WP_011013333.1	28.571	252	5.95e-19	80.1
WP_000128639.1	WP_011013338.1	29.600	250	6.07e-19	80.1
WP_000128639.1	WP_011014327.1	28.390	236	6.35e-19	81.6
WP_000128639.1	WP_011013851.1	26.360	239	1.60e-18	80.1
WP_000128639.1	WP_003855103.1	32.701	211	2.29e-18	77.8
WP_000128639.1	WP_011014233.1	29.515	227	2.61e-18	80.1
WP_000128639.1	WP_011014233.1	23.047	256	1.61e-06	45.1
WP_000128639.1	WP_003856445.1	30.052	193	2.62e-18	78.6
WP_000128639.1	WP_011013622.1	30.126	239	7.78e-18	77.0
WP_000128639.1	WP_011013331.1	31.349	252	8.14e-18	76.3
WP_000128639.1	WP_011013712.1	31.897	232	9.65e-18	78.6
WP_000128639.1	WP_011013712.1	27.193	228	7.86e-14	67.0
WP_000128639.1	WP_011014850.1	29.187	209	3.97e-17	75.5
WP_000128639.1	WP_011014865.1	31.034	174	6.12e-17	76.3
WP_000128639.1	WP_011014450.1	25.926	243	1.18e-15	72.0
WP_000128639.1	WP_011265940.1	32.086	187	1.28e-15	70.9
WP_000128639.1	WP_011014374.1	25.306	245	1.72e-15	70.5
WP_000128639.1	WP_011014012.1	33.498	203	2.53e-15	71.6
WP_000128639.1	WP_011013996.1	26.840	231	2.70e-15	70.5
WP_000128639.1	WP_011014492.1	28.514	249	4.64e-15	69.3
WP_000128639.1	WP_011265869.1	26.203	187	2.08e-14	68.9
WP_000128639.1	WP_003856990.1	28.634	227	2.83e-14	67.0
WP_000128639.1	WP_011013906.1	30.097	206	1.20e-13	65.1
WP_000128639.1	WP_011265658.1	26.160	237	1.94e-13	65.9
WP_000128639.1	WP_003861735.1	23.451	226	2.09e-13	65.1
WP_000128639.1	WP_004567959.1	25.896	251	5.18e-13	63.9
WP_000128639.1	WP_003862124.1	31.138	167	1.10e-12	63.5
WP_000128639.1	WP_003862124.1	30.128	156	1.13e-08	51.6
WP_000128639.1	WP_003856078.1	31.737	167	8.61e-12	60.1
WP_000128639.1	WP_011013984.1	24.091	220	8.89e-12	59.7
WP_000128639.1	WP_011015345.1	26.519	181	8.73e-11	57.4
WP_000128639.1	WP_011014362.1	25.523	239	3.76e-10	56.2
WP_000128639.1	WP_011015133.1	24.506	253	1.00e-09	54.7
WP_000128639.1	WP_011015133.1	25.630	238	4.39e-08	49.7
WP_000128639.1	WP_011013968.1	26.457	223	2.68e-09	53.5
WP_000128639.1	WP_011013968.1	25.989	177	4.76e-07	46.6
WP_000128639.1	WP_020948580.1	34.783	69	5.79e-09	52.4
WP_000128639.1	WP_011014216.1	28.090	178	1.18e-08	51.2
WP_000128639.1	WP_011014785.1	32.168	143	1.88e-08	50.1
WP_000128639.1	WP_011015261.1	30.189	159	1.93e-08	50.1
WP_000128639.1	WP_011014540.1	24.615	195	8.96e-08	47.8
WP_000128639.1	WP_011014443.1	25.532	188	2.89e-07	47.4
WP_000128639.1	WP_011014000.1	36.508	63	3.89e-07	47.0
WP_000128639.1	WP_011013466.1	24.731	186	3.93e-07	46.2
WP_000128639.1	WP_011014424.1	23.506	251	6.21e-07	46.2
WP_000128639.1	WP_011265741.1	43.902	41	2.97e-06	44.3
WP_000131158.1	WP_003858824.1	37.654	162	6.29e-29	107
WP_000131158.1	WP_011014781.1	29.167	216	9.51e-21	84.7
WP_000131158.1	WP_011014780.1	33.136	169	1.63e-18	77.8
WP_000134039.1	WP_011013311.1	50.890	674	0.0	651
WP_000136147.1	WP_011014092.1	22.616	367	4.11e-15	72.8
WP_000136147.1	WP_011015577.1	34.884	86	2.31e-09	55.1
WP_000136147.1	WP_011014147.1	32.919	161	9.10e-09	53.1
WP_000136147.1	WP_011014408.1	22.674	344	1.16e-08	52.8
WP_000136147.1	WP_011014103.1	33.010	103	1.84e-07	49.3
WP_000136147.1	WP_003854772.1	27.907	129	2.89e-07	48.5
WP_000136147.1	WP_003862889.1	27.976	168	1.05e-06	46.6
WP_000136147.1	WP_003862889.1	27.222	180	8.21e-06	43.9
WP_000136147.1	WP_011014309.1	32.090	134	1.41e-06	46.6
WP_000136147.1	WP_011014146.1	23.626	364	1.81e-06	45.8
WP_000136147.1	WP_011014146.1	25.926	162	3.21e-06	45.1
WP_000136147.1	WP_011014146.1	30.827	133	7.66e-06	43.9
WP_000136147.1	WP_011015504.1	28.448	116	3.17e-06	45.4
WP_000136224.1	WP_011014212.1	33.036	224	3.16e-34	120
WP_000136224.1	WP_011013642.1	35.714	210	3.20e-34	122
WP_000136224.1	WP_011013851.1	32.701	211	1.94e-32	117
WP_000136224.1	WP_011015140.1	33.333	201	9.41e-32	116
WP_000136224.1	WP_011013479.1	31.754	211	1.10e-31	114
WP_000136224.1	WP_011014327.1	32.536	209	1.10e-31	116
WP_000136224.1	WP_003858826.1	31.696	224	8.20e-30	108
WP_000136224.1	WP_003854632.1	32.673	202	8.42e-30	110
WP_000136224.1	WP_003857431.1	32.287	223	8.98e-29	105
WP_000136224.1	WP_011013931.1	34.091	176	2.62e-22	88.2
WP_000136224.1	WP_011014807.1	27.232	224	4.18e-21	88.2
WP_000136224.1	WP_011014807.1	26.009	223	7.02e-12	61.2
WP_000136224.1	WP_011015040.1	26.339	224	2.41e-20	85.9
WP_000136224.1	WP_011015040.1	26.289	194	5.77e-12	61.2
WP_000136224.1	WP_003855103.1	28.636	220	2.69e-20	82.8
WP_000136224.1	WP_011015284.1	29.612	206	1.85e-18	78.6
WP_000136224.1	WP_003857536.1	31.658	199	3.25e-18	77.4
WP_000136224.1	WP_011015118.1	29.091	220	9.72e-18	78.2
WP_000136224.1	WP_011015118.1	30.556	216	1.88e-17	77.4
WP_000136224.1	WP_003858089.1	29.048	210	2.49e-17	74.7
WP_000136224.1	WP_003856990.1	29.018	224	9.62e-17	73.9
WP_000136224.1	WP_003860245.1	29.091	220	1.45e-16	73.6
WP_000136224.1	WP_011014011.1	28.947	228	2.22e-16	74.3
WP_000136224.1	WP_011015345.1	26.027	219	2.81e-16	73.2
WP_000136224.1	WP_011014379.1	28.063	253	4.98e-16	72.0
WP_000136224.1	WP_011013333.1	29.515	227	6.07e-16	71.6
WP_000136224.1	WP_011013783.1	28.141	199	8.33e-16	70.9
WP_000136224.1	WP_011014374.1	28.436	211	1.07e-15	70.9
WP_000136224.1	WP_011015221.1	24.597	248	2.11e-15	70.1
WP_000136224.1	WP_011014233.1	26.484	219	2.58e-15	71.2
WP_000136224.1	WP_011014233.1	23.377	231	1.80e-12	62.8
WP_000136224.1	WP_011014492.1	28.194	227	2.83e-15	69.7
WP_000136224.1	WP_011014139.1	26.364	220	3.70e-15	70.9
WP_000136224.1	WP_011014139.1	27.830	212	5.90e-13	64.3
WP_000136224.1	WP_011013985.1	25.926	216	3.73e-15	68.9
WP_000136224.1	WP_011265940.1	26.147	218	3.96e-15	69.3
WP_000136224.1	WP_003856445.1	27.230	213	4.95e-15	68.9
WP_000136224.1	WP_011013996.1	28.641	206	1.05e-14	68.6
WP_000136224.1	WP_011013698.1	26.047	215	3.87e-14	66.6
WP_000136224.1	WP_003861735.1	25.616	203	5.17e-14	66.6
WP_000136224.1	WP_011013802.1	23.729	236	6.97e-14	65.9
WP_000136224.1	WP_011014850.1	24.242	198	7.68e-14	65.9
WP_000136224.1	WP_011014910.1	28.000	200	8.98e-14	66.6
WP_000136224.1	WP_011014012.1	27.193	228	1.86e-13	65.9
WP_000136224.1	WP_011015261.1	27.807	187	2.88e-13	63.5
WP_000136224.1	WP_011013906.1	25.792	221	3.68e-13	63.5
WP_000136224.1	WP_011015020.1	26.872	227	3.93e-13	64.7
WP_000136224.1	WP_011265986.1	24.229	227	1.34e-12	63.2
WP_000136224.1	WP_011013712.1	28.571	217	2.65e-12	62.4
WP_000136224.1	WP_011014785.1	27.411	197	3.68e-12	60.5
WP_000136224.1	WP_011013968.1	26.630	184	8.71e-12	60.8
WP_000136224.1	WP_011013968.1	31.073	177	1.42e-10	57.4
WP_000136224.1	WP_011013622.1	23.111	225	1.17e-11	59.7
WP_000136224.1	WP_003862124.1	26.154	195	1.19e-11	60.1
WP_000136224.1	WP_003862124.1	28.125	160	1.23e-06	45.1
WP_000136224.1	WP_011013331.1	25.581	215	2.17e-11	58.2
WP_000136224.1	WP_011014450.1	24.658	219	2.70e-11	58.9
WP_000136224.1	WP_004567959.1	24.155	207	3.57e-11	58.5
WP_000136224.1	WP_011015133.1	26.728	217	1.30e-10	57.4
WP_000136224.1	WP_011015133.1	31.724	145	2.09e-10	56.6
WP_000136224.1	WP_003856078.1	28.704	216	2.77e-10	55.5
WP_000136224.1	WP_011014424.1	24.091	220	3.28e-10	56.2
WP_000136224.1	WP_011014362.1	37.705	61	8.65e-10	54.7
WP_000136224.1	WP_011013807.1	23.767	223	5.83e-09	51.6
WP_000136224.1	WP_011265869.1	25.654	191	8.84e-09	51.6
WP_000136224.1	WP_011014443.1	24.870	193	1.19e-08	51.2
WP_000136224.1	WP_011013338.1	25.110	227	2.92e-08	49.7
WP_000136224.1	WP_011014351.1	28.191	188	3.31e-08	50.1
WP_000136224.1	WP_011265658.1	24.138	232	1.03e-07	48.5
WP_000136224.1	WP_011013984.1	23.013	239	1.46e-07	47.4
WP_000136224.1	WP_011013466.1	26.573	143	4.50e-06	43.1
WP_000136310.1	WP_011013619.1	43.731	670	7.12e-166	493
WP_000136310.1	WP_011015526.1	33.587	658	7.31e-98	315
WP_000136310.1	WP_011014176.1	36.222	577	4.39e-97	310
WP_000136310.1	WP_011015537.1	35.172	580	2.38e-96	308
WP_000136310.1	WP_011013685.1	30.712	534	5.12e-68	233
WP_000136310.1	WP_011013648.1	25.210	714	1.98e-42	162
WP_000136310.1	WP_011014439.1	23.499	583	2.25e-24	105
WP_000136830.1	WP_011015422.1	41.088	331	2.72e-74	229
WP_000137358.1	WP_003854128.1	36.717	591	7.13e-117	356
WP_000138135.1	WP_374057885.1	33.333	531	2.16e-81	262
WP_000138135.1	WP_011013724.1	36.170	94	3.94e-09	55.5
WP_000138517.1	WP_003858119.1	65.424	295	4.59e-131	370
WP_000140849.1	WP_011015420.1	33.659	205	7.70e-21	85.1
WP_000140951.1	WP_003858826.1	57.480	254	2.00e-101	292
WP_000140951.1	WP_003857431.1	57.083	240	1.24e-97	282
WP_000140951.1	WP_003854632.1	41.935	248	6.45e-59	187
WP_000140951.1	WP_003855103.1	38.839	224	2.53e-46	150
WP_000140951.1	WP_003860245.1	37.344	241	1.77e-45	150
WP_000140951.1	WP_011015221.1	40.316	253	1.10e-44	147
WP_000140951.1	WP_011013931.1	41.096	219	3.76e-44	145
WP_000140951.1	WP_011015284.1	38.667	225	1.80e-43	144
WP_000140951.1	WP_011013642.1	38.496	226	1.28e-42	144
WP_000140951.1	WP_011014807.1	35.907	259	1.57e-41	145
WP_000140951.1	WP_011014807.1	34.252	254	1.83e-31	117
WP_000140951.1	WP_003858089.1	36.364	220	6.06e-41	137
WP_000140951.1	WP_011015040.1	36.214	243	6.45e-40	140
WP_000140951.1	WP_011015040.1	36.404	228	2.29e-31	117
WP_000140951.1	WP_011014212.1	36.957	230	1.90e-39	133
WP_000140951.1	WP_011015140.1	36.325	234	5.40e-39	135
WP_000140951.1	WP_011014327.1	35.294	238	4.54e-38	134
WP_000140951.1	WP_011013479.1	34.310	239	1.95e-37	130
WP_000140951.1	WP_003857536.1	36.190	210	1.32e-36	125
WP_000140951.1	WP_011014450.1	31.556	225	2.88e-35	125
WP_000140951.1	WP_011013851.1	36.232	207	8.72e-35	123
WP_000140951.1	WP_011014379.1	34.599	237	1.17e-34	122
WP_000140951.1	WP_011013985.1	34.685	222	4.33e-34	119
WP_000140951.1	WP_011014850.1	32.000	225	9.13e-34	120
WP_000140951.1	WP_011015118.1	34.071	226	4.17e-33	122
WP_000140951.1	WP_011015118.1	31.698	265	2.29e-28	108
WP_000140951.1	WP_011013338.1	32.051	234	1.77e-32	115
WP_000140951.1	WP_011013783.1	35.047	214	3.35e-31	112
WP_000140951.1	WP_011265986.1	32.677	254	9.50e-31	116
WP_000140951.1	WP_011014492.1	31.837	245	1.00e-30	111
WP_000140951.1	WP_011013996.1	28.333	240	4.59e-30	110
WP_000140951.1	WP_003861735.1	29.954	217	3.98e-29	107
WP_000140951.1	WP_011013807.1	32.018	228	9.13e-29	106
WP_000140951.1	WP_011014374.1	28.761	226	2.47e-28	104
WP_000140951.1	WP_011015345.1	30.415	217	9.18e-28	104
WP_000140951.1	WP_011013906.1	29.694	229	1.84e-27	102
WP_000140951.1	WP_011013802.1	29.675	246	4.58e-27	102
WP_000140951.1	WP_011013333.1	32.468	231	9.79e-27	100
WP_000140951.1	WP_011013698.1	29.167	240	2.03e-26	100
WP_000140951.1	WP_011014233.1	29.167	216	6.29e-26	102
WP_000140951.1	WP_011014233.1	28.019	207	1.29e-14	69.3
WP_000140951.1	WP_011013712.1	30.472	233	2.84e-25	100
WP_000140951.1	WP_011013712.1	33.607	244	3.51e-25	100
WP_000140951.1	WP_011014139.1	29.224	219	6.42e-25	99.8
WP_000140951.1	WP_011014139.1	28.095	210	5.61e-17	76.3
WP_000140951.1	WP_011013984.1	29.565	230	2.39e-24	94.0
WP_000140951.1	WP_011014785.1	33.152	184	4.95e-22	87.8
WP_000140951.1	WP_011265940.1	31.696	224	9.46e-22	87.4
WP_000140951.1	WP_003856990.1	27.660	235	1.44e-20	84.3
WP_000140951.1	WP_011013622.1	25.820	244	2.65e-20	84.0
WP_000140951.1	WP_003856445.1	29.358	218	2.87e-20	83.6
WP_000140951.1	WP_011015261.1	29.949	197	3.27e-20	82.8
WP_000140951.1	WP_011013968.1	28.631	241	1.55e-19	83.6
WP_000140951.1	WP_011013968.1	29.282	181	2.19e-12	62.8
WP_000140951.1	WP_003862124.1	31.606	193	1.98e-19	83.2
WP_000140951.1	WP_003862124.1	31.081	222	5.08e-18	79.0
WP_000140951.1	WP_011015020.1	30.660	212	3.49e-19	82.8
WP_000140951.1	WP_011014011.1	28.634	227	3.82e-18	79.7
WP_000140951.1	WP_011014443.1	29.060	234	1.35e-17	77.8
WP_000140951.1	WP_011265869.1	29.870	231	1.71e-17	77.8
WP_000140951.1	WP_011013466.1	25.974	231	1.89e-17	75.9
WP_000140951.1	WP_004567959.1	24.887	221	4.80e-17	75.1
WP_000140951.1	WP_011014012.1	28.444	225	4.11e-16	73.6
WP_000140951.1	WP_011014540.1	26.238	202	1.03e-15	70.1
WP_000140951.1	WP_011014865.1	36.082	194	6.59e-15	70.1
WP_000140951.1	WP_011013331.1	25.229	218	6.77e-15	68.2
WP_000140951.1	WP_011265658.1	26.180	233	7.50e-15	70.1
WP_000140951.1	WP_011014216.1	27.551	196	8.63e-15	68.9
WP_000140951.1	WP_011014351.1	23.755	261	1.65e-14	68.9
WP_000140951.1	WP_011014351.1	33.333	69	8.84e-06	42.7
WP_000140951.1	WP_011014362.1	25.000	232	5.80e-14	67.4
WP_000140951.1	WP_003856078.1	27.083	240	2.01e-13	64.3
WP_000140951.1	WP_011015133.1	29.098	244	2.43e-13	65.5
WP_000140951.1	WP_011015133.1	25.592	211	1.34e-11	60.1
WP_000140951.1	WP_011014424.1	26.316	228	6.41e-13	64.3
WP_000140951.1	WP_011014910.1	25.573	262	2.79e-12	62.4
WP_000140951.1	WP_011014910.1	28.571	154	1.10e-07	48.5
WP_000140951.1	WP_011265694.1	27.513	189	6.14e-11	58.2
WP_000140951.1	WP_020948580.1	29.730	148	3.37e-10	56.2
WP_000140951.1	WP_011014319.1	32.456	114	9.46e-09	52.0
WP_000140951.1	WP_011014000.1	29.126	206	3.39e-08	50.1
WP_000140951.1	WP_011014110.1	27.200	125	2.72e-07	47.4
WP_000140951.1	WP_011265741.1	56.250	32	3.57e-07	47.0
WP_000140951.1	WP_011014154.1	33.010	206	5.53e-07	46.2
WP_000140951.1	WP_011266014.1	23.301	206	5.56e-06	43.1
WP_000143265.1	WP_011015011.1	39.527	296	7.78e-71	218
WP_000143265.1	WP_172769660.1	28.261	184	4.82e-14	68.6
WP_000143265.1	WP_172769660.1	26.590	173	1.57e-10	58.2
WP_000143265.1	WP_011014802.1	31.737	167	1.62e-06	45.8
WP_000143747.1	WP_011014228.1	47.718	482	3.83e-134	394
WP_000143747.1	WP_011266027.1	42.045	88	3.28e-11	61.2
WP_000144280.1	WP_011014920.1	50.142	353	2.57e-96	292
WP_000146947.1	WP_003857409.1	33.333	81	1.45e-06	39.3
WP_000150718.1	WP_011014942.1	23.664	262	3.06e-13	65.5
WP_000151313.1	WP_011015061.1	34.184	196	1.00e-36	124
WP_000152703.1	WP_003858706.1	30.522	249	2.91e-26	99.8
WP_000152703.1	WP_003863034.1	30.263	152	1.74e-17	76.6
WP_000152703.1	WP_003862361.1	20.755	265	3.30e-10	55.5
WP_000152703.1	WP_011266007.1	27.007	137	2.20e-06	43.9
WP_000153039.1	WP_003858506.1	29.057	265	8.82e-32	114
WP_000153039.1	WP_011015468.1	23.552	259	4.07e-12	61.2
WP_000158460.1	WP_011015443.1	26.772	127	8.54e-06	44.3
WP_000158639.1	WP_003862391.1	30.851	282	2.14e-31	114
WP_000158781.1	WP_003863756.1	52.632	475	0.0	527
WP_000159382.1	WP_003860361.1	38.079	302	5.71e-68	212
WP_000159554.1	WP_011014807.1	42.586	263	5.08e-72	231
WP_000159554.1	WP_011014807.1	40.741	270	1.98e-54	184
WP_000159554.1	WP_011015118.1	42.085	259	6.21e-67	217
WP_000159554.1	WP_011015118.1	39.431	246	5.52e-45	158
WP_000159554.1	WP_011265986.1	39.333	300	1.06e-65	216
WP_000159554.1	WP_011015040.1	40.726	248	3.24e-54	182
WP_000159554.1	WP_011015040.1	35.391	243	6.39e-41	146
WP_000159554.1	WP_011015284.1	33.884	242	1.77e-49	164
WP_000159554.1	WP_003854632.1	33.969	262	1.45e-34	127
WP_000159554.1	WP_003858826.1	32.922	243	8.03e-34	122
WP_000159554.1	WP_003857431.1	32.489	237	1.22e-31	116
WP_000159554.1	WP_003855103.1	30.802	237	3.39e-26	101
WP_000159554.1	WP_011013783.1	27.350	234	1.41e-23	94.4
WP_000159554.1	WP_011014212.1	30.802	237	2.17e-23	94.0
WP_000159554.1	WP_011013802.1	29.020	255	3.04e-23	94.0
WP_000159554.1	WP_011015140.1	28.085	235	2.42e-22	93.2
WP_000159554.1	WP_011013807.1	29.787	282	4.48e-21	87.8
WP_000159554.1	WP_003857536.1	28.708	209	5.15e-20	84.3
WP_000159554.1	WP_011013642.1	27.869	244	5.77e-20	86.3
WP_000159554.1	WP_003860245.1	29.004	231	8.46e-20	84.7
WP_000159554.1	WP_011014492.1	31.466	232	2.54e-19	82.8
WP_000159554.1	WP_011013338.1	28.916	249	2.65e-19	82.8
WP_000159554.1	WP_011014327.1	28.814	236	3.63e-19	84.3
WP_000159554.1	WP_003856445.1	30.043	233	3.88e-19	82.4
WP_000159554.1	WP_011013931.1	30.870	230	8.24e-19	80.9
WP_000159554.1	WP_011014850.1	28.235	255	8.17e-18	79.3
WP_000159554.1	WP_003858089.1	31.364	220	2.02e-17	77.0
WP_000159554.1	WP_011013985.1	27.232	224	2.71e-17	76.6
WP_000159554.1	WP_011013851.1	27.966	236	3.68e-17	77.8
WP_000159554.1	WP_011013698.1	28.906	256	1.15e-16	75.5
WP_000159554.1	WP_011015221.1	28.163	245	1.76e-16	74.7
WP_000159554.1	WP_011013712.1	28.452	239	1.92e-16	77.0
WP_000159554.1	WP_011013712.1	27.869	244	1.33e-15	74.3
WP_000159554.1	WP_003856990.1	23.744	219	4.12e-16	73.9
WP_000159554.1	WP_011013479.1	26.275	255	7.80e-16	73.6
WP_000159554.1	WP_011013906.1	28.947	228	1.25e-15	72.4
WP_000159554.1	WP_011014379.1	28.261	230	1.92e-15	72.0
WP_000159554.1	WP_011014139.1	27.519	258	1.34e-14	71.6
WP_000159554.1	WP_011014139.1	27.004	237	1.30e-10	59.3
WP_000159554.1	WP_011014450.1	25.620	242	4.15e-14	68.9
WP_000159554.1	WP_003862124.1	28.774	212	4.49e-14	69.3
WP_000159554.1	WP_003862124.1	22.314	242	2.00e-06	45.8
WP_000159554.1	WP_011015020.1	30.088	226	7.50e-14	68.9
WP_000159554.1	WP_011013466.1	26.991	226	1.12e-13	66.6
WP_000159554.1	WP_011013622.1	25.316	237	1.34e-13	66.6
WP_000159554.1	WP_011014233.1	30.396	227	4.80e-13	66.2
WP_000159554.1	WP_011014233.1	23.148	216	3.35e-08	51.2
WP_000159554.1	WP_011015261.1	25.974	231	9.34e-13	63.5
WP_000159554.1	WP_003861735.1	26.293	232	4.54e-12	62.4
WP_000159554.1	WP_011013996.1	27.434	226	1.75e-11	60.8
WP_000159554.1	WP_011265940.1	24.887	221	5.41e-11	58.9
WP_000159554.1	WP_004567959.1	22.814	263	1.67e-10	57.8
WP_000159554.1	WP_011014910.1	25.306	245	6.24e-10	56.6
WP_000159554.1	WP_011013333.1	28.218	202	7.78e-10	55.5
WP_000159554.1	WP_011014012.1	26.339	224	7.78e-10	56.6
WP_000159554.1	WP_003856078.1	26.957	230	9.59e-09	52.0
WP_000159554.1	WP_011014443.1	24.257	202	1.12e-08	52.8
WP_000159554.1	WP_011014011.1	25.652	230	1.12e-07	49.7
WP_000159554.1	WP_011013968.1	25.000	232	1.29e-07	49.7
WP_000159554.1	WP_011013331.1	28.936	235	1.80e-07	47.8
WP_000159554.1	WP_011014540.1	26.506	166	2.39e-07	47.4
WP_000159554.1	WP_020948580.1	31.897	116	4.38e-07	47.8
WP_000159554.1	WP_011014785.1	27.222	180	1.97e-06	44.7
WP_000159554.1	WP_011014216.1	29.670	91	4.40e-06	44.3
WP_000160197.1	WP_003854292.1	53.081	211	1.27e-68	206
WP_000161399.1	WP_011015060.1	25.275	273	2.33e-10	56.2
WP_000161876.1	WP_003854402.1	23.947	380	1.09e-18	84.0
WP_000162365.1	WP_011015468.1	27.798	277	1.03e-19	82.8
WP_000162365.1	WP_003853955.1	24.910	277	4.66e-14	67.0
WP_000162365.1	WP_003858506.1	23.529	272	4.27e-12	61.2
WP_000162484.1	WP_011013924.1	34.091	132	7.10e-21	80.5
WP_000163033.1	WP_003856023.1	42.105	285	1.72e-76	232
WP_000163693.1	WP_003862229.1	30.868	311	2.74e-42	145
WP_000163693.1	WP_003858391.1	25.532	141	9.27e-08	48.1
WP_000163693.1	WP_011013616.1	34.568	81	1.81e-06	45.1
WP_000163932.1	WP_011013986.1	40.828	169	7.54e-38	126
WP_000163932.1	WP_011265655.1	32.759	174	1.17e-33	114
WP_000164110.1	WP_011014121.1	47.310	632	0.0	562
WP_000164110.1	WP_011015054.1	27.579	504	1.50e-36	141
WP_000164110.1	WP_011013694.1	33.937	221	3.27e-23	100
WP_000164110.1	WP_011013694.1	24.561	228	6.13e-14	71.2
WP_000164110.1	WP_011013694.1	34.667	75	6.72e-06	45.4
WP_000164110.1	WP_011013982.1	31.351	185	3.39e-19	87.4
WP_000164110.1	WP_011013696.1	32.143	336	3.39e-17	80.5
WP_000164110.1	WP_011014802.1	27.208	283	1.35e-14	73.6
WP_000164110.1	WP_003862775.1	28.030	264	8.25e-10	57.4
WP_000164302.1	WP_011014942.1	28.497	193	1.67e-12	63.2
WP_000164302.1	WP_011015277.1	39.062	64	8.42e-06	42.7
WP_000165444.1	WP_011013808.1	33.138	341	1.04e-44	153
WP_000165887.1	WP_011265971.1	32.669	251	6.32e-31	115
WP_000165887.1	WP_011015222.1	27.715	267	2.09e-19	82.8
WP_000165887.1	WP_011013477.1	32.500	120	4.61e-08	49.7
WP_000166475.1	WP_011013867.1	44.156	231	1.01e-63	194
WP_000166475.1	WP_011013630.1	43.723	231	1.59e-63	194
WP_000166475.1	WP_011013940.1	38.961	231	1.20e-53	169
WP_000166475.1	WP_003863097.1	37.826	230	2.41e-53	168
WP_000166475.1	WP_011015530.1	38.961	231	2.05e-51	164
WP_000166475.1	WP_003853866.1	38.889	234	2.45e-50	161
WP_000166475.1	WP_011013524.1	33.333	231	7.89e-38	128
WP_000166475.1	WP_011015360.1	27.826	115	1.13e-07	47.4
WP_000166604.1	WP_011015424.1	40.571	175	3.33e-44	142
WP_000166604.1	WP_227747739.1	31.646	158	1.05e-24	91.7
WP_000166701.1	WP_011014478.1	41.192	369	7.20e-82	251
WP_000166701.1	WP_011013761.1	28.649	185	6.83e-12	62.8
WP_000166701.1	WP_003855176.1	33.333	90	6.42e-09	52.0
WP_000166701.1	WP_011265665.1	29.605	152	2.33e-07	48.9
WP_000167081.1	WP_011013935.1	45.315	523	6.94e-146	426
WP_000167117.1	WP_011013843.1	27.083	240	1.21e-12	62.0
WP_000167117.1	WP_011013723.1	26.275	255	1.69e-11	58.5
WP_000167117.1	WP_011015298.1	28.846	260	3.07e-11	58.2
WP_000167117.1	WP_011015125.1	29.932	147	2.73e-10	55.1
WP_000167117.1	WP_011015096.1	25.692	253	9.09e-10	53.9
WP_000167117.1	WP_011014905.1	25.820	244	3.32e-09	52.4
WP_000167117.1	WP_011015148.1	26.344	186	5.71e-09	51.6
WP_000167117.1	WP_011014065.1	33.333	108	6.51e-08	47.8
WP_000167117.1	WP_003856628.1	27.684	177	2.05e-07	47.0
WP_000167117.1	WP_011015594.1	26.816	179	2.76e-07	46.6
WP_000167151.1	WP_011014498.1	24.333	300	2.79e-14	71.2
WP_000167151.1	WP_011014498.1	34.146	82	6.36e-07	48.1
WP_000167622.1	WP_011013920.1	25.896	251	1.72e-09	55.5
WP_000167757.1	WP_003862874.1	39.494	395	3.96e-100	300
WP_000167851.1	WP_011014754.1	39.301	229	1.89e-47	156
WP_000167851.1	WP_011013564.1	29.614	233	4.60e-22	89.0
WP_000167851.1	WP_011013574.1	26.506	166	1.50e-10	56.6
WP_000170915.1	WP_003862850.1	33.077	130	1.32e-10	55.1
WP_000171229.1	WP_011265922.1	24.954	541	5.67e-45	164
WP_000171229.1	WP_020948610.1	31.959	97	5.86e-09	54.7
WP_000171229.1	WP_011014215.1	23.113	212	6.87e-09	54.7
WP_000171229.1	WP_011013948.1	20.299	335	1.89e-08	52.8
WP_000171229.1	WP_011014893.1	26.562	192	3.66e-08	52.4
WP_000171676.1	WP_011014177.1	32.558	172	2.67e-35	121
WP_000171676.1	WP_003856459.1	26.220	164	8.52e-10	54.3
WP_000173361.1	WP_003860245.1	42.661	218	4.05e-59	186
WP_000173361.1	WP_003855103.1	39.367	221	7.59e-59	183
WP_000173361.1	WP_011013931.1	42.000	200	1.25e-50	162
WP_000173361.1	WP_011013783.1	41.379	203	2.39e-50	161
WP_000173361.1	WP_003857431.1	38.119	202	1.96e-40	136
WP_000173361.1	WP_003858826.1	34.348	230	3.61e-40	135
WP_000173361.1	WP_003854632.1	33.478	230	4.59e-39	135
WP_000173361.1	WP_003858089.1	34.597	211	5.20e-39	132
WP_000173361.1	WP_003857536.1	35.874	223	2.78e-32	114
WP_000173361.1	WP_011013642.1	35.176	199	2.94e-30	112
WP_000173361.1	WP_011014212.1	32.287	223	1.08e-29	108
WP_000173361.1	WP_011013479.1	37.445	227	3.31e-29	108
WP_000173361.1	WP_011015040.1	34.634	205	2.66e-28	108
WP_000173361.1	WP_011015040.1	35.071	211	1.36e-27	106
WP_000173361.1	WP_011013851.1	31.100	209	6.63e-28	105
WP_000173361.1	WP_011015140.1	29.808	208	5.31e-27	103
WP_000173361.1	WP_011014379.1	34.928	209	2.81e-26	100
WP_000173361.1	WP_011014807.1	33.188	229	4.38e-26	102
WP_000173361.1	WP_011014807.1	31.280	211	1.91e-24	98.2
WP_000173361.1	WP_011015284.1	31.364	220	5.04e-26	99.4
WP_000173361.1	WP_011015118.1	34.123	211	8.15e-26	102
WP_000173361.1	WP_011015118.1	34.574	188	9.48e-24	96.3
WP_000173361.1	WP_011014850.1	32.589	224	2.75e-25	97.8
WP_000173361.1	WP_011014374.1	31.731	208	5.15e-25	96.3
WP_000173361.1	WP_011015020.1	32.735	223	1.78e-24	98.2
WP_000173361.1	WP_011013338.1	28.378	222	5.26e-23	91.3
WP_000173361.1	WP_011265986.1	29.249	253	5.97e-23	94.0
WP_000173361.1	WP_011014327.1	28.856	201	1.13e-22	92.4
WP_000173361.1	WP_003856445.1	29.646	226	2.17e-21	87.0
WP_000173361.1	WP_011013333.1	31.925	213	2.94e-21	86.3
WP_000173361.1	WP_003856990.1	29.762	252	3.58e-21	86.3
WP_000173361.1	WP_011014139.1	31.841	201	5.52e-21	88.6
WP_000173361.1	WP_011014139.1	27.094	203	1.09e-14	69.7
WP_000173361.1	WP_011014785.1	32.370	173	1.31e-20	84.0
WP_000173361.1	WP_011014450.1	29.358	218	2.29e-20	85.1
WP_000173361.1	WP_011015221.1	36.683	199	2.86e-20	83.6
WP_000173361.1	WP_011013802.1	31.683	202	4.00e-20	83.6
WP_000173361.1	WP_011013698.1	28.502	207	3.32e-19	80.9
WP_000173361.1	WP_011265940.1	30.097	206	5.05e-19	80.5
WP_000173361.1	WP_011013996.1	27.322	183	1.68e-18	79.7
WP_000173361.1	WP_011014233.1	24.631	203	5.39e-17	76.3
WP_000173361.1	WP_011014233.1	26.667	210	1.67e-15	72.0
WP_000173361.1	WP_011013331.1	27.468	233	5.66e-17	73.9
WP_000173361.1	WP_011013985.1	28.723	188	1.22e-16	73.2
WP_000173361.1	WP_011013622.1	26.577	222	8.02e-16	71.6
WP_000173361.1	WP_011013807.1	28.846	208	9.41e-16	71.2
WP_000173361.1	WP_003862124.1	28.889	180	5.42e-15	70.5
WP_000173361.1	WP_003862124.1	29.268	205	2.43e-13	65.5
WP_000173361.1	WP_011013712.1	29.524	210	1.40e-14	69.3
WP_000173361.1	WP_011013712.1	26.442	208	2.79e-11	59.3
WP_000173361.1	WP_011014012.1	27.230	213	5.10e-14	67.8
WP_000173361.1	WP_003861735.1	24.862	181	5.29e-14	66.6
WP_000173361.1	WP_011013466.1	28.962	183	6.20e-14	66.2
WP_000173361.1	WP_011015345.1	25.728	206	1.02e-13	65.9
WP_000173361.1	WP_011013984.1	24.762	210	1.25e-13	65.1
WP_000173361.1	WP_011014910.1	28.070	228	1.36e-13	66.2
WP_000173361.1	WP_011014910.1	25.490	153	5.63e-07	46.6
WP_000173361.1	WP_004567959.1	26.667	180	1.75e-13	65.5
WP_000173361.1	WP_011013906.1	25.431	232	2.05e-13	64.7
WP_000173361.1	WP_011014011.1	25.352	213	2.78e-13	65.5
WP_000173361.1	WP_011014443.1	25.000	232	5.77e-13	64.3
WP_000173361.1	WP_011014492.1	23.923	209	7.72e-13	62.8
WP_000173361.1	WP_011015261.1	27.473	182	2.90e-12	60.8
WP_000173361.1	WP_011265658.1	27.632	228	8.35e-12	61.2
WP_000173361.1	WP_011014362.1	25.217	230	2.27e-11	59.7
WP_000173361.1	WP_011013968.1	26.794	209	3.08e-11	59.3
WP_000173361.1	WP_011013968.1	29.936	157	3.96e-11	58.9
WP_000173361.1	WP_011014424.1	24.167	240	3.18e-11	59.3
WP_000173361.1	WP_011015133.1	26.341	205	1.66e-10	57.0
WP_000173361.1	WP_011015133.1	25.000	184	1.11e-07	48.5
WP_000173361.1	WP_011014216.1	27.174	184	1.70e-10	56.6
WP_000173361.1	WP_011265694.1	26.794	209	1.62e-09	54.3
WP_000173361.1	WP_011265869.1	23.671	207	3.88e-09	53.1
WP_000173361.1	WP_011014865.1	27.404	208	1.96e-08	50.8
WP_000173361.1	WP_011014540.1	23.889	180	2.91e-08	48.9
WP_000173361.1	WP_011265741.1	31.405	121	3.40e-08	50.1
WP_000173361.1	WP_011014000.1	37.143	70	4.88e-07	46.6
WP_000173361.1	WP_011014351.1	26.768	198	5.58e-07	46.6
WP_000173361.1	WP_011014110.1	23.200	125	5.90e-07	46.6
WP_000173361.1	WP_020948580.1	35.211	71	6.51e-07	46.2
WP_000173361.1	WP_003856078.1	27.778	216	7.62e-07	45.4
WP_000173361.1	WP_011266014.1	35.088	57	3.84e-06	43.5
WP_000173361.1	WP_011014089.1	27.957	186	7.66e-06	43.1
WP_000173753.1	WP_003855103.1	33.184	223	6.21e-42	138
WP_000173753.1	WP_011013783.1	34.667	225	5.39e-39	131
WP_000173753.1	WP_003860245.1	36.058	208	5.71e-39	132
WP_000173753.1	WP_003854632.1	37.799	209	1.32e-34	122
WP_000173753.1	WP_011013931.1	36.697	218	1.82e-34	119
WP_000173753.1	WP_003858089.1	34.673	199	5.13e-29	105
WP_000173753.1	WP_003857536.1	31.336	217	7.94e-29	104
WP_000173753.1	WP_011013479.1	39.247	186	8.77e-29	106
WP_000173753.1	WP_011015140.1	32.727	220	3.14e-27	103
WP_000173753.1	WP_003857431.1	33.831	201	5.27e-27	100
WP_000173753.1	WP_011013851.1	33.488	215	5.38e-26	99.4
WP_000173753.1	WP_011013642.1	33.498	203	5.18e-25	97.1
WP_000173753.1	WP_011014327.1	32.178	202	5.64e-24	94.7
WP_000173753.1	WP_011014850.1	29.268	205	8.82e-24	92.8
WP_000173753.1	WP_011014379.1	31.429	210	2.32e-23	91.3
WP_000173753.1	WP_003858826.1	33.488	215	2.97e-23	90.5
WP_000173753.1	WP_011015284.1	33.333	180	3.19e-23	90.9
WP_000173753.1	WP_011015118.1	33.333	198	3.50e-23	93.2
WP_000173753.1	WP_011015118.1	29.358	218	5.88e-16	72.4
WP_000173753.1	WP_011265986.1	33.495	206	1.41e-22	91.7
WP_000173753.1	WP_011013333.1	30.693	202	2.67e-22	88.2
WP_000173753.1	WP_011015040.1	27.941	204	4.53e-21	87.0
WP_000173753.1	WP_011015040.1	33.333	183	1.33e-19	82.8
WP_000173753.1	WP_011015020.1	28.767	219	7.60e-20	83.6
WP_000173753.1	WP_011014807.1	31.455	213	3.58e-19	81.6
WP_000173753.1	WP_011014807.1	29.327	208	2.65e-17	76.3
WP_000173753.1	WP_011013698.1	29.864	221	4.60e-19	79.7
WP_000173753.1	WP_003856445.1	27.885	208	1.11e-18	78.6
WP_000173753.1	WP_011014212.1	32.020	203	3.01e-18	77.0
WP_000173753.1	WP_011013985.1	30.208	192	4.97e-18	76.3
WP_000173753.1	WP_011014233.1	26.606	218	6.67e-18	78.2
WP_000173753.1	WP_011014233.1	23.223	211	3.73e-09	52.4
WP_000173753.1	WP_011013807.1	29.148	223	1.26e-17	75.5
WP_000173753.1	WP_011014374.1	27.723	202	1.89e-17	74.7
WP_000173753.1	WP_003861735.1	28.218	202	3.56e-17	74.7
WP_000173753.1	WP_011014450.1	29.744	195	4.03e-17	75.1
WP_000173753.1	WP_003862124.1	33.333	198	9.16e-17	74.7
WP_000173753.1	WP_003862124.1	27.551	196	7.61e-10	54.3
WP_000173753.1	WP_011013968.1	28.095	210	1.35e-16	74.3
WP_000173753.1	WP_011013968.1	25.888	197	4.00e-12	61.2
WP_000173753.1	WP_011013331.1	29.469	207	1.58e-15	69.3
WP_000173753.1	WP_011013338.1	29.952	207	4.85e-15	68.6
WP_000173753.1	WP_011014139.1	28.507	221	7.36e-15	69.3
WP_000173753.1	WP_011014139.1	22.785	237	9.62e-07	45.4
WP_000173753.1	WP_011013906.1	28.718	195	1.15e-14	67.4
WP_000173753.1	WP_011013996.1	26.705	176	1.37e-14	67.8
WP_000173753.1	WP_011014540.1	30.645	186	1.37e-14	66.2
WP_000173753.1	WP_011014012.1	29.310	174	1.38e-14	68.6
WP_000173753.1	WP_011013622.1	29.714	175	1.56e-14	67.0
WP_000173753.1	WP_011013984.1	27.670	206	2.47e-14	66.2
WP_000173753.1	WP_011013802.1	28.415	183	2.80e-14	66.6
WP_000173753.1	WP_011014424.1	25.778	225	8.91e-14	65.9
WP_000173753.1	WP_011014443.1	29.121	182	2.14e-13	64.7
WP_000173753.1	WP_011013712.1	26.667	210	2.32e-13	64.7
WP_000173753.1	WP_011013712.1	26.230	183	2.61e-06	43.9
WP_000173753.1	WP_011265869.1	30.000	200	9.48e-13	63.2
WP_000173753.1	WP_011014492.1	30.256	195	2.35e-12	60.8
WP_000173753.1	WP_004567959.1	26.368	201	2.79e-12	61.2
WP_000173753.1	WP_011265940.1	25.652	230	6.80e-12	59.7
WP_000173753.1	WP_011015345.1	26.064	188	7.34e-12	60.1
WP_000173753.1	WP_011015133.1	26.364	220	3.05e-11	58.5
WP_000173753.1	WP_011015133.1	28.125	160	2.66e-10	55.8
WP_000173753.1	WP_011265658.1	25.214	234	4.36e-11	58.2
WP_000173753.1	WP_011014865.1	31.138	167	5.20e-11	57.8
WP_000173753.1	WP_003856990.1	25.510	196	1.70e-10	55.5
WP_000173753.1	WP_011015261.1	28.659	164	2.65e-10	54.7
WP_000173753.1	WP_011014910.1	27.074	229	5.24e-10	55.1
WP_000173753.1	WP_011014910.1	27.586	174	4.83e-09	52.0
WP_000173753.1	WP_011265694.1	26.667	180	7.79e-10	54.3
WP_000173753.1	WP_011015221.1	29.545	220	1.23e-09	53.1
WP_000173753.1	WP_011014089.1	28.333	180	4.15e-09	52.4
WP_000173753.1	WP_011014089.1	40.323	62	3.43e-06	43.5
WP_000173753.1	WP_011014351.1	25.806	217	1.18e-08	50.8
WP_000173753.1	WP_020948580.1	31.452	124	9.01e-08	48.1
WP_000173753.1	WP_011014216.1	22.685	216	1.13e-07	47.4
WP_000173753.1	WP_011014000.1	41.096	73	1.59e-07	47.4
WP_000173753.1	WP_011014362.1	23.767	223	1.88e-07	47.4
WP_000173753.1	WP_011014110.1	25.140	179	5.09e-07	46.2
WP_000173753.1	WP_011014785.1	30.968	155	7.88e-07	44.7
WP_000173753.1	WP_011266014.1	37.333	75	8.83e-07	45.1
WP_000173753.1	WP_011013466.1	24.402	209	9.63e-07	44.7
WP_000173753.1	WP_011265741.1	33.333	72	9.63e-06	42.0
WP_000177121.1	WP_011014964.1	36.585	451	7.73e-73	235
WP_000179649.1	WP_011013552.1	37.977	603	7.13e-117	371
WP_000180487.1	WP_011014034.1	43.974	307	3.76e-88	263
WP_000181374.1	WP_003854647.1	34.641	153	3.22e-31	107
WP_000181689.1	WP_011014884.1	26.357	129	1.84e-06	42.7
WP_000182964.1	WP_011014211.1	31.122	196	4.65e-14	68.6
WP_000183297.1	WP_003858945.1	35.385	325	1.03e-56	185
WP_000185363.1	WP_011014335.1	39.820	334	3.85e-70	218
WP_000185363.1	WP_003862210.1	32.836	201	5.40e-16	73.9
WP_000185363.1	WP_011265673.1	26.054	261	1.99e-11	60.1
WP_000185879.1	WP_011013723.1	30.000	250	4.55e-31	112
WP_000185879.1	WP_011014905.1	33.730	252	8.55e-31	113
WP_000185879.1	WP_011013534.1	30.370	270	2.43e-28	107
WP_000185879.1	WP_011015096.1	28.947	266	1.65e-24	95.9
WP_000185879.1	WP_011015298.1	28.627	255	1.12e-21	87.8
WP_000185879.1	WP_011013843.1	27.799	259	5.21e-16	72.4
WP_000185879.1	WP_011015148.1	28.358	201	3.10e-15	70.1
WP_000185879.1	WP_011013562.1	25.641	195	2.50e-09	52.8
WP_000185879.1	WP_003856628.1	27.604	192	3.60e-09	52.4
WP_000185879.1	WP_011015594.1	22.826	184	5.89e-09	52.0
WP_000185879.1	WP_011015125.1	23.445	209	9.61e-08	48.1
WP_000188505.1	WP_003854638.1	33.149	181	1.61e-29	106
WP_000188505.1	WP_011265961.1	28.485	165	2.67e-13	63.2
WP_000188505.1	WP_011014753.1	26.244	221	2.75e-13	63.2
WP_000189477.1	WP_003857431.1	51.037	241	2.47e-84	248
WP_000189477.1	WP_003858826.1	49.225	258	7.13e-80	237
WP_000189477.1	WP_003854632.1	39.919	248	1.19e-55	179
WP_000189477.1	WP_003855103.1	41.850	227	2.25e-44	145
WP_000189477.1	WP_011014379.1	38.865	229	7.64e-44	145
WP_000189477.1	WP_011014807.1	34.766	256	1.70e-40	143
WP_000189477.1	WP_011014807.1	29.961	257	7.52e-26	102
WP_000189477.1	WP_011015284.1	34.375	224	5.33e-39	133
WP_000189477.1	WP_011015118.1	33.193	238	5.47e-37	133
WP_000189477.1	WP_011015118.1	33.716	261	2.12e-30	114
WP_000189477.1	WP_003858089.1	35.468	203	4.01e-36	124
WP_000189477.1	WP_011015040.1	32.353	238	6.04e-36	129
WP_000189477.1	WP_011015040.1	32.159	227	4.44e-29	110
WP_000189477.1	WP_011013479.1	36.694	248	1.51e-35	125
WP_000189477.1	WP_011013985.1	32.636	239	1.20e-34	120
WP_000189477.1	WP_011265986.1	31.621	253	1.91e-33	124
WP_000189477.1	WP_011013931.1	35.484	217	2.99e-33	117
WP_000189477.1	WP_011015221.1	32.941	255	1.42e-32	116
WP_000189477.1	WP_011013642.1	32.444	225	1.24e-31	115
WP_000189477.1	WP_003860245.1	35.088	228	6.05e-31	112
WP_000189477.1	WP_011013996.1	31.034	232	2.15e-30	111
WP_000189477.1	WP_011015140.1	31.897	232	1.35e-29	110
WP_000189477.1	WP_011013333.1	30.734	218	3.36e-29	107
WP_000189477.1	WP_011014327.1	32.129	249	4.14e-28	107
WP_000189477.1	WP_011013338.1	31.739	230	4.54e-28	104
WP_000189477.1	WP_011014492.1	30.603	232	5.84e-28	103
WP_000189477.1	WP_011013783.1	31.878	229	1.05e-27	102
WP_000189477.1	WP_011014450.1	28.507	221	6.81e-27	102
WP_000189477.1	WP_011014212.1	33.333	234	3.10e-26	99.4
WP_000189477.1	WP_003857536.1	32.673	202	5.39e-26	98.2
WP_000189477.1	WP_011013851.1	30.435	230	6.53e-26	100
WP_000189477.1	WP_011013802.1	31.760	233	6.57e-26	99.0
WP_000189477.1	WP_011014850.1	31.556	225	3.08e-25	97.4
WP_000189477.1	WP_011013984.1	30.901	233	1.60e-24	94.7
WP_000189477.1	WP_003861735.1	30.000	220	2.96e-24	94.7
WP_000189477.1	WP_011014233.1	29.204	226	7.38e-23	93.2
WP_000189477.1	WP_011014233.1	27.660	235	3.67e-17	76.6
WP_000189477.1	WP_011013807.1	30.493	223	2.24e-22	89.4
WP_000189477.1	WP_011265940.1	29.825	228	6.76e-22	87.8
WP_000189477.1	WP_011013698.1	25.652	230	6.29e-21	85.5
WP_000189477.1	WP_011013906.1	28.163	245	7.06e-21	85.1
WP_000189477.1	WP_011015020.1	31.489	235	1.14e-20	87.0
WP_000189477.1	WP_011013712.1	28.395	243	1.28e-20	87.0
WP_000189477.1	WP_011013712.1	26.432	227	1.11e-16	75.5
WP_000189477.1	WP_011015345.1	29.545	220	2.86e-20	84.3
WP_000189477.1	WP_011014374.1	29.439	214	3.30e-20	83.2
WP_000189477.1	WP_003856445.1	26.471	238	1.49e-19	81.6
WP_000189477.1	WP_011014139.1	25.778	225	9.68e-18	78.6
WP_000189477.1	WP_011014139.1	24.402	209	4.38e-11	58.9
WP_000189477.1	WP_011014785.1	33.500	200	1.63e-17	75.5
WP_000189477.1	WP_003862124.1	30.841	214	8.11e-17	75.5
WP_000189477.1	WP_003862124.1	29.592	196	7.65e-16	72.8
WP_000189477.1	WP_003856990.1	28.205	234	1.23e-16	73.6
WP_000189477.1	WP_011015133.1	28.571	238	2.73e-16	74.3
WP_000189477.1	WP_011015133.1	26.160	237	6.43e-14	67.0
WP_000189477.1	WP_011014216.1	27.160	243	3.70e-16	72.8
WP_000189477.1	WP_011013331.1	25.974	231	4.72e-16	71.2
WP_000189477.1	WP_011014540.1	26.471	204	1.38e-15	69.7
WP_000189477.1	WP_011014362.1	26.522	230	1.91e-15	71.6
WP_000189477.1	WP_011014011.1	27.386	241	7.63e-15	70.1
WP_000189477.1	WP_011014424.1	26.423	246	1.06e-14	69.7
WP_000189477.1	WP_011265869.1	28.436	211	1.45e-14	68.9
WP_000189477.1	WP_011013968.1	25.000	236	1.81e-14	68.9
WP_000189477.1	WP_011013968.1	25.137	183	1.70e-13	65.9
WP_000189477.1	WP_011014910.1	26.515	264	4.09e-14	67.8
WP_000189477.1	WP_011013622.1	23.431	239	6.11e-14	66.2
WP_000189477.1	WP_011014443.1	29.130	230	6.13e-14	67.4
WP_000189477.1	WP_011014443.1	22.727	220	3.10e-08	50.1
WP_000189477.1	WP_004567959.1	24.424	217	6.91e-14	66.2
WP_000189477.1	WP_011013466.1	25.238	210	9.13e-14	65.5
WP_000189477.1	WP_011014012.1	27.523	218	9.94e-14	66.6
WP_000189477.1	WP_011265658.1	27.897	233	5.05e-13	64.7
WP_000189477.1	WP_011014351.1	25.541	231	2.19e-12	62.8
WP_000189477.1	WP_011014351.1	25.131	191	1.42e-09	54.3
WP_000189477.1	WP_003856078.1	28.440	218	1.66e-09	53.1
WP_000189477.1	WP_011015261.1	24.873	197	5.27e-09	51.6
WP_000189477.1	WP_011014865.1	35.000	180	6.20e-09	52.4
WP_000189477.1	WP_011014110.1	29.630	135	5.22e-08	49.7
WP_000189477.1	WP_011014110.1	30.769	91	8.61e-06	42.7
WP_000189477.1	WP_020948580.1	40.678	59	6.02e-08	49.3
WP_000189477.1	WP_011265694.1	25.843	178	1.41e-07	48.1
WP_000189477.1	WP_011014089.1	27.128	188	4.08e-07	46.6
WP_000189477.1	WP_011014000.1	44.000	75	4.29e-07	46.6
WP_000189477.1	WP_011266014.1	26.613	124	7.69e-07	45.8
WP_000189477.1	WP_011265741.1	50.000	34	8.59e-07	45.8
WP_000189859.1	WP_003857552.1	35.294	119	1.07e-17	77.4
WP_000191781.1	WP_011014204.1	29.970	337	1.51e-30	121
WP_000191781.1	WP_011014202.1	27.703	296	5.60e-16	77.4
WP_000191798.1	WP_011014246.1	27.240	558	2.78e-57	199
WP_000191798.1	WP_011015247.1	27.704	527	9.93e-44	161
WP_000191798.1	WP_011013434.1	21.239	565	5.35e-16	77.8
WP_000192090.1	WP_003860764.1	43.772	281	2.75e-74	226
WP_000196404.1	WP_003862284.1	27.612	402	4.14e-41	148
WP_000196404.1	WP_011014448.1	40.196	102	4.00e-17	79.0
WP_000199188.1	WP_003860639.1	28.736	261	9.24e-30	109
WP_000199265.1	WP_011013430.1	27.770	677	1.02e-64	221
WP_000199387.1	WP_011013720.1	33.966	474	1.40e-79	253
WP_000199387.1	WP_011015295.1	34.672	473	2.56e-75	241
WP_000199387.1	WP_011013348.1	31.078	473	4.14e-62	206
WP_000199387.1	WP_011013433.1	30.645	434	7.20e-56	190
WP_000199387.1	WP_011013683.1	31.681	464	7.18e-53	181
WP_000199387.1	WP_011015326.1	29.955	444	1.17e-50	176
WP_000199387.1	WP_011015386.1	31.557	469	3.18e-50	175
WP_000199387.1	WP_172820765.1	27.513	378	1.28e-30	122
WP_000199387.1	WP_011013661.1	26.067	445	1.12e-17	82.0
WP_000199560.1	WP_003856385.1	60.938	448	0.0	545
WP_000200247.1	WP_020948495.1	39.665	179	2.02e-37	125
WP_000200892.1	WP_003856980.1	31.771	192	5.84e-24	91.7
WP_000200892.1	WP_011014410.1	24.365	197	3.25e-07	45.8
WP_000201098.1	WP_003861890.1	34.500	200	1.21e-36	126
WP_000201315.1	WP_011015011.1	40.351	57	7.82e-07	45.8
WP_000201315.1	WP_172769660.1	56.410	39	6.31e-06	43.5
WP_000201898.1	WP_011265837.1	56.311	309	7.93e-115	340
WP_000201898.1	WP_011014752.1	46.965	313	2.31e-93	279
WP_000202234.1	WP_003858460.1	38.742	302	1.67e-58	186
WP_000202234.1	WP_011265539.1	38.889	288	9.08e-52	169
WP_000202234.1	WP_011013572.1	27.731	238	9.12e-15	69.7
WP_000202452.1	WP_011014383.1	37.687	268	1.61e-40	137
WP_000203065.1	WP_011015234.1	46.497	157	7.72e-49	151
WP_000203654.1	WP_011014484.1	33.333	84	2.11e-12	58.5
WP_000204727.1	WP_011015483.1	52.459	305	1.84e-106	310
WP_000205044.1	WP_011015361.1	49.299	428	3.12e-162	460
WP_000210693.1	WP_011014420.1	28.966	290	6.32e-12	62.0
WP_000212522.1	WP_011014232.1	27.059	340	5.50e-25	100
WP_000212522.1	WP_011014311.1	27.635	351	2.22e-17	78.6
WP_000216382.1	WP_003854900.1	40.865	416	7.26e-88	271
WP_000218054.1	WP_003854117.1	53.799	329	3.24e-123	354
WP_000219018.1	WP_011014956.1	42.991	321	5.03e-79	243
WP_000220637.1	WP_011265975.1	44.694	490	2.17e-129	381
WP_000220637.1	WP_011015000.1	27.650	217	5.07e-13	67.4
WP_000220734.1	WP_011014872.1	34.118	255	5.44e-37	130
WP_000221747.1	WP_011014382.1	40.769	260	4.88e-52	177
WP_000221747.1	WP_011015616.1	40.079	252	4.49e-43	144
WP_000222616.1	WP_011013940.1	31.356	118	4.31e-16	71.6
WP_000222616.1	WP_011015530.1	26.351	148	4.44e-14	66.2
WP_000222616.1	WP_011015360.1	33.036	112	1.28e-12	61.6
WP_000222616.1	WP_011013867.1	29.032	124	2.00e-12	61.2
WP_000222616.1	WP_003853866.1	25.926	135	3.37e-11	58.2
WP_000222616.1	WP_003863097.1	25.641	117	2.53e-09	52.4
WP_000222616.1	WP_003855418.1	27.119	118	1.86e-08	49.7
WP_000222616.1	WP_011013524.1	24.427	131	1.92e-08	49.7
WP_000222616.1	WP_011013630.1	28.689	122	9.54e-08	47.8
WP_000222616.1	WP_011014026.1	33.333	99	8.09e-07	45.4
WP_000222983.1	WP_011014942.1	27.925	265	2.91e-28	107
WP_000222983.1	WP_011015277.1	27.094	203	4.80e-12	61.6
WP_000222983.1	WP_011014747.1	22.887	284	5.56e-07	46.2
WP_000225907.1	WP_101677576.1	22.340	188	2.45e-08	51.6
WP_000226001.1	WP_011014232.1	27.726	321	5.05e-28	108
WP_000226001.1	WP_011014311.1	28.221	326	5.64e-28	107
WP_000226001.1	WP_003857593.1	26.471	306	6.07e-28	107
WP_000226001.1	WP_011013448.1	28.231	294	9.88e-28	107
WP_000226001.1	WP_011013442.1	29.268	287	1.78e-22	92.4
WP_000226001.1	WP_011014889.1	28.105	306	5.91e-22	90.9
WP_000226001.1	WP_011015259.1	23.077	351	2.93e-09	53.9
WP_000226001.1	WP_011015158.1	28.431	102	4.57e-07	45.1
WP_000226001.1	WP_080558835.1	45.455	44	3.13e-06	42.0
WP_000227862.1	WP_003857029.1	30.493	446	7.56e-60	207
WP_000228766.1	WP_011013691.1	47.764	1118	0.0	973
WP_000228766.1	WP_011013691.1	48.305	236	6.02e-63	231
WP_000229104.1	WP_011014158.1	22.586	580	3.49e-17	82.4
WP_000229104.1	WP_011015608.1	23.362	458	7.25e-13	68.9
WP_000229772.1	WP_011014896.1	39.535	344	8.51e-87	262
WP_000229772.1	WP_011014504.1	26.531	343	2.40e-28	110
WP_000229772.1	WP_011015512.1	23.585	212	1.73e-06	45.4
WP_000229772.1	WP_011015031.1	24.545	220	1.80e-06	45.4
WP_000229874.1	WP_003861220.1	26.429	140	1.17e-09	51.2
WP_000229961.1	WP_011013851.1	48.011	377	2.09e-116	338
WP_000229961.1	WP_011015140.1	52.096	334	3.64e-115	337
WP_000229961.1	WP_011014327.1	50.298	336	5.56e-109	322
WP_000229961.1	WP_011013642.1	41.057	246	7.51e-63	201
WP_000229961.1	WP_011013479.1	36.614	254	2.31e-52	173
WP_000229961.1	WP_003857431.1	34.322	236	2.75e-38	134
WP_000229961.1	WP_003858826.1	31.179	263	1.16e-34	125
WP_000229961.1	WP_003858089.1	33.493	209	3.02e-33	120
WP_000229961.1	WP_003854632.1	28.571	252	4.51e-32	120
WP_000229961.1	WP_003855103.1	30.734	218	4.06e-28	107
WP_000229961.1	WP_011013931.1	34.722	216	8.81e-28	105
WP_000229961.1	WP_011014212.1	31.707	205	1.22e-27	105
WP_000229961.1	WP_011015221.1	32.319	263	1.23e-27	106
WP_000229961.1	WP_003860245.1	33.182	220	2.41e-26	103
WP_000229961.1	WP_011015284.1	30.303	231	1.17e-25	101
WP_000229961.1	WP_011013333.1	30.594	219	1.51e-25	100
WP_000229961.1	WP_011265986.1	27.692	260	2.64e-25	103
WP_000229961.1	WP_011013698.1	28.794	257	5.23e-25	99.4
WP_000229961.1	WP_011013906.1	31.950	241	1.48e-24	97.8
WP_000229961.1	WP_011014379.1	31.390	223	4.95e-24	96.7
WP_000229961.1	WP_011015040.1	29.386	228	8.79e-24	99.0
WP_000229961.1	WP_011015040.1	24.576	236	1.45e-15	74.3
WP_000229961.1	WP_011014492.1	31.050	219	9.56e-24	95.5
WP_000229961.1	WP_011015118.1	29.545	220	2.51e-23	97.8
WP_000229961.1	WP_011015118.1	27.197	239	3.20e-14	70.5
WP_000229961.1	WP_011014850.1	25.275	273	4.72e-23	94.4
WP_000229961.1	WP_003862124.1	30.732	205	1.17e-22	95.5
WP_000229961.1	WP_003862124.1	28.421	190	3.50e-08	51.2
WP_000229961.1	WP_003856445.1	27.434	226	2.34e-22	92.0
WP_000229961.1	WP_003857536.1	29.442	197	2.87e-22	90.9
WP_000229961.1	WP_011014807.1	26.667	240	1.78e-21	92.4
WP_000229961.1	WP_011014807.1	24.375	320	6.79e-16	75.5
WP_000229961.1	WP_011013783.1	27.317	205	1.88e-20	85.9
WP_000229961.1	WP_011013807.1	27.917	240	6.70e-20	84.7
WP_000229961.1	WP_011015345.1	25.714	210	1.02e-19	85.1
WP_000229961.1	WP_003861735.1	28.436	211	1.06e-19	84.7
WP_000229961.1	WP_011013802.1	27.311	238	9.25e-19	81.6
WP_000229961.1	WP_011014450.1	26.293	232	1.03e-18	82.8
WP_000229961.1	WP_011015020.1	27.572	243	2.81e-18	82.8
WP_000229961.1	WP_011013338.1	27.311	238	2.83e-18	80.1
WP_000229961.1	WP_011013996.1	25.402	311	8.96e-18	79.7
WP_000229961.1	WP_011014374.1	25.778	225	1.30e-17	78.2
WP_000229961.1	WP_011013712.1	26.829	246	2.95e-17	79.7
WP_000229961.1	WP_003856990.1	30.088	226	3.76e-17	77.0
WP_000229961.1	WP_011015261.1	29.204	226	4.07e-17	76.3
WP_000229961.1	WP_011013984.1	24.424	217	5.71e-16	73.2
WP_000229961.1	WP_011014012.1	25.221	226	5.91e-15	72.8
WP_000229961.1	WP_011265940.1	27.309	249	1.73e-14	69.3
WP_000229961.1	WP_011013622.1	26.818	220	4.09e-14	68.6
WP_000229961.1	WP_011014233.1	24.880	209	8.54e-14	68.9
WP_000229961.1	WP_011014233.1	21.026	195	1.46e-12	65.1
WP_000229961.1	WP_011014139.1	29.293	198	1.24e-13	68.9
WP_000229961.1	WP_011014139.1	25.000	204	4.81e-13	67.0
WP_000229961.1	WP_011014785.1	31.410	156	1.78e-13	65.9
WP_000229961.1	WP_011266014.1	33.103	145	1.79e-13	67.4
WP_000229961.1	WP_011014865.1	28.571	175	2.05e-13	67.8
WP_000229961.1	WP_011013985.1	27.976	168	4.84e-13	64.7
WP_000229961.1	WP_011013466.1	27.684	177	5.04e-13	65.1
WP_000229961.1	WP_011013331.1	25.926	216	1.03e-12	63.5
WP_000229961.1	WP_011014540.1	25.000	188	1.07e-12	63.2
WP_000229961.1	WP_011014424.1	25.896	251	4.78e-12	63.5
WP_000229961.1	WP_011013968.1	28.061	196	6.36e-12	63.2
WP_000229961.1	WP_011013968.1	27.027	185	8.71e-10	56.6
WP_000229961.1	WP_011014011.1	23.301	206	6.63e-11	60.1
WP_000229961.1	WP_011015133.1	23.729	177	9.73e-11	59.3
WP_000229961.1	WP_011014443.1	27.189	217	1.38e-09	55.8
WP_000229961.1	WP_004567959.1	24.352	193	4.61e-09	53.5
WP_000229961.1	WP_011014000.1	39.080	87	4.92e-09	53.9
WP_000229961.1	WP_011014362.1	26.857	175	2.56e-08	52.0
WP_000229961.1	WP_011014216.1	23.684	152	9.04e-08	49.3
WP_000229961.1	WP_011265658.1	26.066	211	1.83e-07	49.3
WP_000229961.1	WP_011265869.1	25.500	200	1.87e-07	49.3
WP_000229961.1	WP_020948580.1	38.095	63	3.36e-07	48.5
WP_000229961.1	WP_011014089.1	26.064	188	6.60e-07	47.4
WP_000229961.1	WP_011014351.1	26.697	221	6.15e-06	44.3
WP_000230202.1	WP_011014232.1	26.765	340	3.48e-34	125
WP_000230202.1	WP_011014311.1	25.816	337	9.75e-29	110
WP_000230202.1	WP_003857593.1	24.333	300	3.16e-27	105
WP_000230202.1	WP_011014889.1	24.773	331	8.52e-26	102
WP_000230202.1	WP_011013442.1	28.758	306	2.87e-23	95.1
WP_000230202.1	WP_011013448.1	25.735	272	1.63e-22	92.8
WP_000230202.1	WP_011015259.1	22.126	348	4.91e-14	68.6
WP_000230202.1	WP_011015158.1	25.714	105	1.56e-07	46.6
WP_000230399.1	WP_011013446.1	29.630	108	1.16e-13	62.8
WP_000231785.1	WP_011015336.1	23.641	423	1.47e-23	99.4
WP_000231785.1	WP_011015415.1	22.126	348	2.18e-09	55.5
WP_000232209.1	WP_011014031.1	35.882	340	1.73e-55	182
WP_000237416.1	WP_003860253.1	36.607	112	3.30e-14	60.1
WP_000237988.1	WP_011013848.1	24.510	306	2.31e-23	94.7
WP_000237988.1	WP_011265737.1	26.991	226	3.14e-21	88.2
WP_000237988.1	WP_004567523.1	26.923	234	7.99e-20	84.0
WP_000237988.1	WP_011265558.1	27.536	207	8.13e-07	46.6
WP_000237988.1	WP_011013477.1	26.115	157	1.35e-06	45.1
WP_000237988.1	WP_011013847.1	26.347	167	4.96e-06	43.5
WP_000239283.1	WP_011013861.1	27.570	214	1.01e-15	74.3
WP_000239283.1	WP_011266029.1	29.775	178	2.00e-15	73.2
WP_000240129.1	WP_003855496.1	50.450	222	5.87e-78	231
WP_000240129.1	WP_003859329.1	27.193	228	4.14e-10	54.7
WP_000241734.1	WP_011014888.1	31.660	259	1.11e-21	91.3
WP_000241734.1	WP_003855225.1	28.241	216	1.67e-16	76.3
WP_000241734.1	WP_011015602.1	25.888	197	5.39e-11	59.7
WP_000241734.1	WP_011013443.1	25.735	272	4.26e-08	50.8
WP_000241734.1	WP_011013439.1	29.134	127	1.17e-06	46.2
WP_000244451.1	WP_011013539.1	42.458	179	4.70e-45	147
WP_000244451.1	WP_011015296.1	30.337	178	2.77e-17	75.1
WP_000245505.1	WP_003854344.1	57.895	133	5.98e-53	160
WP_000248710.1	WP_011014888.1	32.979	188	5.54e-23	94.7
WP_000248710.1	WP_003855225.1	28.311	219	2.34e-16	75.9
WP_000248710.1	WP_011013443.1	33.333	165	3.09e-11	60.8
WP_000248710.1	WP_011015602.1	24.887	221	1.77e-09	55.1
WP_000254682.1	WP_003859321.1	47.368	399	1.95e-113	336
WP_000255160.1	WP_011014420.1	24.453	274	7.94e-11	58.5
WP_000255768.1	WP_003859450.1	25.749	334	4.14e-18	80.5
WP_000256028.1	WP_003858595.1	44.025	159	7.53e-45	142
WP_000257841.1	WP_003859586.1	39.437	71	2.40e-06	38.1
WP_000258094.1	WP_011014010.1	43.639	676	2.64e-179	556
WP_000258094.1	WP_011014010.1	29.185	233	1.52e-17	84.7
WP_000258094.1	WP_011014290.1	34.184	392	1.36e-57	209
WP_000258094.1	WP_020948572.1	27.530	247	2.70e-10	60.8
WP_000259249.1	WP_003857948.1	35.211	71	1.05e-13	56.6
WP_000259256.1	WP_011013472.1	27.660	94	3.45e-07	43.9
WP_000260666.1	WP_003862250.1	55.193	337	6.32e-118	340
WP_000260666.1	WP_011013988.1	38.081	344	1.03e-64	209
WP_000263194.1	WP_011013501.1	31.718	227	1.04e-32	116
WP_000266660.1	WP_011013310.1	30.688	378	9.88e-53	176
WP_000268465.1	WP_011014831.1	54.113	231	2.11e-94	275
WP_000268761.1	WP_011014848.1	40.964	83	2.08e-20	76.6
WP_000271487.1	WP_003859897.1	32.370	173	5.16e-21	83.2
WP_000272304.1	WP_003855300.1	42.384	302	3.78e-78	237
WP_000272304.1	WP_011013820.1	30.201	149	5.31e-10	55.8
WP_000272304.1	WP_041625711.1	24.917	301	8.78e-06	43.1
WP_000274791.1	WP_011015246.1	35.294	136	3.15e-18	77.8
WP_000274791.1	WP_011014914.1	41.429	70	2.44e-11	58.9
WP_000274791.1	WP_011015387.1	40.000	50	5.16e-08	47.4
WP_000275161.1	WP_011015012.1	31.288	163	5.63e-19	76.6
WP_000278876.1	WP_011013940.1	25.899	139	5.66e-08	49.7
WP_000278876.1	WP_003860075.1	26.168	107	2.31e-07	47.8
WP_000278876.1	WP_003855418.1	30.172	116	2.17e-06	45.1
WP_000278876.1	WP_011015360.1	27.928	111	4.69e-06	43.9
WP_000278876.1	WP_003863097.1	27.885	104	8.35e-06	43.1
WP_000280773.1	WP_003856127.1	34.328	268	6.50e-34	121
WP_000280892.1	WP_011014857.1	54.146	205	8.12e-68	246
WP_000283071.1	WP_011014885.1	24.257	639	8.88e-30	122
WP_000283071.1	WP_011014214.1	26.545	275	2.21e-12	66.6
WP_000283071.1	WP_020948610.1	26.596	188	1.30e-08	54.3
WP_000283118.1	WP_011015184.1	33.036	448	7.64e-62	205
WP_000283783.1	WP_011013499.1	37.326	359	9.04e-78	257
WP_000283783.1	WP_011013555.1	32.749	171	5.09e-20	89.0
WP_000283783.1	WP_003855936.1	23.179	302	4.28e-08	52.0
WP_000285727.1	WP_227747698.1	22.581	155	8.97e-08	47.8
WP_000288029.1	WP_011015020.1	31.707	205	4.76e-28	114
WP_000288029.1	WP_011014011.1	29.317	249	6.40e-23	99.0
WP_000288029.1	WP_011014139.1	27.007	274	7.93e-22	96.3
WP_000288029.1	WP_011014139.1	31.959	194	2.89e-19	88.2
WP_000288029.1	WP_011014012.1	29.231	195	9.96e-22	95.1
WP_000288029.1	WP_011265869.1	28.191	188	1.81e-21	94.4
WP_000288029.1	WP_011013985.1	27.805	205	5.96e-20	85.5
WP_000288029.1	WP_011265658.1	25.362	276	1.01e-19	89.0
WP_000288029.1	WP_011014212.1	27.919	197	1.11e-18	82.0
WP_000288029.1	WP_011014424.1	26.866	201	3.68e-18	84.0
WP_000288029.1	WP_003860245.1	31.416	226	1.15e-17	80.1
WP_000288029.1	WP_011014362.1	29.878	164	2.87e-17	81.3
WP_000288029.1	WP_003858826.1	29.439	214	5.36e-17	77.4
WP_000288029.1	WP_003857431.1	30.808	198	1.96e-16	75.5
WP_000288029.1	WP_003854632.1	31.414	191	2.55e-16	77.0
WP_000288029.1	WP_011013333.1	29.108	213	1.06e-15	73.6
WP_000288029.1	WP_011013931.1	31.797	217	3.53e-15	71.2
WP_000288029.1	WP_011014865.1	31.373	153	6.63e-15	73.6
WP_000288029.1	WP_011013642.1	29.348	184	1.56e-14	71.6
WP_000288029.1	WP_011014450.1	26.168	214	3.29e-14	70.5
WP_000288029.1	WP_011014850.1	26.442	208	6.71e-14	68.9
WP_000288029.1	WP_011013783.1	28.095	210	8.30e-14	67.8
WP_000288029.1	WP_011015284.1	31.902	163	1.21e-13	67.8
WP_000288029.1	WP_011013338.1	25.698	179	1.96e-12	63.9
WP_000288029.1	WP_003861735.1	25.373	201	3.61e-12	63.5
WP_000288029.1	WP_011014807.1	27.320	194	5.96e-12	64.3
WP_000288029.1	WP_011014807.1	26.432	227	3.32e-10	58.9
WP_000288029.1	WP_011014379.1	26.415	212	1.10e-11	62.0
WP_000288029.1	WP_011013996.1	23.902	205	1.30e-11	62.0
WP_000288029.1	WP_011014000.1	32.331	133	1.68e-11	62.8
WP_000288029.1	WP_003862124.1	32.370	173	2.01e-11	62.4
WP_000288029.1	WP_011015040.1	28.962	183	2.15e-11	62.4
WP_000288029.1	WP_011014327.1	27.041	196	3.22e-11	61.6
WP_000288029.1	WP_011013331.1	26.263	198	3.34e-11	59.7
WP_000288029.1	WP_011013479.1	26.601	203	4.56e-11	60.5
WP_000288029.1	WP_003856445.1	27.184	206	5.12e-11	59.7
WP_000288029.1	WP_003855103.1	26.267	217	5.74e-11	59.3
WP_000288029.1	WP_003858089.1	27.778	198	6.96e-11	58.9
WP_000288029.1	WP_011013851.1	26.866	201	7.20e-11	60.1
WP_000288029.1	WP_011013712.1	25.339	221	9.25e-11	60.5
WP_000288029.1	WP_011013712.1	26.190	210	1.90e-06	47.0
WP_000288029.1	WP_011265986.1	27.189	217	1.04e-10	60.5
WP_000288029.1	WP_004567959.1	23.699	173	1.28e-10	58.9
WP_000288029.1	WP_011265741.1	18.750	464	1.52e-10	59.7
WP_000288029.1	WP_011014492.1	25.926	189	4.09e-10	57.0
WP_000288029.1	WP_011014154.1	33.981	206	4.45e-10	58.2
WP_000288029.1	WP_011013807.1	24.038	208	7.08e-10	56.2
WP_000288029.1	WP_003857536.1	30.539	167	9.31e-10	55.5
WP_000288029.1	WP_011265940.1	24.390	205	1.06e-09	55.8
WP_000288029.1	WP_003856990.1	28.426	197	1.07e-09	55.8
WP_000288029.1	WP_011015140.1	25.248	202	1.92e-09	55.8
WP_000288029.1	WP_011015118.1	27.368	190	2.68e-09	55.8
WP_000288029.1	WP_011014216.1	22.870	223	8.59e-09	53.5
WP_000288029.1	WP_011013968.1	27.411	197	1.57e-08	53.5
WP_000288029.1	WP_011015133.1	27.477	222	1.72e-08	53.5
WP_000288029.1	WP_011015133.1	24.870	193	3.75e-06	45.8
WP_000288029.1	WP_011015221.1	29.592	196	5.99e-08	50.4
WP_000288029.1	WP_011014443.1	28.019	207	1.00e-07	50.8
WP_000288029.1	WP_011014374.1	25.263	190	1.29e-07	49.3
WP_000288029.1	WP_020948580.1	25.714	140	3.13e-07	49.3
WP_000288029.1	WP_011013698.1	23.864	176	1.72e-06	46.2
WP_000288232.1	WP_003854549.1	40.945	127	9.34e-23	85.1
WP_000290025.1	WP_011015457.1	35.772	123	1.96e-08	50.8
WP_000291875.1	WP_003855650.1	44.218	147	7.06e-35	116
WP_000301212.1	WP_011014203.1	29.467	319	2.73e-37	131
WP_000323352.1	WP_003855103.1	39.556	225	1.32e-56	176
WP_000323352.1	WP_003860245.1	40.566	212	3.51e-52	167
WP_000323352.1	WP_011013931.1	40.639	219	1.03e-46	151
WP_000323352.1	WP_003857431.1	42.365	203	5.08e-44	145
WP_000323352.1	WP_003854632.1	38.384	198	3.45e-40	138
WP_000323352.1	WP_003858826.1	35.065	231	4.58e-37	127
WP_000323352.1	WP_003858089.1	35.814	215	1.67e-35	122
WP_000323352.1	WP_011013783.1	33.175	211	1.48e-34	120
WP_000323352.1	WP_003857536.1	33.333	210	5.99e-31	110
WP_000323352.1	WP_011015140.1	32.000	225	1.64e-30	112
WP_000323352.1	WP_011014327.1	32.258	217	9.79e-29	108
WP_000323352.1	WP_011013851.1	31.416	226	1.14e-27	104
WP_000323352.1	WP_011015040.1	33.166	199	1.57e-26	103
WP_000323352.1	WP_011015040.1	31.980	197	3.48e-24	96.7
WP_000323352.1	WP_011013996.1	33.526	173	3.58e-26	100
WP_000323352.1	WP_011013642.1	31.841	201	8.15e-26	99.8
WP_000323352.1	WP_011014850.1	32.692	208	3.20e-25	97.1
WP_000323352.1	WP_011014807.1	31.532	222	5.72e-25	99.0
WP_000323352.1	WP_011014807.1	28.139	231	1.55e-20	86.3
WP_000323352.1	WP_011014450.1	31.443	194	1.15e-24	96.7
WP_000323352.1	WP_011015284.1	31.527	203	7.62e-24	93.2
WP_000323352.1	WP_011265986.1	32.990	194	9.29e-24	95.9
WP_000323352.1	WP_011013479.1	30.279	251	1.46e-23	92.8
WP_000323352.1	WP_003856990.1	31.884	207	5.21e-23	90.5
WP_000323352.1	WP_011014379.1	30.645	186	1.02e-22	90.1
WP_000323352.1	WP_011015118.1	30.736	231	4.32e-22	90.9
WP_000323352.1	WP_011015118.1	30.049	203	1.44e-21	89.4
WP_000323352.1	WP_003862124.1	33.962	212	1.04e-21	89.4
WP_000323352.1	WP_003862124.1	29.730	185	1.17e-14	68.9
WP_000323352.1	WP_011013333.1	29.612	206	2.04e-21	86.3
WP_000323352.1	WP_011014212.1	29.032	217	5.08e-21	85.1
WP_000323352.1	WP_003856445.1	30.088	226	5.18e-21	85.5
WP_000323352.1	WP_011015020.1	29.487	234	1.82e-19	83.2
WP_000323352.1	WP_003861735.1	28.856	201	2.78e-19	80.9
WP_000323352.1	WP_011014492.1	31.863	204	6.27e-19	79.3
WP_000323352.1	WP_011014139.1	33.673	196	1.11e-18	81.3
WP_000323352.1	WP_011014139.1	27.536	207	1.48e-13	66.2
WP_000323352.1	WP_011013985.1	29.586	169	7.90e-18	76.3
WP_000323352.1	WP_011014233.1	28.571	217	8.52e-18	78.2
WP_000323352.1	WP_011014233.1	24.883	213	2.60e-12	62.0
WP_000323352.1	WP_011013807.1	29.703	202	1.01e-17	76.3
WP_000323352.1	WP_011013622.1	28.358	201	2.28e-17	75.5
WP_000323352.1	WP_011013712.1	30.244	205	4.96e-17	75.9
WP_000323352.1	WP_011013712.1	27.273	209	5.77e-13	63.9
WP_000323352.1	WP_011015221.1	35.859	198	5.49e-17	74.3
WP_000323352.1	WP_011013338.1	30.986	213	6.89e-17	73.9
WP_000323352.1	WP_011014424.1	29.187	209	9.70e-17	75.1
WP_000323352.1	WP_011013984.1	25.581	215	6.15e-16	71.2
WP_000323352.1	WP_011265940.1	30.159	189	3.73e-15	69.3
WP_000323352.1	WP_011013906.1	27.660	188	4.76e-15	68.9
WP_000323352.1	WP_011265869.1	30.570	193	1.66e-14	68.6
WP_000323352.1	WP_011014865.1	31.429	210	2.12e-14	68.2
WP_000323352.1	WP_011013802.1	29.064	203	2.50e-14	67.0
WP_000323352.1	WP_011014443.1	30.986	213	3.24e-14	67.8
WP_000323352.1	WP_011014374.1	25.641	195	4.21e-14	66.2
WP_000323352.1	WP_011015345.1	29.545	176	6.26e-14	66.2
WP_000323352.1	WP_011013698.1	26.667	210	4.31e-13	63.5
WP_000323352.1	WP_011014012.1	27.228	202	2.00e-12	62.4
WP_000323352.1	WP_011014362.1	26.339	224	3.71e-12	61.6
WP_000323352.1	WP_011014540.1	24.876	201	3.92e-12	59.7
WP_000323352.1	WP_011015261.1	26.562	192	3.97e-12	60.5
WP_000323352.1	WP_011015133.1	28.571	210	3.94e-11	58.5
WP_000323352.1	WP_011015133.1	25.000	176	5.06e-08	49.3
WP_000323352.1	WP_011014785.1	24.294	177	6.07e-11	57.0
WP_000323352.1	WP_011014011.1	25.688	218	7.54e-11	57.8
WP_000323352.1	WP_011013968.1	23.204	181	3.03e-10	55.8
WP_000323352.1	WP_011013968.1	26.042	192	3.39e-10	55.8
WP_000323352.1	WP_011014216.1	25.907	193	5.82e-10	54.7
WP_000323352.1	WP_004567959.1	28.342	187	1.74e-09	53.1
WP_000323352.1	WP_011013331.1	28.788	198	1.87e-09	52.4
WP_000323352.1	WP_011014319.1	34.409	93	1.22e-08	51.2
WP_000323352.1	WP_011265694.1	26.984	189	1.61e-08	50.8
WP_000323352.1	WP_011014000.1	33.696	92	2.27e-08	50.4
WP_000323352.1	WP_011014910.1	24.299	214	2.46e-08	50.4
WP_000323352.1	WP_011014910.1	24.138	174	7.83e-08	48.9
WP_000323352.1	WP_003856078.1	24.731	186	3.50e-08	49.3
WP_000323352.1	WP_020948580.1	33.750	80	4.23e-08	49.7
WP_000323352.1	WP_011265741.1	27.559	127	7.89e-08	48.5
WP_000323352.1	WP_011265658.1	26.341	205	6.48e-07	45.8
WP_000323352.1	WP_011014110.1	29.464	112	1.55e-06	45.1
WP_000323352.1	WP_011014110.1	33.696	92	4.29e-06	43.5
WP_000323352.1	WP_011014351.1	27.650	217	2.54e-06	44.3
WP_000331293.1	WP_004567953.1	56.599	394	2.95e-156	444
WP_000331494.1	WP_011013732.1	40.000	125	1.35e-23	86.3
WP_000331928.1	WP_003856083.1	38.202	89	8.27e-16	65.1
WP_000331980.1	WP_011014791.1	38.026	547	8.00e-126	382
WP_000334262.1	WP_011015000.1	37.161	627	1.05e-129	390
WP_000334262.1	WP_011265975.1	26.991	226	1.64e-12	66.2
WP_000339018.1	WP_031512456.1	42.365	203	3.85e-34	123
WP_000339018.1	WP_003853955.1	22.846	267	3.37e-19	84.0
WP_000339018.1	WP_011014511.1	33.158	190	1.61e-16	76.3
WP_000339018.1	WP_003858506.1	27.799	259	3.71e-16	74.7
WP_000339018.1	WP_011015468.1	24.561	285	3.10e-10	57.4
WP_000341106.1	WP_011013781.1	30.928	97	7.93e-10	56.6
WP_000341106.1	WP_011013594.1	30.108	93	5.31e-08	51.6
WP_000351912.1	WP_003863780.1	29.237	236	2.13e-17	76.3
WP_000354896.1	WP_003856096.1	64.286	448	0.0	560
WP_000356590.1	WP_011013783.1	40.394	203	1.72e-51	164
WP_000356590.1	WP_003860245.1	36.404	228	6.93e-51	164
WP_000356590.1	WP_003855103.1	36.652	221	3.01e-47	153
WP_000356590.1	WP_011013931.1	39.303	201	4.47e-46	150
WP_000356590.1	WP_003854632.1	34.434	212	1.61e-33	120
WP_000356590.1	WP_003858826.1	31.390	223	7.04e-31	111
WP_000356590.1	WP_003858089.1	34.466	206	7.13e-30	108
WP_000356590.1	WP_003857431.1	33.333	207	1.66e-29	107
WP_000356590.1	WP_011013642.1	34.975	203	2.61e-28	107
WP_000356590.1	WP_003857536.1	32.212	208	8.24e-27	100
WP_000356590.1	WP_011014379.1	34.562	217	4.57e-26	99.4
WP_000356590.1	WP_011015284.1	36.150	213	5.14e-26	99.4
WP_000356590.1	WP_011013996.1	33.990	203	3.59e-25	97.8
WP_000356590.1	WP_011014807.1	30.508	236	1.16e-24	98.6
WP_000356590.1	WP_011014807.1	26.389	216	1.71e-14	68.9
WP_000356590.1	WP_011014212.1	31.532	222	4.82e-24	93.2
WP_000356590.1	WP_011013479.1	31.683	202	1.09e-23	93.6
WP_000356590.1	WP_011014233.1	28.571	224	3.77e-23	94.0
WP_000356590.1	WP_011014233.1	29.577	213	1.41e-20	86.7
WP_000356590.1	WP_011014374.1	28.358	201	6.46e-23	90.5
WP_000356590.1	WP_011014850.1	29.954	217	2.55e-22	89.7
WP_000356590.1	WP_011013851.1	29.817	218	6.05e-22	89.4
WP_000356590.1	WP_011015140.1	29.680	219	1.21e-21	89.0
WP_000356590.1	WP_011014450.1	27.723	202	2.85e-21	87.4
WP_000356590.1	WP_011014492.1	28.755	233	5.30e-21	85.5
WP_000356590.1	WP_011013807.1	30.622	209	1.05e-20	84.7
WP_000356590.1	WP_003856990.1	27.572	243	1.24e-20	84.7
WP_000356590.1	WP_011015040.1	28.708	209	2.80e-20	85.9
WP_000356590.1	WP_011015040.1	31.250	224	1.70e-18	80.5
WP_000356590.1	WP_011015020.1	29.245	212	4.81e-20	85.1
WP_000356590.1	WP_011013622.1	31.373	204	7.34e-20	82.8
WP_000356590.1	WP_011265940.1	28.230	209	1.66e-19	81.6
WP_000356590.1	WP_011013331.1	27.317	205	2.70e-19	80.1
WP_000356590.1	WP_011265986.1	29.949	197	4.52e-19	82.4
WP_000356590.1	WP_011014443.1	29.817	218	5.94e-19	82.0
WP_000356590.1	WP_011013985.1	32.973	185	5.95e-19	79.3
WP_000356590.1	WP_011014327.1	29.146	199	1.67e-18	80.5
WP_000356590.1	WP_011013333.1	31.606	193	2.28e-18	78.2
WP_000356590.1	WP_011013698.1	29.493	217	3.39e-18	77.8
WP_000356590.1	WP_011015221.1	31.683	202	3.25e-17	75.1
WP_000356590.1	WP_011013802.1	25.472	212	4.15e-17	75.1
WP_000356590.1	WP_011014139.1	25.854	205	4.25e-17	77.0
WP_000356590.1	WP_011014139.1	28.986	207	9.12e-17	75.9
WP_000356590.1	WP_011015118.1	30.876	217	5.78e-17	76.3
WP_000356590.1	WP_011015118.1	30.435	207	3.50e-15	70.9
WP_000356590.1	WP_011013984.1	27.948	229	1.24e-16	73.2
WP_000356590.1	WP_011014785.1	32.203	177	1.39e-16	72.8
WP_000356590.1	WP_011013338.1	28.718	195	9.46e-16	71.2
WP_000356590.1	WP_003856445.1	27.751	209	2.82e-15	69.7
WP_000356590.1	WP_011265658.1	27.442	215	5.84e-14	67.4
WP_000356590.1	WP_003861735.1	24.880	209	6.02e-14	66.2
WP_000356590.1	WP_011013968.1	31.016	187	1.42e-13	66.2
WP_000356590.1	WP_011013968.1	27.103	214	2.81e-12	62.4
WP_000356590.1	WP_011015345.1	22.973	222	8.32e-13	63.2
WP_000356590.1	WP_003862124.1	29.319	191	8.85e-13	63.5
WP_000356590.1	WP_003862124.1	25.604	207	8.14e-08	48.9
WP_000356590.1	WP_011013906.1	28.571	203	1.38e-12	62.0
WP_000356590.1	WP_011015261.1	29.381	194	1.60e-11	58.9
WP_000356590.1	WP_011014216.1	25.641	195	4.40e-11	58.2
WP_000356590.1	WP_011014424.1	24.424	217	7.17e-11	58.2
WP_000356590.1	WP_011014089.1	29.756	205	7.41e-11	58.2
WP_000356590.1	WP_011265869.1	27.723	202	8.55e-11	57.8
WP_000356590.1	WP_011014540.1	24.490	196	1.94e-10	55.5
WP_000356590.1	WP_004567959.1	25.000	200	2.28e-10	56.2
WP_000356590.1	WP_011013712.1	25.352	213	2.52e-10	56.6
WP_000356590.1	WP_011013712.1	26.577	222	4.90e-09	52.8
WP_000356590.1	WP_011014012.1	29.612	206	4.62e-10	55.8
WP_000356590.1	WP_011013466.1	25.792	221	7.03e-10	54.3
WP_000356590.1	WP_011014011.1	23.041	217	4.34e-09	52.8
WP_000356590.1	WP_011015133.1	26.471	204	8.67e-09	52.0
WP_000356590.1	WP_011014910.1	22.523	222	9.04e-09	52.0
WP_000356590.1	WP_011014910.1	26.570	207	9.24e-08	48.9
WP_000356590.1	WP_011014000.1	35.802	81	1.69e-08	50.8
WP_000356590.1	WP_011014865.1	29.897	194	2.26e-08	50.4
WP_000356590.1	WP_011014154.1	30.573	157	1.05e-07	48.5
WP_000356590.1	WP_003856078.1	25.581	215	9.37e-07	45.1
WP_000356590.1	WP_020948580.1	34.328	67	2.27e-06	44.7
WP_000356590.1	WP_011014110.1	30.263	76	7.19e-06	43.1
WP_000358028.1	WP_011015212.1	43.943	421	7.01e-107	319
WP_000358028.1	WP_011013592.1	30.072	419	1.00e-31	122
WP_000358739.1	WP_011014475.1	29.167	144	3.64e-16	72.0
WP_000359134.1	WP_011014841.1	45.839	709	0.0	564
WP_000359134.1	WP_011014303.1	55.405	74	1.26e-16	79.7
WP_000359134.1	WP_011014303.1	45.333	75	9.67e-11	60.8
WP_000359282.1	WP_003862359.1	30.568	458	4.96e-52	179
WP_000360054.1	WP_011014439.1	26.329	771	4.34e-58	209
WP_000360054.1	WP_011015537.1	25.094	534	1.62e-30	124
WP_000360054.1	WP_011013619.1	25.600	500	6.55e-28	116
WP_000360054.1	WP_011015526.1	23.878	490	8.61e-21	94.0
WP_000360054.1	WP_011014176.1	23.611	504	1.25e-17	83.6
WP_000360054.1	WP_011013685.1	22.719	537	1.13e-11	64.3
WP_000361188.1	WP_011015233.1	26.287	544	5.85e-30	124
WP_000361188.1	WP_003863118.1	32.727	165	9.79e-17	77.4
WP_000366370.1	WP_011013907.1	29.444	360	1.04e-44	155
WP_000366370.1	WP_006285864.1	29.086	361	1.14e-42	149
WP_000366370.1	WP_003862691.1	26.146	371	1.92e-33	126
WP_000366370.1	WP_011015029.1	24.931	361	1.33e-21	91.7
WP_000366370.1	WP_011014123.1	21.763	363	1.11e-13	68.2
WP_000366370.1	WP_011013887.1	25.887	282	2.74e-11	61.2
WP_000366370.1	WP_011013481.1	22.564	195	1.53e-08	52.4
WP_000366713.1	WP_003862946.1	32.381	210	1.75e-19	84.3
WP_000370260.1	WP_011014214.1	38.042	623	3.07e-154	459
WP_000370260.1	WP_020948610.1	23.647	351	3.87e-18	84.3
WP_000370260.1	WP_011014893.1	26.214	103	1.76e-07	50.8
WP_000370376.1	WP_011015179.1	41.107	253	6.08e-65	201
WP_000372529.1	WP_011015314.1	35.294	136	2.87e-17	73.6
WP_000372529.1	WP_003853806.1	32.031	128	6.61e-17	72.0
WP_000375697.1	WP_011013594.1	23.246	228	3.91e-09	53.1
WP_000375697.1	WP_011013600.1	31.068	103	1.19e-08	51.2
WP_000376736.1	WP_011013678.1	36.598	194	2.29e-37	127
WP_000377893.1	WP_003857456.1	26.724	232	4.93e-13	62.8
WP_000377893.1	WP_011014105.1	26.160	237	3.64e-11	58.2
WP_000377893.1	WP_011013713.1	28.477	151	7.19e-08	48.9
WP_000380916.1	WP_011015316.1	48.370	184	9.41e-63	189
WP_000387344.1	WP_011015059.1	32.836	201	8.94e-23	88.6
WP_000387344.1	WP_011014841.1	37.705	61	2.24e-06	44.3
WP_000388524.1	WP_011015563.1	21.531	209	1.81e-06	46.6
WP_000390039.1	WP_003859459.1	28.728	456	9.58e-43	152
WP_000390039.1	WP_011014192.1	29.250	400	9.12e-41	148
WP_000390039.1	WP_011014371.1	28.928	401	1.86e-36	135
WP_000390039.1	WP_011014370.1	25.613	367	5.43e-27	107
WP_000390039.1	WP_011014191.1	22.985	335	2.03e-08	52.0
WP_000392544.1	WP_172820766.1	25.820	244	3.80e-06	45.4
WP_000392851.1	WP_003854856.1	25.833	240	2.53e-11	58.5
WP_000393812.1	WP_011014349.1	33.129	163	6.32e-24	90.5
WP_000395742.1	WP_011014898.1	34.450	209	3.10e-38	128
WP_000395957.1	WP_020948593.1	28.458	506	1.97e-34	134
WP_000397211.1	WP_011014382.1	25.888	197	2.11e-10	56.6
WP_000400073.1	WP_003860502.1	24.126	286	2.08e-11	59.3
WP_000400073.1	WP_011013973.1	23.464	179	2.85e-10	56.2
WP_000401326.1	WP_011014288.1	39.918	243	1.87e-45	148
WP_000401779.1	WP_011014801.1	23.279	305	1.79e-12	63.5
WP_000402984.1	WP_011014766.1	28.777	139	1.68e-10	54.7
WP_000403193.1	WP_003856488.1	36.860	293	1.67e-56	181
WP_000403193.1	WP_011013558.1	32.639	288	8.57e-35	124
WP_000403193.1	WP_011015513.1	26.383	235	5.64e-12	61.6
WP_000406247.1	WP_011013344.1	33.051	236	2.29e-29	111
WP_000410378.1	WP_003855307.1	43.529	255	2.00e-64	202
WP_000411764.1	WP_011014246.1	47.415	561	0.0	528
WP_000411764.1	WP_011015247.1	28.386	539	1.16e-47	171
WP_000411764.1	WP_011013434.1	26.160	539	4.06e-39	148
WP_000412220.1	WP_003856004.1	39.796	98	1.32e-14	63.5
WP_000412220.1	WP_003862894.1	35.246	122	1.30e-10	53.1
WP_000412280.1	WP_011265689.1	22.747	233	1.11e-06	46.2
WP_000412453.1	WP_003857593.1	25.526	333	3.17e-28	108
WP_000412453.1	WP_011013442.1	24.116	311	2.32e-17	78.2
WP_000412453.1	WP_011013448.1	26.636	214	6.56e-16	73.9
WP_000412453.1	WP_011015259.1	24.709	344	4.69e-15	71.6
WP_000412453.1	WP_011014311.1	30.061	163	4.83e-14	68.6
WP_000412453.1	WP_011014232.1	26.462	325	2.71e-13	66.2
WP_000413762.1	WP_003856229.1	25.517	145	4.33e-06	43.1
WP_000414968.1	WP_011013848.1	28.261	230	3.10e-18	82.0
WP_000414968.1	WP_004567523.1	24.000	250	7.79e-13	65.1
WP_000414968.1	WP_011265737.1	29.134	127	9.55e-08	49.7
WP_000415103.1	WP_003858849.1	38.973	331	2.14e-78	239
WP_000417464.1	WP_011014055.1	28.706	425	3.21e-48	167
WP_000421646.1	WP_011014364.1	24.954	545	9.48e-28	114
WP_000423417.1	WP_011265577.1	35.862	145	4.76e-23	86.7
WP_000435455.1	WP_011015391.1	26.239	343	1.68e-24	101
WP_000435455.1	WP_011014057.1	27.273	341	4.15e-21	91.3
WP_000436195.1	WP_011014093.1	20.741	405	2.78e-16	76.6
WP_000436195.1	WP_011015071.1	20.782	409	1.20e-15	74.7
WP_000436243.1	WP_011014093.1	21.027	409	2.91e-15	73.6
WP_000436243.1	WP_011015071.1	20.782	409	1.21e-14	71.6
WP_000436393.1	WP_011014093.1	21.707	410	1.32e-15	74.7
WP_000436393.1	WP_011015071.1	21.287	404	5.33e-15	72.8
WP_000436399.1	WP_011014093.1	21.951	410	3.55e-16	76.3
WP_000436399.1	WP_011015071.1	21.535	404	1.76e-15	74.3
WP_000436400.1	WP_011014093.1	21.951	410	2.71e-16	76.6
WP_000436400.1	WP_011015071.1	21.535	404	1.43e-15	74.7
WP_000436413.1	WP_011014093.1	21.376	407	1.27e-15	74.7
WP_000436413.1	WP_011015071.1	20.948	401	5.27e-15	72.8
WP_000438289.1	WP_003859294.1	45.985	137	2.66e-40	128
WP_000439625.1	WP_011015581.1	36.573	391	6.43e-62	206
WP_000439625.1	WP_011265665.1	30.526	380	2.76e-52	182
WP_000439625.1	WP_011014263.1	32.536	209	9.15e-24	99.0
WP_000440254.1	WP_041625511.1	28.105	153	6.24e-10	54.3
WP_000440801.1	WP_003854306.1	56.627	83	7.55e-28	93.6
WP_000443750.1	WP_011265642.1	32.456	114	8.46e-12	58.2
WP_000443880.1	WP_011014781.1	34.615	156	2.08e-22	89.0
WP_000443880.1	WP_003858824.1	28.652	178	7.22e-17	74.3
WP_000443880.1	WP_011014780.1	28.440	218	1.69e-13	63.9
WP_000444041.1	WP_011013899.1	26.201	229	2.71e-19	81.6
WP_000444041.1	WP_011014746.1	29.500	200	7.15e-16	72.0
WP_000444041.1	WP_011013898.1	35.714	98	1.45e-08	50.8
WP_000444041.1	WP_003862394.1	33.333	66	4.61e-07	46.2
WP_000444041.1	WP_003861968.1	23.415	205	5.74e-07	45.8
WP_000444456.1	WP_011014833.1	32.061	262	2.80e-30	113
WP_000444456.1	WP_011014350.1	24.150	294	2.69e-16	74.7
WP_000444642.1	WP_003854626.1	38.756	209	2.10e-24	93.6
WP_000446975.1	WP_011013781.1	34.043	94	1.59e-12	63.2
WP_000446975.1	WP_011013594.1	28.205	117	2.31e-10	57.4
WP_000446975.1	WP_011013600.1	30.612	98	3.99e-10	56.2
WP_000446975.1	WP_003856192.1	27.928	111	2.12e-06	44.7
WP_000447990.1	WP_011013652.1	31.897	232	2.15e-24	94.4
WP_000448724.1	WP_011014741.1	25.177	282	2.07e-08	52.0
WP_000451370.1	WP_011015189.1	52.077	313	5.44e-116	335
WP_000451584.1	WP_011015350.1	48.758	322	2.68e-96	289
WP_000453137.1	WP_003853955.1	25.547	274	3.18e-17	78.2
WP_000453137.1	WP_011015468.1	34.177	79	4.72e-09	53.9
WP_000453137.1	WP_011015468.1	31.325	83	1.63e-07	48.9
WP_000453137.1	WP_003858506.1	22.695	282	3.45e-07	47.8
WP_000454435.1	WP_011015583.1	28.540	452	6.45e-36	136
WP_000455291.1	WP_011015273.1	30.588	340	9.36e-27	108
WP_000455420.1	WP_011014326.1	26.923	182	1.19e-08	53.1
WP_000455420.1	WP_011015138.1	24.126	286	1.02e-07	50.1
WP_000455867.1	WP_003857164.1	39.655	58	2.01e-07	42.7
WP_000460943.1	WP_011015584.1	34.426	122	4.73e-17	78.2
WP_000464332.1	WP_011265933.1	31.415	417	1.11e-50	175
WP_000465397.1	WP_003854402.1	38.117	446	1.23e-88	273
WP_000466719.1	WP_011015010.1	43.333	240	2.26e-66	202
WP_000466719.1	WP_003856785.1	37.975	237	1.00e-51	166
WP_000468583.1	WP_011014382.1	31.285	179	5.66e-23	92.8
WP_000468583.1	WP_011014839.1	33.051	118	4.38e-14	65.1
WP_000470785.1	WP_011014924.1	34.153	366	2.43e-52	173
WP_000473965.1	WP_011265854.1	22.596	416	3.51e-06	45.4
WP_000488675.1	WP_011013816.1	45.982	448	4.22e-119	371
WP_000488675.1	WP_011013826.1	43.088	434	1.63e-117	353
WP_000488675.1	WP_003862217.1	23.600	250	2.21e-07	49.7
WP_000489782.1	WP_011013871.1	38.305	838	0.0	548
WP_000489782.1	WP_011014367.1	33.008	718	1.09e-109	348
WP_000489836.1	WP_011014057.1	28.713	202	3.19e-20	88.2
WP_000489836.1	WP_011015391.1	27.483	302	1.12e-18	83.6
WP_000491790.1	WP_011013525.1	30.263	228	5.75e-23	97.4
WP_000491790.1	WP_003855497.1	28.085	235	6.25e-22	94.0
WP_000491790.1	WP_011015245.1	33.043	230	8.61e-22	94.0
WP_000491790.1	WP_011015529.1	32.759	116	1.94e-17	80.1
WP_000491790.1	WP_011013941.1	24.180	244	3.29e-15	73.6
WP_000491790.1	WP_011015290.1	22.656	256	4.82e-13	66.6
WP_000491790.1	WP_179300924.1	24.314	255	9.09e-12	63.2
WP_000493842.1	WP_011014470.1	44.615	195	6.40e-55	171
WP_000497691.1	WP_003854314.1	50.980	102	1.67e-26	90.9
WP_000500038.1	WP_011014507.1	39.636	275	6.70e-40	141
WP_000502545.1	WP_011015273.1	27.027	444	2.43e-34	129
WP_000506419.1	WP_011014011.1	59.111	225	6.60e-86	269
WP_000506419.1	WP_011015020.1	42.478	226	1.25e-59	199
WP_000506419.1	WP_011014139.1	37.611	226	7.86e-44	157
WP_000506419.1	WP_011014139.1	31.897	232	5.89e-30	117
WP_000506419.1	WP_011014012.1	27.219	338	2.17e-42	151
WP_000506419.1	WP_011014362.1	33.333	225	9.27e-34	127
WP_000506419.1	WP_011014424.1	32.727	220	2.88e-30	117
WP_000506419.1	WP_011265658.1	32.057	209	2.71e-28	112
WP_000506419.1	WP_003854632.1	30.841	214	5.52e-17	77.4
WP_000506419.1	WP_003854632.1	32.857	70	1.15e-06	46.2
WP_000506419.1	WP_003857431.1	30.049	203	1.16e-16	75.1
WP_000506419.1	WP_011013807.1	28.959	221	1.29e-14	69.3
WP_000506419.1	WP_003858826.1	26.577	222	2.83e-14	68.2
WP_000506419.1	WP_011265869.1	28.877	187	4.34e-14	69.3
WP_000506419.1	WP_011014865.1	30.769	169	5.22e-14	69.3
WP_000506419.1	WP_011013906.1	25.926	216	6.61e-14	67.0
WP_000506419.1	WP_011013338.1	27.619	210	7.13e-14	67.0
WP_000506419.1	WP_011013642.1	28.922	204	1.79e-13	67.0
WP_000506419.1	WP_011014807.1	24.727	275	8.37e-13	65.5
WP_000506419.1	WP_011014807.1	27.907	215	2.58e-10	57.8
WP_000506419.1	WP_011015118.1	28.571	224	2.91e-12	63.9
WP_000506419.1	WP_011015118.1	27.426	237	2.61e-07	48.5
WP_000506419.1	WP_011014492.1	24.779	226	3.21e-12	62.4
WP_000506419.1	WP_011013851.1	27.619	210	4.85e-12	62.4
WP_000506419.1	WP_011014450.1	27.317	205	1.42e-11	61.2
WP_000506419.1	WP_011014327.1	29.139	151	2.04e-11	60.8
WP_000506419.1	WP_011014154.1	35.260	173	2.99e-11	60.8
WP_000506419.1	WP_011013984.1	25.000	200	7.52e-11	58.2
WP_000506419.1	WP_011014850.1	27.426	237	7.69e-11	58.5
WP_000506419.1	WP_011013931.1	26.601	203	1.12e-10	57.4
WP_000506419.1	WP_011013931.1	27.381	84	3.44e-07	47.0
WP_000506419.1	WP_011013622.1	22.907	227	1.41e-10	57.8
WP_000506419.1	WP_011013698.1	26.636	214	2.27e-10	57.0
WP_000506419.1	WP_003855103.1	26.293	232	3.42e-10	55.8
WP_000506419.1	WP_003855103.1	30.682	88	5.92e-07	46.2
WP_000506419.1	WP_011013479.1	26.636	214	5.61e-10	56.2
WP_000506419.1	WP_011015284.1	25.352	213	6.06e-10	55.8
WP_000506419.1	WP_011015140.1	25.366	205	7.43e-10	56.2
WP_000506419.1	WP_011014000.1	36.937	111	1.37e-09	55.5
WP_000506419.1	WP_011014212.1	27.692	195	1.46e-09	54.3
WP_000506419.1	WP_011265940.1	26.201	229	3.17e-09	53.5
WP_000506419.1	WP_011015040.1	24.286	210	3.86e-09	53.9
WP_000506419.1	WP_011015040.1	26.728	217	2.33e-08	51.6
WP_000506419.1	WP_011014379.1	25.112	223	4.98e-09	52.8
WP_000506419.1	WP_003856078.1	34.066	91	5.00e-09	52.8
WP_000506419.1	WP_011014374.1	24.885	217	1.72e-08	51.2
WP_000506419.1	WP_011014233.1	25.097	259	2.24e-08	51.6
WP_000506419.1	WP_003858089.1	23.810	252	2.70e-08	50.4
WP_000506419.1	WP_011013783.1	23.214	224	6.27e-08	49.3
WP_000506419.1	WP_003856445.1	24.771	218	6.75e-08	49.3
WP_000506419.1	WP_011013996.1	24.286	210	7.89e-08	49.7
WP_000506419.1	WP_011265986.1	26.724	232	8.32e-08	50.1
WP_000506419.1	WP_003856990.1	24.038	208	5.60e-07	46.6
WP_000506419.1	WP_020948580.1	30.769	117	8.82e-07	47.0
WP_000506419.1	WP_011015345.1	24.121	199	1.69e-06	45.4
WP_000506419.1	WP_003861735.1	26.087	207	2.18e-06	45.1
WP_000506419.1	WP_011015221.1	24.752	202	2.20e-06	44.7
WP_000506419.1	WP_003857536.1	24.138	203	2.49e-06	44.3
WP_000506419.1	WP_011013333.1	23.392	171	8.44e-06	43.1
WP_000509847.1	WP_011013652.1	31.064	235	2.86e-22	89.0
WP_000509847.1	WP_011013320.1	32.632	190	7.81e-07	45.4
WP_000510412.1	WP_003854632.1	36.530	219	1.39e-34	124
WP_000510412.1	WP_011014807.1	37.156	218	1.34e-33	125
WP_000510412.1	WP_011014807.1	31.416	226	2.03e-17	78.2
WP_000510412.1	WP_011014379.1	34.310	239	2.52e-33	119
WP_000510412.1	WP_003858826.1	36.036	222	4.62e-33	118
WP_000510412.1	WP_003857431.1	35.185	216	7.26e-32	114
WP_000510412.1	WP_003858089.1	34.529	223	1.28e-31	114
WP_000510412.1	WP_011015118.1	33.200	250	1.56e-31	119
WP_000510412.1	WP_011015118.1	32.340	235	2.68e-20	86.7
WP_000510412.1	WP_011015040.1	31.076	251	7.75e-31	116
WP_000510412.1	WP_011015040.1	29.907	214	2.22e-16	75.1
WP_000510412.1	WP_011013712.1	33.054	239	6.93e-29	111
WP_000510412.1	WP_011013712.1	32.727	220	1.12e-20	87.8
WP_000510412.1	WP_003855103.1	32.735	223	1.01e-27	103
WP_000510412.1	WP_011013642.1	32.203	236	2.13e-27	105
WP_000510412.1	WP_011014450.1	31.193	218	2.85e-27	104
WP_000510412.1	WP_011013698.1	34.562	217	8.41e-27	102
WP_000510412.1	WP_003862124.1	34.694	196	2.24e-26	103
WP_000510412.1	WP_003862124.1	32.461	191	2.10e-24	98.2
WP_000510412.1	WP_011265940.1	31.799	239	3.38e-26	100
WP_000510412.1	WP_011015020.1	29.487	234	4.14e-25	100
WP_000510412.1	WP_011013783.1	32.524	206	1.19e-23	93.2
WP_000510412.1	WP_011013931.1	31.507	219	1.30e-23	92.4
WP_000510412.1	WP_011014374.1	30.698	215	1.56e-23	92.8
WP_000510412.1	WP_011013479.1	32.719	217	1.99e-23	93.6
WP_000510412.1	WP_003860245.1	33.495	206	4.98e-23	92.4
WP_000510412.1	WP_011014212.1	35.644	202	6.68e-23	91.3
WP_000510412.1	WP_011013338.1	31.050	219	9.25e-23	91.3
WP_000510412.1	WP_011014785.1	34.783	184	2.02e-22	89.4
WP_000510412.1	WP_011013906.1	32.922	243	7.90e-22	88.6
WP_000510412.1	WP_011015140.1	29.665	209	3.50e-21	88.6
WP_000510412.1	WP_004567959.1	25.296	253	6.08e-21	87.0
WP_000510412.1	WP_011013802.1	30.328	244	1.60e-20	85.1
WP_000510412.1	WP_011013996.1	28.302	212	1.85e-20	85.5
WP_000510412.1	WP_011014327.1	29.237	236	2.06e-20	86.7
WP_000510412.1	WP_011014139.1	28.821	229	5.86e-20	86.3
WP_000510412.1	WP_011014139.1	26.104	249	1.20e-12	64.3
WP_000510412.1	WP_011014492.1	31.481	216	9.92e-20	82.8
WP_000510412.1	WP_011013807.1	33.180	217	1.25e-19	82.4
WP_000510412.1	WP_011013985.1	27.103	214	3.55e-19	80.9
WP_000510412.1	WP_011013622.1	28.511	235	3.60e-19	81.6
WP_000510412.1	WP_011014850.1	28.372	215	3.87e-19	81.6
WP_000510412.1	WP_011015284.1	24.481	241	8.13e-19	80.5
WP_000510412.1	WP_011013968.1	32.719	217	8.26e-19	82.4
WP_000510412.1	WP_011013968.1	28.571	189	3.17e-07	47.8
WP_000510412.1	WP_003856445.1	30.263	228	1.01e-18	80.1
WP_000510412.1	WP_011015221.1	30.769	247	3.97e-18	78.2
WP_000510412.1	WP_011265986.1	28.241	216	4.02e-18	80.5
WP_000510412.1	WP_011013851.1	28.440	218	8.46e-18	78.6
WP_000510412.1	WP_011014233.1	28.767	219	1.17e-17	79.0
WP_000510412.1	WP_011014233.1	23.581	229	7.23e-09	52.8
WP_000510412.1	WP_003857536.1	30.093	216	1.57e-17	76.3
WP_000510412.1	WP_011014216.1	29.524	210	2.12e-17	77.0
WP_000510412.1	WP_011013331.1	31.111	225	2.48e-17	75.5
WP_000510412.1	WP_011014362.1	30.172	232	7.95e-17	76.6
WP_000510412.1	WP_011015345.1	28.431	204	1.10e-16	75.1
WP_000510412.1	WP_003861735.1	23.735	257	3.44e-16	73.2
WP_000510412.1	WP_003856990.1	26.939	245	5.75e-16	72.4
WP_000510412.1	WP_011013984.1	30.137	219	3.90e-15	69.7
WP_000510412.1	WP_011014910.1	31.841	201	5.69e-15	70.9
WP_000510412.1	WP_011014910.1	27.717	184	8.37e-09	52.4
WP_000510412.1	WP_011013333.1	27.979	193	2.30e-14	67.8
WP_000510412.1	WP_011014540.1	25.604	207	3.12e-14	66.2
WP_000510412.1	WP_011014011.1	27.572	243	8.06e-14	67.8
WP_000510412.1	WP_011265869.1	29.148	223	1.66e-13	66.6
WP_000510412.1	WP_011013466.1	25.455	220	1.10e-12	63.2
WP_000510412.1	WP_011014865.1	32.584	178	2.33e-12	63.2
WP_000510412.1	WP_011265658.1	26.389	216	1.48e-11	60.8
WP_000510412.1	WP_011266014.1	35.556	90	4.09e-11	58.9
WP_000510412.1	WP_011014012.1	26.087	253	1.62e-10	57.8
WP_000510412.1	WP_011014424.1	25.417	240	1.80e-10	57.4
WP_000510412.1	WP_020948580.1	37.143	70	2.41e-09	53.9
WP_000510412.1	WP_011014443.1	26.111	180	5.15e-09	53.1
WP_000510412.1	WP_011014443.1	24.569	232	1.36e-08	51.6
WP_000510412.1	WP_011015133.1	29.677	155	6.18e-09	52.8
WP_000510412.1	WP_011015133.1	29.279	222	1.21e-08	52.0
WP_000510412.1	WP_011015261.1	30.047	213	2.00e-08	50.1
WP_000510412.1	WP_011014110.1	24.335	263	3.39e-07	47.8
WP_000510412.1	WP_011014319.1	33.333	87	8.52e-06	43.1
WP_000512911.1	WP_003854295.1	62.182	275	2.14e-105	304
WP_000514307.1	WP_011015272.1	35.232	667	1.53e-110	344
WP_000514307.1	WP_011014304.1	26.906	669	3.13e-63	218
WP_000515972.1	WP_003858289.1	46.117	206	2.02e-63	192
WP_000516207.1	WP_011014305.1	35.359	181	2.32e-23	89.4
WP_000518018.1	WP_011013940.1	33.188	229	1.59e-31	112
WP_000518018.1	WP_011013630.1	30.000	230	6.62e-29	105
WP_000518018.1	WP_011013867.1	33.480	227	1.33e-28	104
WP_000518018.1	WP_003863097.1	28.319	226	8.98e-27	99.8
WP_000518018.1	WP_011013524.1	31.466	232	3.93e-26	97.8
WP_000518018.1	WP_011015530.1	30.222	225	3.65e-23	90.5
WP_000518018.1	WP_003853866.1	28.384	229	2.94e-22	88.2
WP_000520642.1	WP_011013630.1	39.224	232	8.68e-50	159
WP_000520642.1	WP_011015530.1	37.281	228	4.38e-48	155
WP_000520642.1	WP_003863097.1	36.522	230	7.18e-45	147
WP_000520642.1	WP_011013940.1	36.000	225	2.31e-43	142
WP_000520642.1	WP_011013867.1	34.375	224	3.01e-39	132
WP_000520642.1	WP_003853866.1	32.444	225	2.93e-38	130
WP_000520642.1	WP_011013524.1	29.778	225	2.03e-31	111
WP_000521384.1	WP_011015029.1	29.737	380	4.47e-51	172
WP_000521384.1	WP_003862691.1	25.305	328	1.01e-19	86.7
WP_000521384.1	WP_011013907.1	23.301	309	7.24e-19	84.0
WP_000521384.1	WP_006285864.1	23.460	341	7.78e-16	74.7
WP_000521384.1	WP_011014880.1	21.036	309	4.40e-06	44.7
WP_000521411.1	WP_011013744.1	45.778	450	2.45e-111	332
WP_000521411.1	WP_003863574.1	28.821	458	2.06e-35	133
WP_000521411.1	WP_003858287.1	28.417	278	3.44e-13	67.8
WP_000522098.1	WP_003862124.1	25.459	436	7.69e-35	131
WP_000522098.1	WP_011013698.1	26.939	245	1.37e-22	93.6
WP_000522098.1	WP_011013698.1	26.667	210	2.86e-08	51.2
WP_000522098.1	WP_011013712.1	21.967	478	4.98e-22	95.5
WP_000522098.1	WP_011013712.1	24.186	215	9.99e-11	60.1
WP_000522098.1	WP_011013712.1	23.853	218	1.09e-08	53.5
WP_000522098.1	WP_011014807.1	23.742	497	2.85e-21	93.2
WP_000522098.1	WP_011014807.1	30.928	194	3.86e-19	86.7
WP_000522098.1	WP_011014807.1	25.263	190	1.28e-06	47.0
WP_000522098.1	WP_011013807.1	27.184	206	2.73e-19	84.0
WP_000522098.1	WP_011013807.1	25.877	228	1.10e-12	64.3
WP_000522098.1	WP_011015040.1	23.239	426	3.51e-19	86.3
WP_000522098.1	WP_011015040.1	28.019	207	6.09e-19	85.5
WP_000522098.1	WP_011015118.1	23.656	465	6.31e-19	85.9
WP_000522098.1	WP_011015140.1	27.014	211	7.06e-19	84.3
WP_000522098.1	WP_011013851.1	28.216	241	1.47e-18	83.2
WP_000522098.1	WP_011013851.1	25.676	148	3.79e-07	48.1
WP_000522098.1	WP_011013802.1	28.718	195	2.76e-18	81.3
WP_000522098.1	WP_003858089.1	27.083	192	3.08e-18	80.1
WP_000522098.1	WP_003854632.1	27.727	220	8.78e-18	80.9
WP_000522098.1	WP_003854632.1	25.683	183	1.40e-07	49.7
WP_000522098.1	WP_003855103.1	28.000	200	2.43e-17	77.4
WP_000522098.1	WP_003855103.1	27.103	107	2.01e-06	45.4
WP_000522098.1	WP_011013931.1	28.646	192	3.08e-17	77.0
WP_000522098.1	WP_011013931.1	26.220	164	4.09e-07	47.4
WP_000522098.1	WP_011014212.1	25.871	201	5.11e-17	77.0
WP_000522098.1	WP_011014212.1	25.234	214	2.37e-08	51.2
WP_000522098.1	WP_011013338.1	23.982	221	5.38e-17	77.0
WP_000522098.1	WP_003858826.1	24.645	211	5.80e-17	77.0
WP_000522098.1	WP_003858826.1	23.500	200	2.58e-10	57.4
WP_000522098.1	WP_003856445.1	30.435	207	6.64e-16	73.9
WP_000522098.1	WP_003860245.1	27.805	205	7.78e-16	74.3
WP_000522098.1	WP_003860245.1	29.577	142	5.43e-07	47.4
WP_000522098.1	WP_011013642.1	25.581	215	4.65e-15	72.8
WP_000522098.1	WP_011013642.1	22.843	197	3.90e-07	48.1
WP_000522098.1	WP_011013622.1	29.524	210	1.79e-14	70.1
WP_000522098.1	WP_011013906.1	25.000	200	2.18e-14	69.3
WP_000522098.1	WP_011013906.1	25.824	182	9.96e-09	52.4
WP_000522098.1	WP_011014327.1	27.551	196	2.38e-14	70.9
WP_000522098.1	WP_011014327.1	25.478	157	4.60e-07	48.1
WP_000522098.1	WP_011013479.1	28.293	205	3.22e-14	69.7
WP_000522098.1	WP_011014450.1	27.174	184	1.33e-13	68.2
WP_000522098.1	WP_011014450.1	24.615	195	2.43e-10	58.2
WP_000522098.1	WP_011013984.1	25.641	195	1.55e-13	66.6
WP_000522098.1	WP_011013984.1	23.669	169	5.02e-07	47.4
WP_000522098.1	WP_011014374.1	26.667	195	1.67e-13	66.6
WP_000522098.1	WP_011014374.1	27.222	180	6.53e-09	53.1
WP_000522098.1	WP_003857431.1	24.468	188	2.27e-13	66.2
WP_000522098.1	WP_003857431.1	25.444	169	3.79e-11	59.7
WP_000522098.1	WP_011014233.1	23.025	443	4.95e-13	67.4
WP_000522098.1	WP_011014233.1	24.887	221	6.20e-11	60.8
WP_000522098.1	WP_011013783.1	24.752	202	5.21e-13	65.1
WP_000522098.1	WP_011014216.1	22.330	206	8.19e-13	65.5
WP_000522098.1	WP_011013985.1	29.630	189	1.18e-12	63.9
WP_000522098.1	WP_011013985.1	29.091	165	4.26e-12	62.4
WP_000522098.1	WP_011014785.1	28.161	174	1.86e-12	63.2
WP_000522098.1	WP_011014785.1	28.662	157	1.65e-09	54.7
WP_000522098.1	WP_011013996.1	29.000	200	4.97e-12	63.2
WP_000522098.1	WP_011013996.1	22.034	177	2.01e-07	48.9
WP_000522098.1	WP_011014492.1	26.500	200	6.43e-12	62.0
WP_000522098.1	WP_011014492.1	25.701	214	2.66e-07	48.1
WP_000522098.1	WP_011015284.1	28.042	189	1.51e-11	61.2
WP_000522098.1	WP_011015284.1	24.878	205	3.10e-10	57.4
WP_000522098.1	WP_003857536.1	26.829	205	3.84e-11	59.3
WP_000522098.1	WP_003857536.1	25.123	203	6.84e-08	49.7
WP_000522098.1	WP_011014379.1	26.852	216	4.22e-11	59.7
WP_000522098.1	WP_011014850.1	24.786	234	4.57e-11	60.1
WP_000522098.1	WP_011014850.1	28.488	172	1.42e-08	52.4
WP_000522098.1	WP_011015020.1	27.411	197	4.97e-11	61.2
WP_000522098.1	WP_003856990.1	26.733	202	5.76e-11	59.3
WP_000522098.1	WP_011015133.1	27.586	232	7.91e-11	60.5
WP_000522098.1	WP_011013333.1	28.108	185	3.59e-10	57.0
WP_000522098.1	WP_011013333.1	24.000	225	8.02e-07	46.6
WP_000522098.1	WP_011266014.1	25.118	211	9.67e-10	56.2
WP_000522098.1	WP_011266014.1	31.193	109	2.22e-06	45.8
WP_000522098.1	WP_011013331.1	25.128	195	9.83e-10	55.1
WP_000522098.1	WP_011013331.1	26.042	192	1.35e-07	48.5
WP_000522098.1	WP_011015221.1	25.991	227	1.12e-09	55.5
WP_000522098.1	WP_011015345.1	24.880	209	3.18e-09	54.7
WP_000522098.1	WP_011015345.1	26.590	173	1.25e-08	52.8
WP_000522098.1	WP_011014351.1	24.883	213	3.64e-09	55.1
WP_000522098.1	WP_004567959.1	26.829	246	9.32e-09	53.1
WP_000522098.1	WP_011265986.1	23.982	221	1.01e-08	53.9
WP_000522098.1	WP_011015261.1	24.868	189	1.69e-08	51.6
WP_000522098.1	WP_003861735.1	26.601	203	1.92e-08	52.0
WP_000522098.1	WP_011014110.1	24.280	243	3.71e-08	52.0
WP_000522098.1	WP_011014540.1	24.590	183	4.88e-08	49.7
WP_000522098.1	WP_011265940.1	22.798	193	5.79e-08	50.1
WP_000522098.1	WP_011014139.1	25.397	189	6.02e-08	51.6
WP_000522098.1	WP_011014139.1	23.980	196	8.77e-07	47.8
WP_000522098.1	WP_011014362.1	25.121	207	3.73e-07	48.9
WP_000522098.1	WP_011014012.1	20.918	196	8.21e-07	47.8
WP_000522098.1	WP_011014443.1	41.558	77	9.84e-07	47.4
WP_000522098.1	WP_011014443.1	26.250	160	2.15e-06	46.2
WP_000522098.1	WP_020948580.1	28.723	94	6.45e-06	44.7
WP_000522333.1	WP_011014855.1	36.493	422	9.89e-53	182
WP_000522333.1	WP_011014851.1	31.290	310	5.91e-30	118
WP_000523249.1	WP_042383447.1	51.641	701	0.0	736
WP_000526315.1	WP_011014158.1	22.943	401	1.98e-14	74.3
WP_000526315.1	WP_011015608.1	28.814	177	5.61e-09	57.0
WP_000529936.1	WP_003854298.1	55.349	215	1.23e-83	245
WP_000531723.1	WP_197526092.1	32.821	195	1.57e-23	90.1
WP_000532876.1	WP_011014520.1	38.912	239	4.18e-43	143
WP_000533766.1	WP_003854296.1	72.826	92	1.13e-47	144
WP_000536449.1	WP_011015221.1	55.253	257	1.41e-101	293
WP_000536449.1	WP_003857431.1	38.819	237	1.06e-46	152
WP_000536449.1	WP_003858826.1	37.449	243	3.41e-43	144
WP_000536449.1	WP_003854632.1	35.193	233	2.10e-39	136
WP_000536449.1	WP_011013338.1	34.632	231	1.42e-30	111
WP_000536449.1	WP_011013802.1	32.780	241	1.25e-29	108
WP_000536449.1	WP_011015284.1	30.328	244	2.71e-28	105
WP_000536449.1	WP_011014139.1	34.419	215	6.99e-27	105
WP_000536449.1	WP_011014139.1	25.439	228	2.41e-13	65.9
WP_000536449.1	WP_011014807.1	31.276	243	1.11e-26	104
WP_000536449.1	WP_011014807.1	28.926	242	8.66e-20	84.7
WP_000536449.1	WP_011265986.1	29.876	241	1.41e-26	104
WP_000536449.1	WP_011013479.1	27.953	254	1.86e-26	101
WP_000536449.1	WP_003858089.1	35.079	191	3.63e-26	98.6
WP_000536449.1	WP_011013642.1	29.457	258	1.00e-25	100
WP_000536449.1	WP_011014212.1	31.148	244	1.27e-24	95.1
WP_000536449.1	WP_011013783.1	30.932	236	6.47e-24	93.2
WP_000536449.1	WP_011013698.1	27.490	251	7.20e-24	93.6
WP_000536449.1	WP_011014327.1	27.615	239	2.42e-23	94.0
WP_000536449.1	WP_011015118.1	29.388	245	1.30e-22	92.8
WP_000536449.1	WP_011015118.1	27.347	245	4.52e-18	79.7
WP_000536449.1	WP_011013807.1	30.736	231	1.89e-22	89.7
WP_000536449.1	WP_011014011.1	30.137	219	3.43e-22	91.7
WP_000536449.1	WP_003860245.1	28.511	235	6.31e-22	88.6
WP_000536449.1	WP_003857536.1	30.000	230	6.59e-22	87.4
WP_000536449.1	WP_011014450.1	27.897	233	1.27e-21	88.6
WP_000536449.1	WP_011015140.1	25.692	253	1.81e-21	88.6
WP_000536449.1	WP_003856445.1	29.032	248	2.76e-21	86.7
WP_000536449.1	WP_003855103.1	31.481	216	4.93e-21	85.1
WP_000536449.1	WP_011015040.1	30.165	242	1.08e-20	87.0
WP_000536449.1	WP_011015040.1	29.752	242	4.97e-19	82.0
WP_000536449.1	WP_011015020.1	28.182	220	2.22e-19	83.6
WP_000536449.1	WP_011013331.1	33.486	218	4.45e-19	79.7
WP_000536449.1	WP_011014379.1	29.258	229	4.91e-19	80.5
WP_000536449.1	WP_011013985.1	28.261	230	1.11e-18	79.0
WP_000536449.1	WP_011013984.1	25.306	245	1.46e-18	78.6
WP_000536449.1	WP_011014492.1	28.261	230	1.99e-18	78.6
WP_000536449.1	WP_011013931.1	31.925	213	2.24e-18	77.8
WP_000536449.1	WP_011013996.1	28.378	222	8.98e-18	77.4
WP_000536449.1	WP_011014012.1	28.708	209	9.85e-18	78.6
WP_000536449.1	WP_011013851.1	24.675	231	1.49e-17	77.0
WP_000536449.1	WP_011014850.1	29.665	209	1.87e-17	76.3
WP_000536449.1	WP_011013333.1	27.230	213	3.85e-17	75.1
WP_000536449.1	WP_011014374.1	26.154	195	4.28e-17	74.7
WP_000536449.1	WP_003861735.1	25.806	248	1.08e-16	74.3
WP_000536449.1	WP_011014362.1	27.468	233	1.13e-16	75.5
WP_000536449.1	WP_003856990.1	27.039	233	7.00e-16	71.6
WP_000536449.1	WP_011013906.1	26.570	207	1.95e-15	70.1
WP_000536449.1	WP_003862124.1	27.895	190	6.49e-15	70.1
WP_000536449.1	WP_003862124.1	28.512	242	3.17e-13	65.1
WP_000536449.1	WP_011014233.1	26.786	224	1.06e-14	69.7
WP_000536449.1	WP_011014233.1	21.860	215	3.77e-07	47.0
WP_000536449.1	WP_011015345.1	23.874	222	1.48e-14	68.6
WP_000536449.1	WP_011013712.1	25.551	227	2.09e-14	68.9
WP_000536449.1	WP_011013712.1	25.837	209	2.90e-14	68.2
WP_000536449.1	WP_004567959.1	24.775	222	3.71e-14	67.0
WP_000536449.1	WP_011265940.1	26.407	231	1.04e-13	65.5
WP_000536449.1	WP_011014865.1	34.545	165	1.15e-13	66.6
WP_000536449.1	WP_011013622.1	24.454	229	8.18e-13	63.2
WP_000536449.1	WP_011265869.1	28.571	203	1.04e-12	63.5
WP_000536449.1	WP_011013466.1	25.000	232	1.29e-12	62.4
WP_000536449.1	WP_020948580.1	36.620	71	2.65e-12	62.4
WP_000536449.1	WP_011265658.1	26.522	230	7.44e-12	61.2
WP_000536449.1	WP_011014785.1	29.744	195	7.73e-12	59.7
WP_000536449.1	WP_011013968.1	24.312	218	3.34e-11	59.3
WP_000536449.1	WP_011014000.1	30.357	112	1.62e-10	57.0
WP_000536449.1	WP_011014443.1	24.390	205	1.66e-09	53.9
WP_000536449.1	WP_011015133.1	23.881	268	2.16e-09	53.9
WP_000536449.1	WP_011014540.1	22.886	201	8.64e-09	50.4
WP_000536449.1	WP_011014216.1	23.176	233	9.74e-09	51.2
WP_000536449.1	WP_011015261.1	26.484	219	4.19e-08	48.9
WP_000536449.1	WP_011014351.1	24.554	224	3.98e-07	47.0
WP_000536449.1	WP_011265741.1	32.857	70	4.54e-07	46.6
WP_000536449.1	WP_011014424.1	21.586	227	7.69e-07	46.2
WP_000536449.1	WP_003856078.1	24.793	242	7.92e-07	45.4
WP_000536449.1	WP_011266014.1	27.536	138	1.37e-06	45.1
WP_000536449.1	WP_011265694.1	27.778	126	1.65e-06	45.1
WP_000536449.1	WP_011014910.1	26.111	180	5.54e-06	43.5
WP_000536449.1	WP_011014089.1	37.500	64	6.68e-06	43.1
WP_000539991.1	WP_006286028.1	50.292	171	1.15e-51	161
WP_000542476.1	WP_011013506.1	39.080	348	1.31e-74	231
WP_000546887.1	WP_011014341.1	46.172	418	1.60e-127	371
WP_000548959.1	WP_011013940.1	33.188	229	2.06e-45	147
WP_000548959.1	WP_011013630.1	32.018	228	2.39e-44	145
WP_000548959.1	WP_003853866.1	29.911	224	5.37e-40	134
WP_000548959.1	WP_011013867.1	29.911	224	6.42e-35	120
WP_000548959.1	WP_011015530.1	29.148	223	1.72e-33	117
WP_000548959.1	WP_003863097.1	26.906	223	3.52e-30	108
WP_000548959.1	WP_011013524.1	30.088	226	2.37e-26	98.2
WP_000554859.1	WP_011265665.1	31.481	378	1.02e-45	167
WP_000554859.1	WP_011015581.1	31.111	270	3.02e-32	127
WP_000554859.1	WP_011014263.1	24.631	203	5.91e-10	57.8
WP_000558554.1	WP_011014201.1	24.138	145	3.37e-06	41.6
WP_000558901.1	WP_011013968.1	27.358	530	4.63e-41	152
WP_000558901.1	WP_011013968.1	30.660	212	5.88e-21	92.8
WP_000558901.1	WP_011013968.1	21.649	194	6.29e-08	51.6
WP_000558901.1	WP_011015133.1	24.427	524	1.71e-31	124
WP_000558901.1	WP_011015133.1	31.527	203	1.06e-15	76.3
WP_000558901.1	WP_011014089.1	28.037	428	4.14e-31	123
WP_000558901.1	WP_011014089.1	32.292	96	4.28e-09	55.1
WP_000558901.1	WP_011014089.1	27.179	195	1.39e-08	53.5
WP_000558901.1	WP_011014443.1	23.941	543	7.87e-29	116
WP_000558901.1	WP_011014443.1	35.366	82	7.38e-09	54.3
WP_000558901.1	WP_011014351.1	23.715	506	6.68e-23	98.2
WP_000558901.1	WP_011014910.1	24.319	551	1.15e-21	94.7
WP_000558901.1	WP_011014910.1	26.667	210	5.71e-10	58.2
WP_000558901.1	WP_011014212.1	30.058	173	3.86e-12	62.8
WP_000558901.1	WP_003856445.1	26.754	228	3.04e-11	60.5
WP_000558901.1	WP_011013698.1	27.551	196	6.89e-11	59.3
WP_000558901.1	WP_011013622.1	26.437	174	3.88e-10	57.0
WP_000558901.1	WP_003858089.1	25.620	242	5.87e-10	56.2
WP_000558901.1	WP_011014492.1	25.316	237	1.75e-09	55.1
WP_000558901.1	WP_011015345.1	28.837	215	2.44e-09	55.1
WP_000558901.1	WP_003861735.1	28.141	199	2.54e-09	54.7
WP_000558901.1	WP_011013931.1	26.000	200	4.03e-09	53.5
WP_000558901.1	WP_011014807.1	26.339	224	4.20e-09	55.1
WP_000558901.1	WP_011014807.1	26.570	207	2.81e-07	49.3
WP_000558901.1	WP_011015040.1	23.383	201	8.37e-09	54.3
WP_000558901.1	WP_011015040.1	23.834	193	3.23e-07	48.9
WP_000558901.1	WP_011013802.1	24.771	218	1.48e-08	52.4
WP_000558901.1	WP_003857536.1	26.540	211	2.07e-08	51.6
WP_000558901.1	WP_011014540.1	26.108	203	9.44e-08	48.9
WP_000558901.1	WP_011013338.1	27.711	166	1.00e-07	49.7
WP_000558901.1	WP_011013338.1	24.074	216	1.28e-06	46.2
WP_000558901.1	WP_003857431.1	24.138	232	1.13e-07	49.3
WP_000558901.1	WP_011265869.1	25.758	198	1.16e-07	50.4
WP_000558901.1	WP_011265869.1	24.194	186	1.89e-06	46.6
WP_000558901.1	WP_011013807.1	25.628	199	2.14e-07	48.9
WP_000558901.1	WP_003860245.1	26.776	183	3.02e-07	48.5
WP_000558901.1	WP_004567959.1	28.977	176	3.95e-07	48.1
WP_000558901.1	WP_003862124.1	28.467	137	4.64e-07	48.5
WP_000558901.1	WP_011015261.1	27.273	154	9.98e-07	46.2
WP_000558901.1	WP_011015261.1	26.455	189	3.90e-06	44.7
WP_000558901.1	WP_011014139.1	24.699	166	1.51e-06	47.4
WP_000558901.1	WP_011014327.1	26.846	149	2.20e-06	46.2
WP_000558901.1	WP_011013783.1	22.165	194	2.62e-06	45.1
WP_000558901.1	WP_011014379.1	24.607	191	3.63e-06	45.1
WP_000558901.1	WP_011014216.1	25.581	172	3.80e-06	45.1
WP_000558901.1	WP_011015140.1	24.540	163	4.36e-06	45.4
WP_000558901.1	WP_011013906.1	24.378	201	7.63e-06	43.9
WP_000558901.1	WP_020948580.1	37.209	86	8.33e-06	44.7
WP_000558901.1	WP_011014233.1	25.116	215	8.91e-06	44.7
WP_000559784.1	WP_011013330.1	33.466	251	2.77e-34	122
WP_000559784.1	WP_011015262.1	30.435	230	1.21e-16	74.7
WP_000561538.1	WP_011265882.1	32.902	772	2.70e-103	347
WP_000561538.1	WP_011013785.1	30.173	865	1.07e-101	340
WP_000565531.1	WP_003855103.1	31.481	216	1.10e-33	117
WP_000565531.1	WP_003857431.1	33.838	198	1.08e-32	115
WP_000565531.1	WP_003858826.1	33.937	221	1.84e-32	114
WP_000565531.1	WP_003860245.1	32.990	194	1.84e-30	110
WP_000565531.1	WP_003858089.1	33.333	216	2.78e-30	108
WP_000565531.1	WP_003854632.1	33.641	217	3.98e-28	105
WP_000565531.1	WP_011013931.1	33.161	193	6.52e-28	102
WP_000565531.1	WP_011013996.1	31.250	192	1.41e-26	100
WP_000565531.1	WP_003857536.1	30.693	202	3.04e-25	95.1
WP_000565531.1	WP_011014212.1	33.333	192	3.25e-25	95.5
WP_000565531.1	WP_011014327.1	37.179	156	2.19e-24	95.9
WP_000565531.1	WP_011013783.1	30.653	199	2.86e-23	90.1
WP_000565531.1	WP_011013642.1	32.323	198	2.18e-22	89.7
WP_000565531.1	WP_011014807.1	29.825	228	6.09e-22	89.7
WP_000565531.1	WP_011014807.1	26.316	209	3.20e-13	64.3
WP_000565531.1	WP_011014379.1	33.516	182	1.90e-21	85.9
WP_000565531.1	WP_011013333.1	27.228	202	2.19e-21	85.5
WP_000565531.1	WP_011014850.1	28.934	197	2.54e-21	85.9
WP_000565531.1	WP_011015020.1	31.658	199	3.66e-21	87.4
WP_000565531.1	WP_011014374.1	27.670	206	7.60e-20	81.3
WP_000565531.1	WP_011013712.1	33.333	189	8.46e-20	83.6
WP_000565531.1	WP_011014139.1	30.151	199	9.22e-20	83.6
WP_000565531.1	WP_011014139.1	26.702	191	1.38e-16	74.3
WP_000565531.1	WP_011015284.1	32.558	172	9.28e-20	81.6
WP_000565531.1	WP_011015140.1	33.113	151	3.53e-19	81.3
WP_000565531.1	WP_011013802.1	30.645	186	5.76e-19	79.3
WP_000565531.1	WP_011013985.1	28.643	199	6.21e-19	78.6
WP_000565531.1	WP_011014233.1	25.000	208	1.11e-18	80.1
WP_000565531.1	WP_011014233.1	27.835	194	4.93e-17	75.5
WP_000565531.1	WP_011013622.1	28.061	196	2.67e-18	77.4
WP_000565531.1	WP_011015040.1	30.102	196	3.03e-18	79.0
WP_000565531.1	WP_011015040.1	27.322	183	1.65e-11	59.3
WP_000565531.1	WP_011013338.1	27.830	212	3.45e-18	77.0
WP_000565531.1	WP_011014443.1	28.718	195	1.17e-17	77.4
WP_000565531.1	WP_011014443.1	28.125	224	2.08e-09	53.1
WP_000565531.1	WP_011014450.1	28.497	193	1.47e-17	76.3
WP_000565531.1	WP_011013851.1	30.323	155	2.58e-17	75.5
WP_000565531.1	WP_011015118.1	29.902	204	3.59e-17	75.9
WP_000565531.1	WP_011015118.1	30.588	170	2.49e-15	70.5
WP_000565531.1	WP_003856990.1	28.708	209	9.60e-17	73.2
WP_000565531.1	WP_003861735.1	24.121	199	2.87e-16	72.0
WP_000565531.1	WP_011013479.1	31.928	166	4.00e-16	72.0
WP_000565531.1	WP_011265986.1	29.648	199	6.02e-16	72.4
WP_000565531.1	WP_011013968.1	27.982	218	1.43e-15	71.2
WP_000565531.1	WP_011013968.1	30.000	170	6.89e-11	57.4
WP_000565531.1	WP_011015261.1	31.313	198	2.61e-15	68.6
WP_000565531.1	WP_003856445.1	28.125	192	3.43e-15	68.9
WP_000565531.1	WP_011014011.1	26.289	194	5.11e-15	69.7
WP_000565531.1	WP_011015221.1	31.401	207	1.04e-14	67.4
WP_000565531.1	WP_003862124.1	28.646	192	3.04e-14	67.0
WP_000565531.1	WP_003862124.1	29.798	198	2.68e-11	58.5
WP_000565531.1	WP_011013906.1	25.229	218	5.83e-14	65.5
WP_000565531.1	WP_011014492.1	29.082	196	6.51e-14	65.1
WP_000565531.1	WP_011013698.1	25.980	204	6.71e-14	65.1
WP_000565531.1	WP_011014216.1	27.315	216	1.13e-13	65.1
WP_000565531.1	WP_011015345.1	23.232	198	1.26e-13	65.1
WP_000565531.1	WP_011014424.1	26.667	210	1.53e-13	65.5
WP_000565531.1	WP_011013331.1	25.701	214	3.27e-13	62.8
WP_000565531.1	WP_011013807.1	26.633	199	3.61e-13	63.2
WP_000565531.1	WP_011014865.1	28.655	171	5.72e-13	63.5
WP_000565531.1	WP_004567959.1	25.521	192	7.58e-13	62.8
WP_000565531.1	WP_011014785.1	28.796	191	1.58e-12	60.8
WP_000565531.1	WP_011014319.1	34.091	132	1.76e-12	62.4
WP_000565531.1	WP_011014319.1	34.091	88	2.20e-08	50.1
WP_000565531.1	WP_011014110.1	34.579	107	2.55e-12	61.6
WP_000565531.1	WP_011014110.1	34.444	90	1.75e-11	59.3
WP_000565531.1	WP_011265869.1	29.592	196	2.90e-12	61.6
WP_000565531.1	WP_011013984.1	24.752	202	1.60e-11	58.2
WP_000565531.1	WP_011265940.1	25.269	186	1.90e-11	58.2
WP_000565531.1	WP_011014012.1	25.397	189	2.26e-11	58.9
WP_000565531.1	WP_011014362.1	23.148	216	7.40e-10	54.3
WP_000565531.1	WP_011014910.1	23.387	248	8.94e-10	54.3
WP_000565531.1	WP_011015133.1	28.962	183	1.21e-09	53.9
WP_000565531.1	WP_011015133.1	25.110	227	4.29e-08	49.3
WP_000565531.1	WP_011014540.1	28.431	204	1.85e-08	49.3
WP_000565531.1	WP_011265658.1	24.645	211	6.16e-08	48.5
WP_000565531.1	WP_011265694.1	26.702	191	4.04e-07	46.2
WP_000565531.1	WP_011014154.1	30.769	182	8.35e-07	45.4
WP_000565531.1	WP_020948580.1	37.500	64	1.59e-06	44.3
WP_000568640.1	WP_003855973.1	36.216	185	3.89e-37	124
WP_000568988.1	WP_011013731.1	46.452	310	2.58e-88	264
WP_000569196.1	WP_003861735.1	30.932	236	1.55e-41	140
WP_000569196.1	WP_004567959.1	32.143	252	1.06e-36	128
WP_000569196.1	WP_011013996.1	32.110	218	3.50e-36	127
WP_000569196.1	WP_011014450.1	29.817	218	3.64e-30	111
WP_000569196.1	WP_003854632.1	26.316	247	9.84e-30	110
WP_000569196.1	WP_011015345.1	29.384	211	1.97e-29	109
WP_000569196.1	WP_011014850.1	32.035	231	1.78e-27	103
WP_000569196.1	WP_011013985.1	27.477	222	9.18e-27	100
WP_000569196.1	WP_011014374.1	30.804	224	2.70e-26	99.4
WP_000569196.1	WP_003858826.1	28.968	252	6.66e-26	98.6
WP_000569196.1	WP_003857431.1	29.302	215	1.30e-24	95.1
WP_000569196.1	WP_011013698.1	27.434	226	1.76e-24	95.1
WP_000569196.1	WP_011014327.1	27.660	235	6.98e-24	95.5
WP_000569196.1	WP_011013807.1	26.000	250	2.65e-22	89.0
WP_000569196.1	WP_011013906.1	29.075	227	1.20e-21	87.0
WP_000569196.1	WP_011013984.1	25.203	246	3.98e-21	85.5
WP_000569196.1	WP_011013479.1	28.070	228	9.85e-21	85.5
WP_000569196.1	WP_011014807.1	27.530	247	2.64e-20	86.3
WP_000569196.1	WP_011014807.1	25.877	228	3.08e-15	71.2
WP_000569196.1	WP_011013851.1	27.830	212	4.77e-20	84.0
WP_000569196.1	WP_003855103.1	27.027	222	8.85e-20	81.6
WP_000569196.1	WP_011015140.1	27.692	260	5.87e-19	81.6
WP_000569196.1	WP_011015040.1	28.054	221	1.67e-18	80.5
WP_000569196.1	WP_011015040.1	24.569	232	5.48e-16	73.2
WP_000569196.1	WP_011013338.1	26.339	224	2.26e-18	78.6
WP_000569196.1	WP_003858089.1	26.818	220	2.29e-18	77.8
WP_000569196.1	WP_011013802.1	26.126	222	2.47e-18	78.6
WP_000569196.1	WP_011013642.1	27.679	224	3.58e-18	79.0
WP_000569196.1	WP_011014379.1	25.098	255	3.68e-18	78.2
WP_000569196.1	WP_011013331.1	28.095	210	7.18e-18	76.3
WP_000569196.1	WP_011013712.1	26.160	237	3.06e-17	77.0
WP_000569196.1	WP_011013712.1	22.901	262	7.54e-10	55.1
WP_000569196.1	WP_011014540.1	25.500	200	5.33e-16	70.9
WP_000569196.1	WP_003856445.1	25.551	227	5.35e-16	72.0
WP_000569196.1	WP_011015118.1	27.692	260	7.03e-16	73.2
WP_000569196.1	WP_011015118.1	22.430	214	2.10e-12	62.8
WP_000569196.1	WP_011014233.1	25.225	222	7.50e-16	72.8
WP_000569196.1	WP_011014233.1	26.341	205	2.79e-13	65.5
WP_000569196.1	WP_011013466.1	25.652	230	7.53e-16	71.6
WP_000569196.1	WP_011014139.1	30.734	218	8.27e-16	73.2
WP_000569196.1	WP_011014139.1	26.728	217	5.84e-13	64.7
WP_000569196.1	WP_011265940.1	27.632	228	1.59e-15	70.5
WP_000569196.1	WP_011015221.1	25.490	255	2.22e-15	70.1
WP_000569196.1	WP_011265986.1	26.087	230	2.34e-15	71.6
WP_000569196.1	WP_011014212.1	27.523	218	2.91e-15	69.7
WP_000569196.1	WP_011014492.1	24.896	241	3.03e-15	69.7
WP_000569196.1	WP_003857536.1	27.962	211	6.17e-15	68.6
WP_000569196.1	WP_011013931.1	28.182	220	1.17e-14	67.4
WP_000569196.1	WP_011015284.1	26.840	231	2.21e-14	67.4
WP_000569196.1	WP_011013333.1	26.721	247	2.58e-14	67.0
WP_000569196.1	WP_003856990.1	26.984	252	3.67e-14	66.6
WP_000569196.1	WP_011014910.1	26.908	249	6.33e-14	67.4
WP_000569196.1	WP_011013622.1	28.163	245	8.16e-14	65.9
WP_000569196.1	WP_011014362.1	25.221	226	1.44e-13	66.2
WP_000569196.1	WP_003860245.1	25.561	223	3.41e-13	64.3
WP_000569196.1	WP_011015020.1	27.391	230	4.75e-13	64.7
WP_000569196.1	WP_011014785.1	25.106	235	3.33e-12	60.8
WP_000569196.1	WP_011014012.1	23.581	229	4.39e-12	62.0
WP_000569196.1	WP_011015261.1	27.536	207	1.46e-11	58.9
WP_000569196.1	WP_011014351.1	26.754	228	1.78e-11	60.1
WP_000569196.1	WP_011013968.1	28.743	167	2.92e-11	59.3
WP_000569196.1	WP_011013968.1	26.222	225	1.61e-08	51.2
WP_000569196.1	WP_011013783.1	24.359	234	1.83e-10	55.8
WP_000569196.1	WP_003862124.1	25.854	205	5.60e-10	55.5
WP_000569196.1	WP_003862124.1	26.316	190	5.34e-08	49.3
WP_000569196.1	WP_011014216.1	26.293	232	5.81e-10	55.1
WP_000569196.1	WP_011014443.1	26.724	232	7.15e-10	55.1
WP_000569196.1	WP_011014424.1	24.786	234	7.22e-09	52.4
WP_000569196.1	WP_011265658.1	25.551	227	1.51e-08	51.2
WP_000569196.1	WP_011014011.1	24.034	233	1.87e-08	50.8
WP_000569196.1	WP_003856078.1	25.909	220	2.43e-08	49.7
WP_000569196.1	WP_011015133.1	25.957	235	8.37e-07	45.8
WP_000569196.1	WP_011014089.1	26.341	205	1.18e-06	45.4
WP_000569828.1	WP_003860686.1	26.230	122	1.94e-08	47.4
WP_000571273.1	WP_003855103.1	31.651	218	4.07e-34	118
WP_000571273.1	WP_003857431.1	33.962	212	4.49e-34	118
WP_000571273.1	WP_003858089.1	35.323	201	1.63e-33	116
WP_000571273.1	WP_011013931.1	32.558	215	1.44e-32	114
WP_000571273.1	WP_003860245.1	34.694	196	7.05e-31	111
WP_000571273.1	WP_011013333.1	30.151	199	1.92e-30	109
WP_000571273.1	WP_003858826.1	31.532	222	4.29e-30	108
WP_000571273.1	WP_011014327.1	34.503	171	3.04e-27	103
WP_000571273.1	WP_003854632.1	31.527	203	1.91e-25	98.2
WP_000571273.1	WP_011015020.1	30.594	219	5.24e-22	90.1
WP_000571273.1	WP_011014233.1	27.700	213	1.92e-21	88.2
WP_000571273.1	WP_011014233.1	24.312	218	9.04e-18	77.4
WP_000571273.1	WP_003857536.1	31.100	209	2.81e-21	84.7
WP_000571273.1	WP_011013996.1	29.167	192	4.53e-21	85.5
WP_000571273.1	WP_011015221.1	31.674	221	4.58e-21	84.7
WP_000571273.1	WP_011013906.1	32.673	202	5.37e-21	84.3
WP_000571273.1	WP_011013802.1	32.143	196	6.25e-21	84.7
WP_000571273.1	WP_011013698.1	29.442	197	7.96e-21	84.3
WP_000571273.1	WP_011013712.1	30.303	231	1.09e-20	86.3
WP_000571273.1	WP_011013712.1	23.383	201	3.67e-06	43.5
WP_000571273.1	WP_011013783.1	28.500	200	1.26e-20	83.2
WP_000571273.1	WP_011014212.1	29.381	194	2.17e-20	82.8
WP_000571273.1	WP_011013851.1	30.601	183	2.49e-20	84.0
WP_000571273.1	WP_011014379.1	30.964	197	5.48e-20	82.0
WP_000571273.1	WP_011014807.1	27.679	224	1.21e-19	83.2
WP_000571273.1	WP_011014807.1	29.167	216	3.17e-11	58.5
WP_000571273.1	WP_011015284.1	31.250	192	6.78e-19	79.3
WP_000571273.1	WP_003856990.1	30.045	223	9.99e-19	78.6
WP_000571273.1	WP_011013642.1	31.633	196	1.26e-18	79.3
WP_000571273.1	WP_011014492.1	32.353	204	1.28e-18	78.2
WP_000571273.1	WP_011013331.1	27.143	210	1.85e-18	77.0
WP_000571273.1	WP_011013807.1	24.876	201	2.60e-18	77.4
WP_000571273.1	WP_011014443.1	29.688	192	3.07e-18	79.0
WP_000571273.1	WP_011015140.1	31.285	179	4.10e-18	78.2
WP_000571273.1	WP_011014374.1	26.562	192	1.26e-17	75.5
WP_000571273.1	WP_011013622.1	27.041	196	1.35e-17	75.5
WP_000571273.1	WP_011013479.1	28.037	214	4.19e-17	74.7
WP_000571273.1	WP_011265986.1	29.897	194	4.37e-17	75.9
WP_000571273.1	WP_011013968.1	28.638	213	5.51e-17	75.5
WP_000571273.1	WP_011013968.1	27.461	193	3.43e-14	67.0
WP_000571273.1	WP_011014850.1	26.442	208	9.75e-17	73.6
WP_000571273.1	WP_003862124.1	30.806	211	2.11e-16	73.6
WP_000571273.1	WP_003862124.1	29.545	176	7.25e-13	63.2
WP_000571273.1	WP_011014424.1	25.854	205	2.59e-15	70.5
WP_000571273.1	WP_011013338.1	25.500	200	4.75e-15	68.6
WP_000571273.1	WP_003856445.1	25.728	206	5.88e-15	68.2
WP_000571273.1	WP_004567959.1	27.619	210	9.60e-15	68.2
WP_000571273.1	WP_011014139.1	25.490	204	1.60e-14	68.2
WP_000571273.1	WP_011014139.1	24.519	208	4.66e-14	67.0
WP_000571273.1	WP_011015040.1	26.396	197	1.96e-14	67.8
WP_000571273.1	WP_011015040.1	29.630	189	2.79e-11	58.5
WP_000571273.1	WP_011015133.1	25.941	239	2.94e-14	67.4
WP_000571273.1	WP_011015133.1	30.256	195	2.32e-11	58.9
WP_000571273.1	WP_011014450.1	26.190	210	3.25e-14	66.6
WP_000571273.1	WP_003861735.1	24.257	202	5.91e-14	65.5
WP_000571273.1	WP_011013985.1	24.500	200	2.31e-13	63.5
WP_000571273.1	WP_011014011.1	28.431	204	2.43e-13	64.7
WP_000571273.1	WP_011265940.1	25.822	213	2.65e-13	63.5
WP_000571273.1	WP_011015345.1	23.316	193	3.54e-13	63.5
WP_000571273.1	WP_011014012.1	26.289	194	3.58e-13	64.3
WP_000571273.1	WP_011014910.1	28.319	226	6.76e-13	63.5
WP_000571273.1	WP_011014910.1	31.351	185	8.71e-09	51.2
WP_000571273.1	WP_011014865.1	30.120	166	6.78e-13	63.2
WP_000571273.1	WP_011015261.1	28.571	203	1.20e-12	61.2
WP_000571273.1	WP_011014362.1	25.234	214	1.25e-12	62.8
WP_000571273.1	WP_011013984.1	24.257	202	2.08e-12	60.8
WP_000571273.1	WP_011014785.1	30.409	171	3.87e-12	60.1
WP_000571273.1	WP_011015118.1	26.570	207	3.18e-11	58.5
WP_000571273.1	WP_011015118.1	25.000	212	4.02e-11	58.2
WP_000571273.1	WP_011014540.1	27.861	201	2.77e-10	54.3
WP_000571273.1	WP_011014154.1	32.237	152	3.02e-10	55.5
WP_000571273.1	WP_011014110.1	32.558	86	7.86e-10	54.3
WP_000571273.1	WP_011014110.1	32.184	87	7.86e-08	48.5
WP_000571273.1	WP_011014351.1	24.123	228	1.14e-09	53.9
WP_000571273.1	WP_011265869.1	26.087	184	2.02e-09	53.1
WP_000571273.1	WP_011265658.1	25.616	203	2.05e-09	53.1
WP_000571273.1	WP_011014319.1	33.333	120	5.40e-09	52.0
WP_000571273.1	WP_011014319.1	34.483	87	4.79e-08	49.3
WP_000571273.1	WP_020948580.1	40.909	66	7.66e-09	51.2
WP_000571273.1	WP_011265694.1	25.131	191	1.11e-08	50.8
WP_000571273.1	WP_011014216.1	25.000	208	1.81e-08	49.7
WP_000571273.1	WP_011266014.1	27.885	104	2.79e-06	43.5
WP_000571329.1	WP_003855103.1	35.616	219	3.12e-47	152
WP_000571329.1	WP_003858089.1	40.639	219	1.55e-44	145
WP_000571329.1	WP_011013931.1	38.889	216	8.60e-41	135
WP_000571329.1	WP_003860245.1	36.181	199	1.39e-35	123
WP_000571329.1	WP_003854632.1	35.294	204	1.94e-34	122
WP_000571329.1	WP_003857431.1	33.178	214	4.35e-34	118
WP_000571329.1	WP_003858826.1	34.742	213	7.15e-32	113
WP_000571329.1	WP_011013783.1	34.826	201	5.64e-30	107
WP_000571329.1	WP_003857536.1	31.081	222	5.95e-27	99.8
WP_000571329.1	WP_011013851.1	35.326	184	2.17e-26	100
WP_000571329.1	WP_011014379.1	34.259	216	6.16e-25	95.5
WP_000571329.1	WP_011014212.1	31.472	197	3.50e-23	90.1
WP_000571329.1	WP_011015040.1	30.556	216	3.75e-23	92.8
WP_000571329.1	WP_011015040.1	29.756	205	4.45e-19	81.3
WP_000571329.1	WP_011014327.1	33.333	201	4.24e-23	92.4
WP_000571329.1	WP_011015118.1	32.663	199	3.38e-22	90.5
WP_000571329.1	WP_011015118.1	33.971	209	1.27e-19	82.8
WP_000571329.1	WP_011014374.1	30.198	202	3.57e-22	87.4
WP_000571329.1	WP_011013333.1	26.829	205	5.19e-22	87.0
WP_000571329.1	WP_011013642.1	31.628	215	6.76e-22	88.6
WP_000571329.1	WP_011013622.1	29.545	220	1.06e-21	86.7
WP_000571329.1	WP_011013479.1	29.442	197	1.11e-21	87.4
WP_000571329.1	WP_011015345.1	28.037	214	1.54e-21	87.0
WP_000571329.1	WP_011013331.1	28.302	212	1.81e-21	85.1
WP_000571329.1	WP_011015140.1	33.146	178	2.60e-21	87.0
WP_000571329.1	WP_011014450.1	27.320	194	2.80e-21	86.7
WP_000571329.1	WP_011013996.1	25.581	215	1.63e-20	84.0
WP_000571329.1	WP_011014807.1	31.441	229	4.62e-20	84.3
WP_000571329.1	WP_011014807.1	27.391	230	6.78e-12	60.5
WP_000571329.1	WP_011014850.1	30.102	196	4.79e-20	82.4
WP_000571329.1	WP_011013338.1	29.954	217	3.54e-19	79.7
WP_000571329.1	WP_011013712.1	29.524	210	4.86e-19	81.3
WP_000571329.1	WP_011013712.1	22.330	206	5.05e-08	48.9
WP_000571329.1	WP_011265986.1	31.220	205	7.70e-19	80.9
WP_000571329.1	WP_011013968.1	30.653	199	1.22e-18	80.1
WP_000571329.1	WP_011013968.1	27.885	208	6.60e-13	63.5
WP_000571329.1	WP_011013985.1	27.273	198	2.07e-18	77.0
WP_000571329.1	WP_011013807.1	26.009	223	2.40e-18	77.4
WP_000571329.1	WP_011014492.1	31.081	222	1.76e-17	75.1
WP_000571329.1	WP_011015020.1	30.045	223	3.64e-17	75.9
WP_000571329.1	WP_003856445.1	27.803	223	9.27e-17	73.2
WP_000571329.1	WP_011015261.1	32.039	206	1.29e-16	72.4
WP_000571329.1	WP_003862124.1	30.000	180	1.47e-16	73.9
WP_000571329.1	WP_003862124.1	28.934	197	4.24e-12	60.8
WP_000571329.1	WP_011265940.1	28.365	208	2.52e-16	72.0
WP_000571329.1	WP_011015284.1	32.065	184	4.44e-16	71.2
WP_000571329.1	WP_011013698.1	29.353	201	1.27e-15	70.1
WP_000571329.1	WP_011014233.1	21.782	202	6.21e-15	69.3
WP_000571329.1	WP_011014233.1	24.664	223	2.21e-11	58.9
WP_000571329.1	WP_003861735.1	24.742	194	9.09e-15	67.8
WP_000571329.1	WP_011013906.1	28.636	220	3.21e-14	65.9
WP_000571329.1	WP_004567959.1	23.832	214	6.73e-14	65.5
WP_000571329.1	WP_011014443.1	30.660	212	6.91e-14	66.2
WP_000571329.1	WP_011014443.1	24.066	241	2.92e-09	52.8
WP_000571329.1	WP_011265694.1	29.442	197	9.42e-14	65.9
WP_000571329.1	WP_011015133.1	29.333	225	1.04e-13	65.9
WP_000571329.1	WP_011015133.1	28.571	210	6.29e-13	63.5
WP_000571329.1	WP_011014785.1	28.571	175	1.68e-13	63.5
WP_000571329.1	WP_011013802.1	26.697	221	1.77e-13	64.3
WP_000571329.1	WP_011014910.1	27.273	220	3.12e-13	64.3
WP_000571329.1	WP_003856990.1	29.614	233	3.32e-13	63.2
WP_000571329.1	WP_011014139.1	26.977	215	3.83e-13	64.3
WP_000571329.1	WP_011014139.1	26.540	211	2.82e-11	58.9
WP_000571329.1	WP_011014012.1	26.829	205	7.13e-13	63.2
WP_000571329.1	WP_011015221.1	31.313	198	1.03e-12	62.0
WP_000571329.1	WP_011013984.1	23.645	203	4.20e-12	60.1
WP_000571329.1	WP_011014011.1	25.581	215	1.45e-11	59.7
WP_000571329.1	WP_011014216.1	22.660	203	6.06e-11	57.0
WP_000571329.1	WP_011013466.1	27.723	202	3.59e-10	54.7
WP_000571329.1	WP_011014540.1	25.366	205	1.15e-08	49.7
WP_000571329.1	WP_011014424.1	24.545	220	1.93e-08	50.1
WP_000571329.1	WP_011014110.1	32.990	97	3.74e-08	49.3
WP_000571329.1	WP_011014000.1	28.283	99	1.09e-07	47.8
WP_000571329.1	WP_011265869.1	28.079	203	1.98e-07	47.0
WP_000571329.1	WP_011014089.1	27.805	205	1.04e-06	45.1
WP_000571329.1	WP_020948580.1	37.681	69	1.23e-06	44.7
WP_000571329.1	WP_011014865.1	36.842	76	1.24e-06	44.7
WP_000571422.1	WP_003855103.1	33.796	216	1.97e-38	129
WP_000571422.1	WP_003858826.1	33.182	220	4.92e-36	124
WP_000571422.1	WP_003857431.1	34.359	195	6.40e-31	110
WP_000571422.1	WP_011013931.1	31.925	213	1.80e-30	108
WP_000571422.1	WP_003854632.1	31.818	220	1.06e-29	109
WP_000571422.1	WP_003858089.1	33.816	207	6.79e-28	102
WP_000571422.1	WP_003860245.1	31.884	207	8.74e-27	100
WP_000571422.1	WP_011013333.1	28.643	199	3.98e-26	98.2
WP_000571422.1	WP_011013783.1	30.144	209	2.62e-24	92.8
WP_000571422.1	WP_003857536.1	32.240	183	5.53e-23	89.4
WP_000571422.1	WP_011014374.1	32.240	183	1.03e-22	89.0
WP_000571422.1	WP_011014807.1	30.088	226	1.71e-22	91.3
WP_000571422.1	WP_011014807.1	28.241	216	9.06e-13	62.8
WP_000571422.1	WP_011014327.1	31.875	160	1.96e-22	90.5
WP_000571422.1	WP_011014379.1	32.353	204	3.67e-22	87.8
WP_000571422.1	WP_011014850.1	30.660	212	2.80e-21	85.9
WP_000571422.1	WP_011013985.1	25.500	200	7.40e-21	83.6
WP_000571422.1	WP_003861735.1	24.479	192	1.31e-20	84.0
WP_000571422.1	WP_011014212.1	29.327	208	1.62e-20	82.8
WP_000571422.1	WP_011014450.1	32.642	193	1.70e-20	84.3
WP_000571422.1	WP_011013642.1	30.374	214	3.35e-20	83.6
WP_000571422.1	WP_011014492.1	33.140	172	3.37e-20	82.4
WP_000571422.1	WP_004567959.1	28.426	197	3.94e-20	82.8
WP_000571422.1	WP_011013996.1	27.083	192	8.73e-20	82.0
WP_000571422.1	WP_011013851.1	30.128	156	1.09e-19	82.0
WP_000571422.1	WP_011015020.1	28.638	213	1.18e-19	83.2
WP_000571422.1	WP_011015040.1	26.047	215	2.23e-19	82.0
WP_000571422.1	WP_011015040.1	28.729	181	1.75e-13	65.1
WP_000571422.1	WP_011015140.1	34.043	141	5.11e-19	80.5
WP_000571422.1	WP_011014233.1	29.108	213	1.11e-18	80.1
WP_000571422.1	WP_011014233.1	26.000	200	1.54e-18	79.7
WP_000571422.1	WP_011265986.1	29.442	197	1.39e-18	80.1
WP_000571422.1	WP_011014139.1	26.190	210	1.84e-18	79.7
WP_000571422.1	WP_011014139.1	28.856	201	3.31e-14	67.4
WP_000571422.1	WP_011013331.1	27.273	209	3.67e-18	76.3
WP_000571422.1	WP_011013712.1	28.019	207	4.09e-18	78.6
WP_000571422.1	WP_011013479.1	27.143	210	6.75e-18	76.6
WP_000571422.1	WP_011013968.1	26.887	212	4.36e-17	75.5
WP_000571422.1	WP_011013968.1	26.404	178	3.90e-10	55.1
WP_000571422.1	WP_011013698.1	27.638	199	1.62e-16	72.4
WP_000571422.1	WP_011015284.1	27.551	196	1.92e-16	72.4
WP_000571422.1	WP_011013622.1	30.178	169	6.66e-16	70.9
WP_000571422.1	WP_011014011.1	29.384	211	8.08e-16	72.0
WP_000571422.1	WP_011013802.1	27.604	192	1.31e-15	70.1
WP_000571422.1	WP_011015118.1	29.949	197	1.41e-15	71.2
WP_000571422.1	WP_011015118.1	29.756	205	5.63e-14	66.6
WP_000571422.1	WP_011015221.1	28.641	206	1.43e-15	69.7
WP_000571422.1	WP_003856990.1	30.144	209	3.03e-15	68.9
WP_000571422.1	WP_011015345.1	27.143	210	1.21e-14	67.8
WP_000571422.1	WP_011014443.1	27.604	192	1.75e-14	67.8
WP_000571422.1	WP_011014443.1	23.404	235	1.59e-07	47.4
WP_000571422.1	WP_011013338.1	25.500	200	1.83e-14	66.6
WP_000571422.1	WP_011013906.1	27.451	204	2.11e-14	66.6
WP_000571422.1	WP_011013807.1	24.747	198	2.98e-14	66.2
WP_000571422.1	WP_011013984.1	23.762	202	1.34e-13	63.9
WP_000571422.1	WP_003856445.1	28.877	187	1.71e-13	63.9
WP_000571422.1	WP_011014865.1	31.088	193	2.65e-13	64.3
WP_000571422.1	WP_011014012.1	26.961	204	6.57e-13	63.2
WP_000571422.1	WP_011265940.1	24.352	193	2.48e-12	60.8
WP_000571422.1	WP_011014424.1	25.581	215	3.05e-11	58.5
WP_000571422.1	WP_003862124.1	29.412	170	4.37e-11	57.8
WP_000571422.1	WP_003862124.1	27.869	183	3.66e-10	55.1
WP_000571422.1	WP_011014362.1	26.415	212	1.54e-10	56.2
WP_000571422.1	WP_011014216.1	27.368	190	1.98e-10	55.5
WP_000571422.1	WP_011014910.1	23.853	218	5.02e-10	54.7
WP_000571422.1	WP_011015133.1	26.009	223	1.42e-09	53.5
WP_000571422.1	WP_011015133.1	27.586	174	1.18e-08	50.8
WP_000571422.1	WP_011015261.1	25.824	182	1.44e-09	52.8
WP_000571422.1	WP_011014785.1	28.931	159	3.30e-09	51.6
WP_000571422.1	WP_011265658.1	24.885	217	3.73e-09	52.4
WP_000571422.1	WP_011014110.1	31.111	90	6.25e-09	51.6
WP_000571422.1	WP_011014110.1	31.395	86	1.50e-08	50.4
WP_000571422.1	WP_011265869.1	24.868	189	1.16e-08	50.8
WP_000571422.1	WP_011014319.1	34.483	116	1.04e-07	48.1
WP_000571422.1	WP_011014319.1	32.990	97	1.71e-06	44.3
WP_000571422.1	WP_011265694.1	24.339	189	4.05e-07	46.2
WP_000571422.1	WP_011013466.1	24.242	198	8.40e-07	44.7
WP_000571422.1	WP_011265741.1	35.294	68	2.09e-06	43.9
WP_000571422.1	WP_011014000.1	32.394	71	2.12e-06	43.9
WP_000571422.1	WP_020948580.1	35.484	62	4.02e-06	43.1
WP_000571422.1	WP_003856078.1	22.460	187	4.27e-06	42.7
WP_000573197.1	WP_011265844.1	38.614	404	2.06e-80	253
WP_000575209.1	WP_011015140.1	42.017	238	8.52e-60	189
WP_000575209.1	WP_011013642.1	44.240	217	8.83e-55	176
WP_000575209.1	WP_011013851.1	39.496	238	2.32e-53	172
WP_000575209.1	WP_011014327.1	40.909	242	2.66e-50	166
WP_000575209.1	WP_003857431.1	38.333	240	9.55e-48	154
WP_000575209.1	WP_003858826.1	35.968	253	1.71e-43	144
WP_000575209.1	WP_011013479.1	32.489	237	8.25e-39	133
WP_000575209.1	WP_003858089.1	35.160	219	7.68e-38	129
WP_000575209.1	WP_003854632.1	33.632	223	3.26e-37	130
WP_000575209.1	WP_003855103.1	35.398	226	1.30e-36	125
WP_000575209.1	WP_011013931.1	35.874	223	6.14e-35	121
WP_000575209.1	WP_011015040.1	31.356	236	7.29e-34	123
WP_000575209.1	WP_011015040.1	30.870	230	2.65e-29	111
WP_000575209.1	WP_003860245.1	34.234	222	4.61e-33	118
WP_000575209.1	WP_011014212.1	34.804	204	5.58e-33	116
WP_000575209.1	WP_011015118.1	34.375	224	2.23e-31	117
WP_000575209.1	WP_011015118.1	31.907	257	2.39e-27	106
WP_000575209.1	WP_011013783.1	31.776	214	1.69e-30	110
WP_000575209.1	WP_011013698.1	29.046	241	2.28e-30	110
WP_000575209.1	WP_011014807.1	32.444	225	4.56e-30	114
WP_000575209.1	WP_011014807.1	30.196	255	4.06e-25	99.8
WP_000575209.1	WP_003857536.1	32.407	216	3.24e-29	106
WP_000575209.1	WP_011015284.1	33.333	225	6.55e-29	106
WP_000575209.1	WP_011015020.1	32.889	225	2.91e-28	108
WP_000575209.1	WP_011265986.1	30.612	245	1.02e-27	107
WP_000575209.1	WP_003856990.1	28.216	241	1.13e-27	103
WP_000575209.1	WP_011014450.1	32.127	221	1.13e-27	104
WP_000575209.1	WP_011013338.1	29.719	249	2.53e-27	102
WP_000575209.1	WP_011265940.1	30.802	237	7.58e-27	101
WP_000575209.1	WP_003861735.1	27.391	230	2.59e-26	100
WP_000575209.1	WP_011013906.1	29.694	229	1.38e-25	97.4
WP_000575209.1	WP_011013712.1	32.068	237	1.65e-25	100
WP_000575209.1	WP_011013712.1	22.768	224	5.77e-10	55.5
WP_000575209.1	WP_011015221.1	30.469	256	2.81e-25	96.7
WP_000575209.1	WP_011014492.1	31.140	228	5.24e-25	95.9
WP_000575209.1	WP_011013996.1	33.178	214	5.28e-25	97.1
WP_000575209.1	WP_011014374.1	30.736	231	1.20e-24	95.1
WP_000575209.1	WP_011014139.1	31.602	231	1.30e-24	98.6
WP_000575209.1	WP_011014139.1	27.948	229	1.49e-20	87.0
WP_000575209.1	WP_011014012.1	27.426	237	1.30e-23	95.5
WP_000575209.1	WP_011013802.1	26.522	230	1.18e-22	90.1
WP_000575209.1	WP_011014233.1	27.727	220	1.93e-22	92.0
WP_000575209.1	WP_011014233.1	25.000	232	2.87e-12	62.0
WP_000575209.1	WP_011014850.1	28.037	214	4.94e-22	89.0
WP_000575209.1	WP_011013333.1	27.064	218	8.49e-22	87.4
WP_000575209.1	WP_011013985.1	25.926	216	1.98e-21	85.9
WP_000575209.1	WP_011014011.1	28.085	235	2.39e-20	85.9
WP_000575209.1	WP_003856445.1	26.872	227	2.75e-20	83.6
WP_000575209.1	WP_011014379.1	28.000	225	7.08e-20	82.4
WP_000575209.1	WP_011015345.1	26.168	214	3.44e-19	81.3
WP_000575209.1	WP_011013622.1	26.852	216	4.06e-19	80.5
WP_000575209.1	WP_011013807.1	27.660	235	5.70e-19	80.1
WP_000575209.1	WP_011265869.1	30.317	221	6.44e-19	81.6
WP_000575209.1	WP_011014216.1	26.577	222	6.25e-18	77.4
WP_000575209.1	WP_011014785.1	27.354	223	4.52e-17	74.3
WP_000575209.1	WP_003862124.1	29.911	224	2.03e-16	74.3
WP_000575209.1	WP_003862124.1	26.804	194	3.45e-11	58.9
WP_000575209.1	WP_011015261.1	28.959	221	7.04e-16	70.9
WP_000575209.1	WP_004567959.1	25.000	224	1.47e-14	68.2
WP_000575209.1	WP_011013466.1	24.766	214	2.42e-14	67.0
WP_000575209.1	WP_011265658.1	26.697	221	9.16e-14	66.6
WP_000575209.1	WP_011013984.1	23.874	222	3.48e-13	63.5
WP_000575209.1	WP_011013331.1	25.000	220	5.87e-13	62.8
WP_000575209.1	WP_003856078.1	31.138	167	1.44e-12	62.0
WP_000575209.1	WP_011014424.1	27.358	212	1.79e-12	62.8
WP_000575209.1	WP_011014362.1	24.681	235	2.02e-12	62.8
WP_000575209.1	WP_011014865.1	31.683	202	4.20e-12	61.6
WP_000575209.1	WP_011014443.1	27.650	217	1.87e-11	59.7
WP_000575209.1	WP_011014540.1	21.256	207	1.21e-10	55.8
WP_000575209.1	WP_011014351.1	25.926	216	1.24e-10	57.4
WP_000575209.1	WP_011014910.1	23.214	224	1.40e-09	54.3
WP_000575209.1	WP_011015133.1	28.251	223	4.20e-09	52.8
WP_000575209.1	WP_011013968.1	26.633	199	7.87e-09	52.0
WP_000575209.1	WP_011013968.1	24.865	185	2.01e-07	47.8
WP_000575209.1	WP_011014089.1	27.014	211	1.80e-08	50.8
WP_000575209.1	WP_011266014.1	29.054	148	1.67e-07	47.8
WP_000575209.1	WP_011014000.1	26.230	183	9.07e-07	45.4
WP_000575527.1	WP_003856790.1	50.488	410	2.13e-144	415
WP_000575607.1	WP_011013965.1	34.749	259	1.44e-46	153
WP_000578285.1	WP_011014330.1	35.106	94	3.00e-07	46.6
WP_000581157.1	WP_003855336.1	24.938	401	7.23e-31	118
WP_000584535.1	WP_227747698.1	26.943	193	1.38e-15	70.1
WP_000584880.1	WP_011015133.1	32.824	524	4.78e-83	268
WP_000584880.1	WP_011015133.1	30.159	252	2.17e-19	88.2
WP_000584880.1	WP_011013968.1	29.008	655	1.10e-79	261
WP_000584880.1	WP_011013968.1	25.352	213	8.90e-18	83.6
WP_000584880.1	WP_011014443.1	31.650	515	1.58e-69	232
WP_000584880.1	WP_011014443.1	33.333	99	1.37e-08	53.9
WP_000584880.1	WP_011014089.1	30.297	538	3.79e-59	204
WP_000584880.1	WP_011014089.1	35.673	171	5.14e-19	87.0
WP_000584880.1	WP_011014910.1	27.788	547	1.02e-51	184
WP_000584880.1	WP_011014910.1	28.169	213	9.00e-17	80.1
WP_000584880.1	WP_011015040.1	23.941	543	6.84e-28	114
WP_000584880.1	WP_011015040.1	23.605	233	9.31e-13	67.0
WP_000584880.1	WP_011015040.1	32.456	114	1.71e-08	53.5
WP_000584880.1	WP_011014351.1	24.092	523	4.39e-23	99.8
WP_000584880.1	WP_011014351.1	23.887	247	5.88e-12	64.7
WP_000584880.1	WP_011013783.1	27.670	206	4.38e-17	77.8
WP_000584880.1	WP_011014492.1	25.551	227	4.81e-15	72.0
WP_000584880.1	WP_011014492.1	25.743	202	8.67e-13	65.1
WP_000584880.1	WP_011015284.1	27.273	220	5.01e-15	72.4
WP_000584880.1	WP_011015284.1	27.461	193	1.75e-11	61.6
WP_000584880.1	WP_011013906.1	27.442	215	8.35e-14	68.2
WP_000584880.1	WP_011013906.1	26.446	242	3.62e-10	57.4
WP_000584880.1	WP_011013622.1	27.041	196	5.26e-13	66.2
WP_000584880.1	WP_011013466.1	28.216	241	6.02e-13	65.9
WP_000584880.1	WP_011013985.1	26.531	196	2.98e-12	63.2
WP_000584880.1	WP_011013985.1	24.631	203	6.01e-08	50.4
WP_000584880.1	WP_003858089.1	23.171	246	1.24e-11	61.2
WP_000584880.1	WP_011014212.1	24.312	218	1.30e-11	61.6
WP_000584880.1	WP_011014212.1	26.500	200	3.27e-07	48.5
WP_000584880.1	WP_003857536.1	29.665	209	4.23e-11	59.7
WP_000584880.1	WP_003857536.1	26.009	223	8.59e-11	58.9
WP_000584880.1	WP_011013333.1	24.180	244	4.39e-11	60.1
WP_000584880.1	WP_011013333.1	27.179	195	1.64e-06	46.2
WP_000584880.1	WP_003854632.1	24.255	235	2.40e-10	58.9
WP_000584880.1	WP_011265986.1	28.302	212	4.29e-10	58.9
WP_000584880.1	WP_011014216.1	24.686	239	5.04e-10	57.4
WP_000584880.1	WP_011014216.1	24.887	221	9.07e-10	56.6
WP_000584880.1	WP_011015345.1	25.126	199	7.85e-10	57.0
WP_000584880.1	WP_011014850.1	26.633	199	9.34e-10	56.6
WP_000584880.1	WP_011014850.1	29.268	164	2.42e-07	49.3
WP_000584880.1	WP_011266014.1	23.315	356	1.30e-09	56.6
WP_000584880.1	WP_011014807.1	28.177	181	1.42e-09	57.4
WP_000584880.1	WP_011014807.1	20.956	544	1.48e-08	53.9
WP_000584880.1	WP_011014807.1	25.581	215	1.22e-06	47.8
WP_000584880.1	WP_011013338.1	25.862	232	2.61e-09	55.1
WP_000584880.1	WP_011013338.1	25.571	219	6.81e-09	53.5
WP_000584880.1	WP_011015118.1	27.230	213	6.67e-09	55.1
WP_000584880.1	WP_003858826.1	24.390	246	9.39e-09	53.1
WP_000584880.1	WP_003858826.1	25.592	211	2.48e-07	48.9
WP_000584880.1	WP_003860245.1	24.645	211	1.35e-08	53.1
WP_000584880.1	WP_011013802.1	26.009	223	3.87e-08	51.6
WP_000584880.1	WP_011013802.1	21.778	225	5.83e-08	50.8
WP_000584880.1	WP_003862124.1	27.948	229	4.59e-08	52.0
WP_000584880.1	WP_011015261.1	25.424	177	1.11e-07	49.7
WP_000584880.1	WP_011015261.1	27.778	162	1.96e-06	45.8
WP_000584880.1	WP_011013331.1	25.561	223	1.30e-07	49.3
WP_000584880.1	WP_003857431.1	22.553	235	1.81e-07	49.3
WP_000584880.1	WP_011014374.1	23.005	213	2.33e-07	48.9
WP_000584880.1	WP_011013642.1	23.684	228	2.88e-07	49.3
WP_000584880.1	WP_011014233.1	39.655	58	6.08e-07	48.5
WP_000584880.1	WP_011014233.1	23.237	241	6.31e-06	45.4
WP_000584880.1	WP_011013712.1	27.727	220	2.56e-06	46.6
WP_000584880.1	WP_011013996.1	26.630	184	2.69e-06	46.2
WP_000584880.1	WP_011014362.1	25.882	170	2.70e-06	46.6
WP_000584880.1	WP_003861735.1	27.869	183	2.75e-06	45.8
WP_000584880.1	WP_011014139.1	23.936	188	2.91e-06	47.0
WP_000584880.1	WP_011015140.1	20.398	201	4.64e-06	45.4
WP_000584880.1	WP_011014011.1	28.495	186	6.07e-06	45.4
WP_000587447.1	WP_011014798.1	36.278	317	1.15e-50	167
WP_000588550.1	WP_011014761.1	27.500	240	2.02e-14	67.8
WP_000588550.1	WP_011013394.1	22.768	224	1.64e-09	53.5
WP_000588550.1	WP_011013397.1	22.222	225	1.66e-09	53.5
WP_000588550.1	WP_011014764.1	24.468	188	8.39e-07	45.4
WP_000589142.1	WP_011014327.1	51.915	235	1.38e-78	243
WP_000589142.1	WP_011013851.1	51.064	235	1.61e-78	240
WP_000589142.1	WP_011015140.1	50.917	218	1.93e-75	233
WP_000589142.1	WP_011013642.1	37.168	339	4.20e-63	201
WP_000589142.1	WP_011013479.1	36.444	225	1.60e-46	156
WP_000589142.1	WP_003854632.1	35.065	231	1.36e-41	145
WP_000589142.1	WP_003857431.1	35.246	244	1.44e-41	142
WP_000589142.1	WP_011014212.1	35.922	206	3.83e-36	127
WP_000589142.1	WP_011015118.1	34.468	235	5.09e-36	133
WP_000589142.1	WP_011015118.1	31.452	248	2.85e-26	105
WP_000589142.1	WP_011014850.1	35.000	220	6.30e-36	128
WP_000589142.1	WP_003858826.1	30.677	251	2.15e-34	123
WP_000589142.1	WP_011015284.1	35.000	220	1.31e-33	121
WP_000589142.1	WP_003858089.1	36.667	210	1.46e-32	117
WP_000589142.1	WP_011014807.1	32.174	230	2.61e-32	123
WP_000589142.1	WP_011014807.1	30.472	233	7.45e-24	98.6
WP_000589142.1	WP_011015221.1	32.937	252	1.51e-30	113
WP_000589142.1	WP_011013996.1	37.619	210	1.83e-30	114
WP_000589142.1	WP_011014450.1	32.579	221	1.57e-29	112
WP_000589142.1	WP_011015040.1	30.172	232	1.06e-28	112
WP_000589142.1	WP_011015040.1	29.592	196	4.85e-20	87.0
WP_000589142.1	WP_003860245.1	32.127	221	1.09e-28	108
WP_000589142.1	WP_011013802.1	32.889	225	8.26e-28	106
WP_000589142.1	WP_011013931.1	34.199	231	9.41e-28	104
WP_000589142.1	WP_011014492.1	32.174	230	1.03e-27	105
WP_000589142.1	WP_011013985.1	30.000	230	1.33e-27	104
WP_000589142.1	WP_003857536.1	33.816	207	1.62e-27	104
WP_000589142.1	WP_011013698.1	31.250	224	2.35e-27	104
WP_000589142.1	WP_011013783.1	33.333	189	4.16e-27	103
WP_000589142.1	WP_003855103.1	29.596	223	1.18e-25	99.4
WP_000589142.1	WP_003856445.1	29.536	237	1.41e-25	100
WP_000589142.1	WP_011015020.1	33.476	233	1.76e-25	103
WP_000589142.1	WP_011013906.1	32.314	229	1.56e-24	97.1
WP_000589142.1	WP_003861735.1	28.194	227	7.06e-24	95.9
WP_000589142.1	WP_011013333.1	29.730	222	8.36e-24	95.1
WP_000589142.1	WP_011013712.1	32.719	217	1.48e-23	97.8
WP_000589142.1	WP_011013712.1	28.936	235	9.80e-18	80.5
WP_000589142.1	WP_011265986.1	28.340	247	2.31e-23	97.4
WP_000589142.1	WP_003856990.1	33.971	209	5.01e-23	93.2
WP_000589142.1	WP_004567959.1	30.332	211	1.19e-22	92.8
WP_000589142.1	WP_011013984.1	27.426	237	2.33e-22	90.9
WP_000589142.1	WP_011014139.1	31.507	219	5.87e-22	93.6
WP_000589142.1	WP_011014139.1	29.004	231	5.02e-17	78.6
WP_000589142.1	WP_011014233.1	29.302	215	8.34e-22	92.4
WP_000589142.1	WP_011014233.1	25.728	206	1.72e-14	70.5
WP_000589142.1	WP_011014379.1	30.392	204	1.25e-21	89.4
WP_000589142.1	WP_011015345.1	28.241	216	2.06e-21	89.4
WP_000589142.1	WP_011013338.1	29.461	241	3.81e-21	87.8
WP_000589142.1	WP_011014374.1	32.857	210	6.34e-21	87.0
WP_000589142.1	WP_011265940.1	26.407	231	8.40e-20	84.0
WP_000589142.1	WP_011014785.1	32.579	221	2.68e-18	79.3
WP_000589142.1	WP_011014012.1	28.205	234	4.70e-18	81.3
WP_000589142.1	WP_011013807.1	27.149	221	4.78e-18	79.0
WP_000589142.1	WP_011013622.1	25.641	234	1.00e-17	78.6
WP_000589142.1	WP_003862124.1	32.308	195	2.06e-17	79.3
WP_000589142.1	WP_003862124.1	32.512	203	1.82e-14	70.5
WP_000589142.1	WP_011015261.1	35.106	188	1.59e-16	74.3
WP_000589142.1	WP_011014089.1	30.412	194	3.29e-16	75.9
WP_000589142.1	WP_011014011.1	25.862	232	7.35e-16	74.7
WP_000589142.1	WP_011013331.1	30.047	213	2.21e-15	70.9
WP_000589142.1	WP_011014540.1	29.630	189	4.30e-15	69.7
WP_000589142.1	WP_011013466.1	27.723	202	1.76e-14	68.9
WP_000589142.1	WP_011265869.1	28.959	221	1.12e-13	68.2
WP_000589142.1	WP_011013968.1	25.229	218	3.45e-13	66.6
WP_000589142.1	WP_011013968.1	30.723	166	6.26e-13	65.9
WP_000589142.1	WP_011014865.1	31.016	187	4.64e-13	66.2
WP_000589142.1	WP_011265658.1	29.224	219	2.23e-12	64.3
WP_000589142.1	WP_011014362.1	25.108	231	2.25e-12	64.3
WP_000589142.1	WP_011015133.1	29.139	151	4.44e-12	63.2
WP_000589142.1	WP_011015133.1	30.000	220	2.50e-11	60.8
WP_000589142.1	WP_011014424.1	25.105	239	9.54e-11	59.3
WP_000589142.1	WP_003856078.1	25.359	209	9.02e-10	55.1
WP_000589142.1	WP_011014351.1	28.837	215	3.62e-09	54.3
WP_000589142.1	WP_011014443.1	27.228	202	6.60e-09	53.5
WP_000589142.1	WP_011014910.1	26.432	227	7.73e-09	53.1
WP_000589142.1	WP_011266014.1	33.735	83	8.23e-09	52.8
WP_000589142.1	WP_011014000.1	35.354	99	6.44e-08	50.1
WP_000589142.1	WP_020948580.1	28.571	105	6.67e-08	50.1
WP_000589142.1	WP_011014216.1	26.702	191	7.67e-08	49.3
WP_000589142.1	WP_011265741.1	54.545	33	4.88e-06	44.3
WP_000590301.1	WP_003856539.1	29.584	409	7.91e-45	161
WP_000590640.1	WP_003863097.1	37.778	225	3.28e-44	145
WP_000590640.1	WP_011013630.1	37.555	229	5.39e-42	139
WP_000590640.1	WP_011013940.1	32.314	229	7.47e-39	130
WP_000590640.1	WP_011013524.1	34.071	226	2.66e-36	124
WP_000590640.1	WP_011013867.1	32.727	220	2.19e-32	114
WP_000590640.1	WP_011015530.1	32.599	227	1.03e-30	110
WP_000590640.1	WP_003853866.1	31.004	229	1.68e-30	109
WP_000590970.1	WP_003858826.1	43.952	248	1.05e-74	224
WP_000590970.1	WP_003857431.1	45.679	243	2.95e-72	218
WP_000590970.1	WP_003854632.1	40.400	250	5.00e-58	185
WP_000590970.1	WP_003858089.1	37.727	220	3.25e-43	143
WP_000590970.1	WP_011014212.1	39.583	240	4.09e-40	135
WP_000590970.1	WP_003855103.1	36.245	229	5.77e-39	132
WP_000590970.1	WP_011013642.1	37.449	243	9.62e-38	132
WP_000590970.1	WP_011015040.1	33.333	252	5.94e-37	132
WP_000590970.1	WP_011015040.1	30.040	253	1.58e-27	106
WP_000590970.1	WP_003860245.1	36.199	221	6.48e-37	128
WP_000590970.1	WP_011014807.1	33.071	254	7.71e-36	130
WP_000590970.1	WP_011014807.1	31.395	258	2.42e-25	100
WP_000590970.1	WP_011013851.1	36.323	223	2.20e-34	122
WP_000590970.1	WP_011013931.1	36.652	221	1.61e-33	117
WP_000590970.1	WP_011013985.1	30.705	241	3.22e-33	117
WP_000590970.1	WP_011013783.1	34.286	210	9.00e-33	116
WP_000590970.1	WP_011015140.1	33.610	241	4.59e-32	117
WP_000590970.1	WP_011015118.1	31.718	227	9.83e-32	118
WP_000590970.1	WP_011015118.1	31.274	259	2.60e-25	100
WP_000590970.1	WP_011014379.1	32.016	253	1.98e-31	113
WP_000590970.1	WP_011014492.1	32.922	243	2.33e-31	112
WP_000590970.1	WP_011014850.1	33.040	227	3.81e-31	113
WP_000590970.1	WP_011015221.1	32.677	254	6.74e-31	111
WP_000590970.1	WP_011015284.1	32.889	225	1.80e-30	110
WP_000590970.1	WP_003857536.1	36.323	223	3.73e-30	109
WP_000590970.1	WP_011013996.1	31.304	230	1.53e-29	109
WP_000590970.1	WP_011013906.1	31.967	244	1.91e-29	107
WP_000590970.1	WP_011013338.1	31.304	230	3.01e-29	107
WP_000590970.1	WP_011265986.1	30.888	259	3.25e-29	112
WP_000590970.1	WP_011014450.1	29.778	225	3.39e-29	108
WP_000590970.1	WP_011014327.1	32.099	243	6.60e-29	109
WP_000590970.1	WP_003861735.1	29.825	228	2.76e-28	105
WP_000590970.1	WP_011013802.1	31.837	245	6.59e-28	104
WP_000590970.1	WP_011013333.1	31.364	220	8.47e-28	103
WP_000590970.1	WP_011013622.1	30.962	239	9.48e-28	103
WP_000590970.1	WP_011014139.1	31.878	229	2.23e-27	107
WP_000590970.1	WP_011014139.1	28.182	220	4.07e-19	82.8
WP_000590970.1	WP_011013479.1	31.984	247	6.60e-27	102
WP_000590970.1	WP_011013698.1	27.948	229	1.52e-26	100
WP_000590970.1	WP_011013712.1	33.641	217	1.14e-25	101
WP_000590970.1	WP_011013712.1	27.064	218	4.99e-16	73.6
WP_000590970.1	WP_011014233.1	29.333	225	1.94e-25	100
WP_000590970.1	WP_011014233.1	24.891	229	1.50e-14	68.9
WP_000590970.1	WP_011015020.1	33.937	221	5.45e-25	99.8
WP_000590970.1	WP_011013984.1	28.270	237	1.40e-24	94.7
WP_000590970.1	WP_011015345.1	30.769	221	2.50e-24	95.5
WP_000590970.1	WP_011014374.1	28.571	245	1.12e-23	92.4
WP_000590970.1	WP_003856445.1	29.907	214	1.91e-23	92.4
WP_000590970.1	WP_011265940.1	33.058	242	2.15e-23	92.0
WP_000590970.1	WP_011014362.1	30.672	238	2.23e-23	95.1
WP_000590970.1	WP_011013807.1	30.901	233	3.10e-23	91.7
WP_000590970.1	WP_004567959.1	27.397	219	5.02e-21	86.3
WP_000590970.1	WP_011015133.1	27.149	221	6.59e-21	87.8
WP_000590970.1	WP_011015133.1	27.642	246	4.66e-17	76.6
WP_000590970.1	WP_003856990.1	32.114	246	2.11e-20	84.0
WP_000590970.1	WP_011013331.1	31.222	221	1.01e-19	81.3
WP_000590970.1	WP_011014424.1	27.273	231	5.33e-18	79.3
WP_000590970.1	WP_011265658.1	30.932	236	8.19e-18	78.6
WP_000590970.1	WP_011014351.1	28.462	260	1.94e-17	77.4
WP_000590970.1	WP_011014351.1	25.946	185	9.94e-09	51.6
WP_000590970.1	WP_011013968.1	31.500	200	2.15e-17	77.4
WP_000590970.1	WP_011013968.1	29.048	210	3.80e-16	73.9
WP_000590970.1	WP_011014540.1	26.667	210	2.33e-17	74.3
WP_000590970.1	WP_003862124.1	29.545	220	3.59e-17	76.6
WP_000590970.1	WP_003862124.1	30.208	192	1.61e-16	74.7
WP_000590970.1	WP_011014012.1	27.459	244	9.77e-17	75.5
WP_000590970.1	WP_011014785.1	31.771	192	2.72e-16	72.0
WP_000590970.1	WP_011014011.1	26.786	224	1.20e-15	72.4
WP_000590970.1	WP_011013466.1	24.885	217	2.32e-15	70.1
WP_000590970.1	WP_011014910.1	29.482	251	2.93e-15	71.2
WP_000590970.1	WP_011014910.1	29.730	185	2.05e-08	50.8
WP_000590970.1	WP_011014443.1	27.984	243	2.79e-14	68.2
WP_000590970.1	WP_011014443.1	27.189	217	3.00e-11	59.3
WP_000590970.1	WP_011015261.1	28.497	193	1.35e-13	64.7
WP_000590970.1	WP_011014865.1	33.333	216	1.53e-13	66.2
WP_000590970.1	WP_011014216.1	24.521	261	4.80e-13	63.9
WP_000590970.1	WP_011014089.1	30.233	215	5.95e-13	64.3
WP_000590970.1	WP_011014089.1	27.632	228	1.14e-08	51.6
WP_000590970.1	WP_011265869.1	28.509	228	2.12e-11	59.7
WP_000590970.1	WP_020948580.1	45.763	59	1.70e-10	57.0
WP_000590970.1	WP_011265741.1	45.070	71	4.55e-10	55.8
WP_000590970.1	WP_011014000.1	46.667	75	1.95e-09	53.9
WP_000590970.1	WP_011014110.1	34.711	121	3.84e-08	50.1
WP_000590970.1	WP_011265694.1	45.763	59	3.01e-07	47.0
WP_000590970.1	WP_011266014.1	34.884	86	7.62e-07	45.8
WP_000591095.1	WP_011015271.1	38.412	466	8.66e-112	333
WP_000591095.1	WP_011014417.1	32.808	381	4.14e-62	204
WP_000593569.1	WP_011015468.1	31.317	281	3.32e-24	95.1
WP_000593569.1	WP_003853955.1	25.623	281	5.30e-15	69.7
WP_000593569.1	WP_003858506.1	23.273	275	6.42e-12	60.8
WP_000594671.1	WP_011015529.1	22.364	313	3.09e-15	73.6
WP_000594671.1	WP_011015245.1	22.874	341	4.54e-13	67.0
WP_000594671.1	WP_011015290.1	22.697	304	8.69e-13	65.9
WP_000594671.1	WP_011013941.1	26.733	303	4.61e-11	60.8
WP_000594671.1	WP_011013525.1	22.485	338	7.11e-11	60.5
WP_000594671.1	WP_003855497.1	23.643	258	1.23e-09	56.2
WP_000594671.1	WP_179300924.1	23.188	207	9.70e-07	47.4
WP_000595910.1	WP_011013632.1	22.870	223	8.59e-08	52.4
WP_000595910.1	WP_011265965.1	21.024	547	1.72e-06	48.1
WP_000598627.1	WP_011014943.1	26.752	157	6.00e-11	59.7
WP_000598627.1	WP_101677576.1	29.121	182	3.15e-10	57.4
WP_000598627.1	WP_011013628.1	20.470	298	2.49e-08	51.6
WP_000599104.1	WP_003858182.1	26.190	210	9.31e-18	74.3
WP_000601684.1	WP_011014012.1	28.854	253	1.17e-34	127
WP_000601926.1	WP_011265665.1	41.398	186	4.75e-37	131
WP_000601926.1	WP_003855176.1	33.654	208	2.28e-26	97.1
WP_000601926.1	WP_011013761.1	29.688	192	1.29e-16	73.6
WP_000601926.1	WP_011014478.1	28.477	151	1.99e-07	46.6
WP_000603787.1	WP_172820728.1	33.198	247	3.26e-33	124
WP_000604264.1	WP_011014765.1	32.765	293	1.96e-28	108
WP_000604264.1	WP_011014310.1	24.561	285	1.11e-06	45.8
WP_000607027.1	WP_020948572.1	57.808	666	0.0	769
WP_000607027.1	WP_011014010.1	27.389	157	1.29e-09	57.8
WP_000608356.1	WP_011014525.1	40.190	632	9.31e-165	484
WP_000608356.1	WP_003857500.1	26.316	133	4.92e-08	52.4
WP_000609607.1	WP_011015545.1	43.434	99	8.46e-19	76.3
WP_000610745.1	WP_172820771.1	27.577	388	5.11e-38	140
WP_000610745.1	WP_011014843.1	28.775	351	3.16e-32	123
WP_000610745.1	WP_011015090.1	26.119	268	1.19e-14	71.6
WP_000610745.1	WP_011014337.1	22.866	328	4.19e-08	51.6
WP_000610745.1	WP_003856814.1	26.291	213	1.09e-07	50.1
WP_000613477.1	WP_003859220.1	47.701	174	7.89e-61	185
WP_000613477.1	WP_003859221.1	41.624	197	6.45e-50	157
WP_000614538.1	WP_011013340.1	31.579	608	2.52e-70	237
WP_000614538.1	WP_011014933.1	26.600	703	8.36e-61	213
WP_000614538.1	WP_011013341.1	34.672	274	3.88e-47	169
WP_000614538.1	WP_011015349.1	29.964	277	5.75e-17	81.3
WP_000615765.1	WP_003861174.1	32.692	52	1.92e-07	42.7
WP_000616545.1	WP_003854312.1	79.508	122	1.47e-66	193
WP_000619143.1	WP_011014492.1	34.677	248	2.88e-35	122
WP_000619143.1	WP_011013807.1	29.237	236	4.33e-34	120
WP_000619143.1	WP_011013331.1	31.754	211	1.22e-31	112
WP_000619143.1	WP_011013802.1	33.476	233	1.53e-30	110
WP_000619143.1	WP_011013698.1	30.213	235	2.87e-30	110
WP_000619143.1	WP_011013338.1	32.203	236	1.04e-28	105
WP_000619143.1	WP_011013622.1	31.984	247	1.46e-26	100
WP_000619143.1	WP_011013984.1	31.818	220	1.53e-26	99.8
WP_000619143.1	WP_011013479.1	32.743	226	4.84e-26	99.8
WP_000619143.1	WP_011015345.1	27.727	220	3.15e-24	95.1
WP_000619143.1	WP_011013906.1	30.531	226	1.08e-23	92.4
WP_000619143.1	WP_011265940.1	28.099	242	2.18e-23	91.7
WP_000619143.1	WP_011014374.1	27.193	228	4.12e-23	90.9
WP_000619143.1	WP_003861735.1	25.991	227	6.03e-23	91.3
WP_000619143.1	WP_011014379.1	30.488	246	3.73e-22	88.6
WP_000619143.1	WP_011013642.1	29.661	236	5.94e-21	86.7
WP_000619143.1	WP_003858089.1	32.407	216	1.19e-20	84.0
WP_000619143.1	WP_003854632.1	28.636	220	2.11e-20	85.1
WP_000619143.1	WP_011013985.1	30.932	236	2.50e-20	83.2
WP_000619143.1	WP_003858826.1	28.980	245	4.25e-20	82.8
WP_000619143.1	WP_003857536.1	33.333	207	4.31e-20	82.4
WP_000619143.1	WP_004567959.1	27.358	212	6.06e-20	83.2
WP_000619143.1	WP_011015040.1	30.088	226	1.11e-19	84.0
WP_000619143.1	WP_011015040.1	26.250	240	7.14e-11	57.8
WP_000619143.1	WP_003857431.1	28.194	227	1.65e-19	80.9
WP_000619143.1	WP_003860245.1	30.734	218	1.49e-18	79.0
WP_000619143.1	WP_011015284.1	27.778	234	1.74e-17	75.9
WP_000619143.1	WP_011014850.1	26.923	234	1.83e-17	76.3
WP_000619143.1	WP_011014216.1	30.622	209	2.40e-17	75.9
WP_000619143.1	WP_011013931.1	28.440	218	4.89e-17	73.9
WP_000619143.1	WP_003856445.1	27.419	248	4.92e-17	74.7
WP_000619143.1	WP_011013712.1	24.901	253	1.47e-16	74.7
WP_000619143.1	WP_011014212.1	29.817	218	1.70e-16	72.8
WP_000619143.1	WP_003855103.1	31.214	173	3.79e-16	71.6
WP_000619143.1	WP_011013783.1	30.256	195	7.34e-16	70.9
WP_000619143.1	WP_011015118.1	28.372	215	1.27e-15	72.0
WP_000619143.1	WP_011015118.1	30.603	232	3.48e-15	70.9
WP_000619143.1	WP_011014327.1	29.952	207	1.52e-15	71.6
WP_000619143.1	WP_011014807.1	25.561	223	2.06e-15	71.6
WP_000619143.1	WP_011014807.1	26.016	246	2.89e-14	68.2
WP_000619143.1	WP_011013851.1	31.548	168	3.40e-15	70.1
WP_000619143.1	WP_011014910.1	28.947	228	3.49e-15	70.9
WP_000619143.1	WP_011014450.1	25.764	229	1.09e-14	68.9
WP_000619143.1	WP_011014540.1	30.542	203	1.11e-14	67.0
WP_000619143.1	WP_011014233.1	27.442	215	2.39e-14	68.2
WP_000619143.1	WP_011014233.1	24.107	224	4.73e-10	55.5
WP_000619143.1	WP_011015140.1	28.372	215	2.83e-14	67.8
WP_000619143.1	WP_011015261.1	28.141	199	4.12e-14	65.9
WP_000619143.1	WP_011015221.1	27.344	256	5.22e-14	66.2
WP_000619143.1	WP_011015133.1	31.443	194	9.19e-13	63.5
WP_000619143.1	WP_011015133.1	26.383	235	2.14e-09	53.5
WP_000619143.1	WP_003862124.1	29.319	191	6.37e-12	60.8
WP_000619143.1	WP_003862124.1	30.682	176	6.04e-09	52.0
WP_000619143.1	WP_011013333.1	25.714	245	1.14e-11	59.3
WP_000619143.1	WP_011013968.1	28.934	197	2.22e-11	59.7
WP_000619143.1	WP_011013968.1	24.638	207	1.12e-10	57.4
WP_000619143.1	WP_011015020.1	27.119	236	3.00e-11	59.3
WP_000619143.1	WP_011014012.1	27.426	237	9.96e-11	57.8
WP_000619143.1	WP_011265986.1	25.359	209	1.42e-10	57.4
WP_000619143.1	WP_011013996.1	23.963	217	2.56e-10	55.8
WP_000619143.1	WP_011014362.1	24.242	231	5.29e-10	55.5
WP_000619143.1	WP_011014000.1	36.905	84	5.99e-09	52.0
WP_000619143.1	WP_011014139.1	24.324	222	6.45e-09	52.4
WP_000619143.1	WP_011014139.1	25.604	207	5.30e-08	49.7
WP_000619143.1	WP_011265694.1	29.293	198	7.01e-09	52.0
WP_000619143.1	WP_011266014.1	23.837	172	2.42e-08	50.1
WP_000619143.1	WP_011014351.1	23.684	228	2.94e-08	50.1
WP_000619143.1	WP_020948580.1	37.288	59	6.77e-08	48.9
WP_000619143.1	WP_011014443.1	26.506	166	1.29e-07	48.1
WP_000619143.1	WP_003856990.1	23.228	254	5.22e-07	45.8
WP_000619143.1	WP_011014785.1	26.697	221	7.01e-07	45.1
WP_000619143.1	WP_011014110.1	26.829	123	3.88e-06	43.9
WP_000619143.1	WP_011014865.1	32.184	87	9.99e-06	42.4
WP_000624044.1	WP_003854346.1	58.252	103	4.49e-36	117
WP_000624338.1	WP_011015348.1	32.536	209	2.80e-23	93.2
WP_000624338.1	WP_011014779.1	27.119	236	3.32e-17	75.9
WP_000624338.1	WP_011014903.1	27.273	110	1.72e-06	43.5
WP_000625536.1	WP_003858086.1	27.244	312	3.69e-24	96.3
WP_000628994.1	WP_011014942.1	25.424	177	6.41e-12	62.4
WP_000631259.1	WP_003862103.1	28.846	104	3.72e-08	45.4
WP_000631543.1	WP_011013728.1	29.617	287	2.21e-40	137
WP_000631543.1	WP_020948601.1	33.865	251	7.41e-35	124
WP_000631543.1	WP_011014398.1	23.333	240	5.63e-06	43.5
WP_000632722.1	WP_172769660.1	36.364	132	2.22e-18	84.0
WP_000632722.1	WP_172769660.1	30.645	124	4.38e-10	58.2
WP_000632722.1	WP_011015011.1	29.600	125	2.70e-08	51.6
WP_000635008.1	WP_011015166.1	29.907	107	4.58e-06	39.7
WP_000637238.1	WP_003856992.1	38.790	281	3.84e-59	187
WP_000638508.1	WP_011015289.1	29.167	240	3.24e-22	88.6
WP_000638907.1	WP_011014094.1	34.959	369	5.93e-58	189
WP_000638907.1	WP_011014220.1	31.771	384	1.81e-47	162
WP_000638907.1	WP_011014447.1	24.896	241	4.10e-12	63.5
WP_000639669.1	WP_011014094.1	37.366	372	7.07e-67	212
WP_000639669.1	WP_011014220.1	35.484	372	3.75e-57	187
WP_000639669.1	WP_011014447.1	25.215	349	2.20e-15	73.6
WP_000640786.1	WP_011014765.1	31.132	318	5.95e-24	96.3
WP_000642718.1	WP_011014786.1	50.427	117	1.86e-31	114
WP_000643971.1	WP_011013572.1	47.170	53	2.38e-09	52.8
WP_000643971.1	WP_011013863.1	35.593	59	6.99e-09	51.6
WP_000644124.1	WP_003856097.1	40.449	89	4.39e-17	66.2
WP_000645106.1	WP_011014254.1	29.021	286	9.82e-31	114
WP_000645106.1	WP_011015373.1	25.000	216	1.50e-09	54.7
WP_000648075.1	WP_011013748.1	37.330	367	2.99e-49	166
WP_000649161.1	WP_011015397.1	45.048	313	1.02e-89	269
WP_000649161.1	WP_011013485.1	30.625	320	2.74e-48	162
WP_000649161.1	WP_011013571.1	28.528	326	1.62e-29	112
WP_000649161.1	WP_003863269.1	33.206	262	3.34e-27	106
WP_000649161.1	WP_231838278.1	26.836	354	1.09e-09	55.5
WP_000649161.1	WP_011265496.1	26.667	270	2.37e-09	54.3
WP_000649161.1	WP_020948586.1	26.531	245	9.36e-08	49.3
WP_000649161.1	WP_011015614.1	23.105	277	1.19e-06	45.8
WP_000649468.1	WP_003863269.1	36.214	243	1.01e-29	114
WP_000649468.1	WP_011015397.1	32.218	239	1.62e-16	76.3
WP_000649468.1	WP_011013485.1	25.828	302	1.66e-13	67.0
WP_000649468.1	WP_011013571.1	32.927	82	5.14e-09	53.5
WP_000649468.1	WP_011015614.1	26.408	284	3.96e-06	44.3
WP_000651177.1	WP_011014350.1	28.729	181	1.75e-13	65.5
WP_000651177.1	WP_011014833.1	23.507	268	5.27e-10	55.5
WP_000654131.1	WP_011014792.1	22.857	280	2.52e-19	82.8
WP_000654131.1	WP_011015276.1	23.622	254	1.67e-18	80.9
WP_000654907.1	WP_020948617.1	22.901	393	2.19e-14	72.8
WP_000655045.1	WP_011013752.1	46.199	342	7.49e-81	246
WP_000656548.1	WP_011013712.1	27.289	568	4.23e-47	170
WP_000656548.1	WP_011014807.1	29.114	553	1.84e-42	157
WP_000656548.1	WP_011014807.1	28.458	253	7.31e-15	73.9
WP_000656548.1	WP_011015118.1	26.937	542	1.88e-32	127
WP_000656548.1	WP_003862124.1	35.814	215	1.14e-31	124
WP_000656548.1	WP_003862124.1	31.250	224	2.72e-26	108
WP_000656548.1	WP_003862124.1	31.746	189	7.45e-22	94.7
WP_000656548.1	WP_003862124.1	26.404	178	1.24e-11	63.2
WP_000656548.1	WP_011015040.1	23.944	497	3.87e-30	120
WP_000656548.1	WP_011015040.1	28.755	233	2.29e-15	75.1
WP_000656548.1	WP_011015040.1	26.638	229	3.23e-15	74.7
WP_000656548.1	WP_011013802.1	31.349	252	4.43e-29	112
WP_000656548.1	WP_011013802.1	27.189	217	5.94e-14	68.9
WP_000656548.1	WP_003855103.1	36.190	210	5.74e-29	111
WP_000656548.1	WP_003855103.1	29.870	231	1.91e-22	92.8
WP_000656548.1	WP_003857431.1	30.043	233	9.28e-28	108
WP_000656548.1	WP_003857431.1	30.222	225	2.46e-19	84.0
WP_000656548.1	WP_011015140.1	32.035	231	1.52e-27	110
WP_000656548.1	WP_011015140.1	30.081	246	5.52e-24	100
WP_000656548.1	WP_011013851.1	27.066	351	2.60e-26	106
WP_000656548.1	WP_011013851.1	31.004	229	6.68e-22	93.6
WP_000656548.1	WP_003858089.1	31.364	220	1.06e-25	102
WP_000656548.1	WP_003858089.1	30.986	213	3.19e-21	89.4
WP_000656548.1	WP_011014327.1	32.338	201	1.79e-25	105
WP_000656548.1	WP_011014327.1	28.992	238	6.66e-18	82.4
WP_000656548.1	WP_011013338.1	28.571	252	2.90e-25	101
WP_000656548.1	WP_011013338.1	25.820	244	7.93e-11	59.3
WP_000656548.1	WP_003858826.1	25.207	242	5.88e-24	97.8
WP_000656548.1	WP_003858826.1	30.045	223	1.28e-23	96.7
WP_000656548.1	WP_011015020.1	35.000	240	9.67e-24	101
WP_000656548.1	WP_011015020.1	28.241	216	4.65e-13	68.2
WP_000656548.1	WP_011013698.1	30.435	230	1.53e-23	97.1
WP_000656548.1	WP_011013698.1	24.786	234	2.72e-12	63.5
WP_000656548.1	WP_011013807.1	25.455	220	1.00e-22	94.4
WP_000656548.1	WP_011013807.1	23.827	277	1.01e-17	79.7
WP_000656548.1	WP_003854632.1	30.126	239	1.81e-22	95.5
WP_000656548.1	WP_003854632.1	29.365	252	8.60e-21	90.5
WP_000656548.1	WP_003856445.1	30.328	244	1.40e-21	91.3
WP_000656548.1	WP_003856445.1	31.169	231	7.77e-21	89.0
WP_000656548.1	WP_011014233.1	21.937	506	3.59e-21	93.2
WP_000656548.1	WP_011014233.1	27.615	239	1.07e-19	89.0
WP_000656548.1	WP_011013479.1	32.719	217	7.14e-21	90.1
WP_000656548.1	WP_011013479.1	26.613	248	1.96e-17	79.7
WP_000656548.1	WP_011013984.1	27.160	243	1.12e-20	88.2
WP_000656548.1	WP_011013984.1	25.806	217	5.34e-13	65.5
WP_000656548.1	WP_011014379.1	31.050	219	1.39e-20	88.2
WP_000656548.1	WP_011014379.1	28.889	225	4.60e-16	75.1
WP_000656548.1	WP_003857536.1	29.524	210	6.22e-20	85.5
WP_000656548.1	WP_003857536.1	30.332	211	3.34e-14	68.9
WP_000656548.1	WP_011015284.1	31.092	238	6.97e-20	86.3
WP_000656548.1	WP_011015284.1	30.332	211	1.33e-12	64.7
WP_000656548.1	WP_011014139.1	29.060	234	7.35e-20	90.1
WP_000656548.1	WP_011014139.1	29.583	240	8.65e-16	77.4
WP_000656548.1	WP_011014139.1	28.636	220	6.40e-12	64.7
WP_000656548.1	WP_011014139.1	23.041	217	6.59e-07	48.5
WP_000656548.1	WP_011013642.1	28.448	232	1.31e-19	87.0
WP_000656548.1	WP_011013642.1	28.692	237	1.24e-18	84.0
WP_000656548.1	WP_003860245.1	29.915	234	1.45e-19	85.5
WP_000656548.1	WP_003860245.1	28.986	207	2.64e-16	75.9
WP_000656548.1	WP_011014374.1	30.804	224	8.16e-19	82.8
WP_000656548.1	WP_011014374.1	26.190	210	5.06e-16	74.3
WP_000656548.1	WP_011013931.1	30.942	223	1.45e-18	81.3
WP_000656548.1	WP_011013931.1	28.899	218	2.14e-18	80.9
WP_000656548.1	WP_011014450.1	27.273	253	3.07e-18	82.8
WP_000656548.1	WP_011014450.1	29.075	227	1.20e-17	80.9
WP_000656548.1	WP_011013333.1	27.542	236	6.57e-17	77.4
WP_000656548.1	WP_011013333.1	27.542	236	1.39e-09	55.5
WP_000656548.1	WP_011014492.1	26.432	227	1.84e-16	75.9
WP_000656548.1	WP_011014492.1	26.457	223	3.23e-13	66.2
WP_000656548.1	WP_011013906.1	26.271	236	3.12e-16	75.1
WP_000656548.1	WP_011013906.1	25.877	228	3.06e-15	72.4
WP_000656548.1	WP_011014850.1	28.745	247	4.14e-16	75.5
WP_000656548.1	WP_011014850.1	26.820	261	2.98e-15	73.2
WP_000656548.1	WP_003861735.1	26.609	233	5.04e-16	75.1
WP_000656548.1	WP_003861735.1	30.698	215	9.45e-10	56.2
WP_000656548.1	WP_003856990.1	27.711	249	7.02e-16	74.3
WP_000656548.1	WP_003856990.1	27.500	240	2.80e-15	72.8
WP_000656548.1	WP_011014212.1	25.490	204	1.31e-15	73.2
WP_000656548.1	WP_011014212.1	29.858	211	1.75e-14	69.7
WP_000656548.1	WP_011013622.1	24.775	222	1.84e-15	73.2
WP_000656548.1	WP_011013622.1	26.772	254	3.93e-14	69.3
WP_000656548.1	WP_011015221.1	29.630	216	2.43e-15	72.8
WP_000656548.1	WP_011015221.1	28.141	199	1.26e-07	49.7
WP_000656548.1	WP_011013985.1	25.532	235	2.68e-15	72.0
WP_000656548.1	WP_011013985.1	27.273	220	2.02e-11	60.5
WP_000656548.1	WP_011014351.1	28.194	227	9.62e-15	73.2
WP_000656548.1	WP_011014351.1	26.263	198	7.27e-08	51.2
WP_000656548.1	WP_011265986.1	25.641	234	1.41e-14	73.2
WP_000656548.1	WP_011265986.1	25.339	221	1.49e-13	69.7
WP_000656548.1	WP_011014785.1	31.081	222	1.46e-14	69.7
WP_000656548.1	WP_011014785.1	30.481	187	5.44e-12	62.4
WP_000656548.1	WP_011013783.1	29.126	206	3.28e-14	68.9
WP_000656548.1	WP_011013783.1	28.230	209	4.51e-14	68.6
WP_000656548.1	WP_011014011.1	29.778	225	6.00e-14	70.9
WP_000656548.1	WP_011014011.1	27.160	243	4.88e-13	68.2
WP_000656548.1	WP_011013996.1	26.794	209	8.39e-14	68.9
WP_000656548.1	WP_011013996.1	28.251	223	1.51e-11	62.0
WP_000656548.1	WP_011015345.1	25.114	219	1.15e-13	68.6
WP_000656548.1	WP_011265940.1	28.378	222	4.34e-13	66.2
WP_000656548.1	WP_011265940.1	26.754	228	2.20e-11	60.8
WP_000656548.1	WP_011015133.1	23.738	535	4.68e-13	68.2
WP_000656548.1	WP_011015133.1	24.167	240	9.48e-08	51.2
WP_000656548.1	WP_011014216.1	26.250	240	2.22e-12	64.3
WP_000656548.1	WP_003856078.1	27.442	215	1.83e-11	61.2
WP_000656548.1	WP_003856078.1	28.837	215	3.37e-10	57.4
WP_000656548.1	WP_011014443.1	23.108	251	2.38e-11	62.4
WP_000656548.1	WP_011014443.1	27.136	199	9.42e-11	60.5
WP_000656548.1	WP_011015261.1	28.571	175	2.52e-11	60.5
WP_000656548.1	WP_011015261.1	28.141	199	4.71e-10	56.6
WP_000656548.1	WP_011014012.1	24.380	242	8.34e-11	60.8
WP_000656548.1	WP_011014012.1	24.900	249	3.06e-08	52.8
WP_000656548.1	WP_011013968.1	25.510	196	1.11e-10	60.5
WP_000656548.1	WP_011013968.1	24.766	214	4.86e-09	55.1
WP_000656548.1	WP_011013968.1	28.079	203	4.37e-08	52.4
WP_000656548.1	WP_011013968.1	27.564	156	3.47e-07	49.3
WP_000656548.1	WP_011266014.1	31.579	152	2.31e-10	58.5
WP_000656548.1	WP_011013466.1	25.000	208	3.31e-10	57.4
WP_000656548.1	WP_011014110.1	27.861	201	6.32e-10	58.2
WP_000656548.1	WP_011014110.1	21.498	414	1.27e-07	50.8
WP_000656548.1	WP_004567959.1	23.767	223	7.16e-10	57.0
WP_000656548.1	WP_011013331.1	23.744	219	1.20e-08	52.0
WP_000656548.1	WP_011013331.1	28.641	206	7.30e-07	47.0
WP_000656548.1	WP_011014362.1	28.049	246	1.33e-08	53.9
WP_000656548.1	WP_011014362.1	25.000	228	1.47e-07	50.4
WP_000656548.1	WP_011014424.1	26.360	239	1.44e-08	53.9
WP_000656548.1	WP_011014540.1	24.599	187	8.15e-08	49.3
WP_000656548.1	WP_011014540.1	27.419	186	1.19e-06	45.8
WP_000656548.1	WP_011014910.1	27.027	222	1.23e-07	50.8
WP_000656548.1	WP_011265658.1	43.103	58	6.82e-07	48.5
WP_000656548.1	WP_011265658.1	24.681	235	1.92e-06	47.0
WP_000656548.1	WP_011014865.1	30.729	192	2.19e-06	46.6
WP_000656548.1	WP_020948580.1	27.273	132	2.74e-06	46.2
WP_000656548.1	WP_011265694.1	37.288	59	6.26e-06	45.1
WP_000657820.1	WP_011015020.1	43.154	241	1.92e-64	218
WP_000657820.1	WP_011014012.1	33.333	300	7.71e-58	199
WP_000657820.1	WP_011014011.1	26.286	525	2.47e-54	191
WP_000657820.1	WP_011014139.1	25.403	496	7.25e-48	176
WP_000657820.1	WP_011014139.1	29.904	311	4.96e-41	155
WP_000657820.1	WP_011014362.1	28.261	368	5.71e-46	167
WP_000657820.1	WP_011265658.1	31.330	233	8.59e-37	140
WP_000657820.1	WP_011014424.1	27.344	256	6.97e-34	132
WP_000657820.1	WP_011014865.1	37.368	190	3.08e-28	114
WP_000657820.1	WP_011013642.1	32.189	233	2.65e-26	106
WP_000657820.1	WP_011013479.1	33.772	228	1.75e-25	103
WP_000657820.1	WP_003854632.1	28.731	268	1.99e-25	104
WP_000657820.1	WP_011013698.1	28.333	240	3.71e-24	98.6
WP_000657820.1	WP_011265869.1	29.200	250	4.23e-24	102
WP_000657820.1	WP_003855103.1	29.004	231	5.65e-24	97.4
WP_000657820.1	WP_011013802.1	26.772	254	9.78e-23	94.7
WP_000657820.1	WP_003858826.1	28.745	247	1.24e-21	91.3
WP_000657820.1	WP_011014807.1	29.911	224	2.84e-21	94.0
WP_000657820.1	WP_011014807.1	29.249	253	1.10e-17	82.8
WP_000657820.1	WP_011013338.1	28.326	233	3.06e-21	90.1
WP_000657820.1	WP_011013851.1	28.641	206	3.93e-21	91.3
WP_000657820.1	WP_011013931.1	27.273	231	7.51e-21	88.2
WP_000657820.1	WP_011013622.1	28.509	228	8.58e-21	89.0
WP_000657820.1	WP_011015140.1	29.048	210	1.17e-20	90.5
WP_000657820.1	WP_011014850.1	30.986	213	4.61e-20	87.4
WP_000657820.1	WP_003857431.1	29.469	207	1.45e-19	84.7
WP_000657820.1	WP_011015040.1	32.432	222	2.04e-19	87.8
WP_000657820.1	WP_011015040.1	29.412	221	1.15e-13	69.7
WP_000657820.1	WP_011014379.1	27.308	260	2.70e-19	84.7
WP_000657820.1	WP_011013906.1	26.423	246	2.75e-19	84.3
WP_000657820.1	WP_011014327.1	26.761	213	3.36e-19	86.7
WP_000657820.1	WP_003856445.1	26.800	250	5.83e-19	83.6
WP_000657820.1	WP_011014374.1	26.126	222	1.14e-18	82.4
WP_000657820.1	WP_011015284.1	27.660	235	2.27e-18	82.0
WP_000657820.1	WP_003858089.1	29.302	215	5.27e-18	80.1
WP_000657820.1	WP_011013807.1	25.726	241	5.61e-18	80.5
WP_000657820.1	WP_011265986.1	26.050	238	7.41e-18	83.6
WP_000657820.1	WP_011014492.1	27.236	246	1.62e-17	79.0
WP_000657820.1	WP_003860245.1	27.670	206	4.21e-17	78.6
WP_000657820.1	WP_011013333.1	32.584	178	5.22e-17	77.4
WP_000657820.1	WP_011015118.1	28.571	231	6.55e-17	80.1
WP_000657820.1	WP_011015118.1	28.767	219	3.03e-13	68.6
WP_000657820.1	WP_011013996.1	30.085	236	9.52e-17	77.8
WP_000657820.1	WP_011015221.1	28.629	248	1.11e-16	76.6
WP_000657820.1	WP_011014212.1	28.293	205	1.45e-16	75.9
WP_000657820.1	WP_011014450.1	27.619	210	1.85e-16	77.4
WP_000657820.1	WP_003857536.1	25.000	212	5.73e-16	73.9
WP_000657820.1	WP_011014233.1	32.212	208	1.65e-15	75.9
WP_000657820.1	WP_011014233.1	27.103	214	4.51e-12	64.7
WP_000657820.1	WP_011013985.1	25.203	246	3.43e-15	71.6
WP_000657820.1	WP_011013984.1	25.792	221	3.51e-15	72.0
WP_000657820.1	WP_011265940.1	23.894	226	4.17e-15	72.0
WP_000657820.1	WP_011013783.1	28.378	222	5.11e-15	71.2
WP_000657820.1	WP_011013712.1	24.706	255	7.89e-15	73.6
WP_000657820.1	WP_011013712.1	22.034	236	2.27e-11	62.8
WP_000657820.1	WP_011014154.1	34.014	147	1.74e-14	72.4
WP_000657820.1	WP_011015345.1	26.961	204	1.29e-12	65.5
WP_000657820.1	WP_011013968.1	27.500	200	2.38e-12	65.9
WP_000657820.1	WP_011013968.1	28.571	182	5.71e-12	64.7
WP_000657820.1	WP_011014000.1	28.931	159	3.56e-12	65.1
WP_000657820.1	WP_011013331.1	24.779	226	9.48e-12	61.2
WP_000657820.1	WP_003856990.1	24.519	208	1.18e-11	62.0
WP_000657820.1	WP_003861735.1	25.463	216	1.55e-11	61.6
WP_000657820.1	WP_003862124.1	26.047	215	1.72e-11	62.8
WP_000657820.1	WP_003862124.1	25.346	217	3.51e-06	45.8
WP_000657820.1	WP_011265741.1	28.571	154	4.58e-11	61.6
WP_000657820.1	WP_020948580.1	33.600	125	5.42e-11	61.6
WP_000657820.1	WP_011265694.1	27.354	223	1.63e-10	59.7
WP_000657820.1	WP_011014785.1	23.784	185	6.73e-10	56.2
WP_000657820.1	WP_011014216.1	25.573	262	1.46e-09	55.8
WP_000657820.1	WP_003856078.1	26.991	226	2.69e-09	54.7
WP_000657820.1	WP_011014351.1	25.110	227	4.04e-09	55.5
WP_000657820.1	WP_011014910.1	26.000	200	4.92e-09	55.1
WP_000657820.1	WP_011015133.1	26.570	207	8.25e-09	54.7
WP_000657820.1	WP_011014110.1	32.061	131	1.72e-08	53.5
WP_000657820.1	WP_004567959.1	23.902	205	5.31e-08	51.2
WP_000657820.1	WP_011014443.1	24.876	201	7.67e-08	51.2
WP_000657820.1	WP_011013466.1	23.188	207	8.35e-06	43.9
WP_000658183.1	WP_230582022.1	50.676	296	1.19e-97	288
WP_000658183.1	WP_011013361.1	32.203	236	2.39e-27	107
WP_000658423.1	WP_011265933.1	30.491	387	6.97e-36	135
WP_000658497.1	WP_034983883.1	31.288	163	9.27e-14	64.7
WP_000658684.1	WP_003855178.1	37.705	305	7.60e-60	192
WP_000659547.1	WP_011014914.1	30.108	93	1.66e-07	44.7
WP_000660618.1	WP_011013309.1	44.798	346	4.52e-90	280
WP_000661480.1	WP_003861938.1	42.273	220	6.00e-41	137
WP_000662293.1	WP_011013983.1	28.662	314	6.56e-13	65.1
WP_000662293.1	WP_003856680.1	26.190	294	5.71e-10	55.8
WP_000664160.1	WP_011013584.1	31.776	214	2.10e-22	91.3
WP_000666479.1	WP_003862691.1	55.473	402	1.34e-173	488
WP_000666479.1	WP_006285864.1	24.021	383	1.59e-23	97.4
WP_000666479.1	WP_011013907.1	29.796	245	8.52e-23	95.5
WP_000666479.1	WP_011015029.1	24.490	147	2.94e-12	63.9
WP_000666479.1	WP_011013481.1	26.230	183	1.73e-10	58.2
WP_000666479.1	WP_011014123.1	25.217	230	1.81e-07	48.9
WP_000668284.1	WP_011014139.1	27.083	576	4.46e-55	201
WP_000668284.1	WP_011014139.1	25.325	462	3.90e-39	152
WP_000668284.1	WP_011015020.1	23.752	581	3.48e-52	187
WP_000668284.1	WP_011014011.1	27.938	519	6.41e-52	187
WP_000668284.1	WP_011265658.1	25.766	555	1.03e-44	166
WP_000668284.1	WP_011014012.1	26.559	433	8.83e-44	163
WP_000668284.1	WP_011014424.1	25.996	527	8.40e-41	154
WP_000668284.1	WP_011014362.1	23.755	522	1.32e-37	145
WP_000668284.1	WP_011265869.1	33.166	199	5.71e-26	108
WP_000668284.1	WP_011014807.1	32.489	237	5.75e-25	106
WP_000668284.1	WP_011014807.1	32.609	230	1.10e-18	86.7
WP_000668284.1	WP_011014865.1	34.715	193	1.37e-21	95.5
WP_000668284.1	WP_011015118.1	31.621	253	2.28e-21	94.7
WP_000668284.1	WP_011015118.1	29.956	227	4.22e-13	68.6
WP_000668284.1	WP_011014492.1	27.511	229	1.43e-20	88.2
WP_000668284.1	WP_011013338.1	26.872	227	2.53e-20	87.8
WP_000668284.1	WP_011013479.1	29.915	234	6.29e-20	87.8
WP_000668284.1	WP_011014379.1	29.876	241	9.88e-20	86.3
WP_000668284.1	WP_011013802.1	25.523	239	1.84e-19	85.5
WP_000668284.1	WP_011013642.1	29.817	218	2.63e-19	86.7
WP_000668284.1	WP_003855103.1	32.589	224	6.48e-19	83.2
WP_000668284.1	WP_003858089.1	29.362	235	2.14e-18	81.6
WP_000668284.1	WP_003854632.1	30.275	218	1.07e-17	82.0
WP_000668284.1	WP_011015040.1	32.057	209	1.48e-17	82.4
WP_000668284.1	WP_011015040.1	32.727	220	7.05e-16	77.4
WP_000668284.1	WP_011014374.1	28.571	245	2.87e-16	75.5
WP_000668284.1	WP_011013985.1	27.602	221	6.47e-16	74.3
WP_000668284.1	WP_003857431.1	28.169	213	1.16e-15	73.9
WP_000668284.1	WP_011265940.1	27.442	215	2.47e-15	73.2
WP_000668284.1	WP_011265986.1	29.832	238	7.33e-15	74.7
WP_000668284.1	WP_011013698.1	25.523	239	2.19e-14	70.5
WP_000668284.1	WP_003858826.1	27.434	226	2.51e-14	70.1
WP_000668284.1	WP_011014850.1	27.982	218	2.80e-14	70.5
WP_000668284.1	WP_003860245.1	26.840	231	3.18e-14	70.1
WP_000668284.1	WP_011013783.1	28.000	225	3.19e-14	69.3
WP_000668284.1	WP_011013333.1	31.841	201	8.32e-14	68.6
WP_000668284.1	WP_003857536.1	27.315	216	8.85e-14	67.8
WP_000668284.1	WP_011015140.1	26.809	235	9.56e-14	70.1
WP_000668284.1	WP_011015284.1	27.230	213	1.28e-13	68.2
WP_000668284.1	WP_011014450.1	26.389	216	1.42e-13	68.9
WP_000668284.1	WP_011013906.1	28.311	219	3.28e-13	66.6
WP_000668284.1	WP_011014216.1	27.481	262	5.13e-13	66.6
WP_000668284.1	WP_003856445.1	26.749	243	7.05e-13	65.9
WP_000668284.1	WP_011014154.1	26.269	453	1.76e-12	66.6
WP_000668284.1	WP_020948580.1	24.603	378	2.23e-12	66.2
WP_000668284.1	WP_011014212.1	28.070	228	7.32e-12	62.4
WP_000668284.1	WP_003856990.1	28.378	222	9.84e-12	62.4
WP_000668284.1	WP_011013931.1	28.293	205	2.09e-11	60.8
WP_000668284.1	WP_011013807.1	24.091	220	3.56e-11	60.8
WP_000668284.1	WP_003861735.1	25.455	220	6.28e-11	60.5
WP_000668284.1	WP_011013622.1	23.474	213	1.22e-10	59.3
WP_000668284.1	WP_011013851.1	25.110	227	1.83e-10	59.3
WP_000668284.1	WP_011014327.1	29.379	177	6.20e-10	58.2
WP_000668284.1	WP_011014233.1	30.000	210	6.60e-10	58.5
WP_000668284.1	WP_011014233.1	23.963	217	7.92e-08	51.6
WP_000668284.1	WP_011013996.1	25.581	215	7.71e-10	57.4
WP_000668284.1	WP_011013968.1	27.895	190	1.43e-09	57.4
WP_000668284.1	WP_011013968.1	23.383	201	7.95e-09	55.1
WP_000668284.1	WP_011015221.1	27.320	194	1.50e-09	55.8
WP_000668284.1	WP_011014351.1	30.058	173	2.35e-09	56.6
WP_000668284.1	WP_011015345.1	29.224	219	3.19e-09	55.5
WP_000668284.1	WP_011015133.1	25.118	211	5.06e-09	55.5
WP_000668284.1	WP_011013466.1	24.402	209	6.08e-09	53.9
WP_000668284.1	WP_011014000.1	37.273	110	8.98e-09	54.7
WP_000668284.1	WP_003862124.1	27.895	190	1.09e-08	54.3
WP_000668284.1	WP_011014089.1	23.684	228	1.78e-08	53.9
WP_000668284.1	WP_011013331.1	25.000	220	1.79e-08	52.0
WP_000668284.1	WP_003856078.1	27.778	162	2.23e-08	52.4
WP_000668284.1	WP_011014443.1	25.854	205	3.03e-08	53.1
WP_000668284.1	WP_011013712.1	27.313	227	3.73e-08	52.8
WP_000668284.1	WP_011265741.1	21.805	266	5.81e-08	52.0
WP_000668284.1	WP_011265741.1	39.189	74	7.35e-07	48.5
WP_000668284.1	WP_004567959.1	25.316	237	5.39e-07	48.5
WP_000668284.1	WP_011013984.1	25.974	231	9.27e-07	47.0
WP_000668284.1	WP_011014110.1	34.409	93	1.10e-06	48.1
WP_000668284.1	WP_011266014.1	25.767	163	2.22e-06	46.6
WP_000668284.1	WP_011014785.1	23.464	179	3.12e-06	45.4
WP_000670146.1	WP_011013575.1	29.592	196	7.19e-07	44.3
WP_000671113.1	WP_011014161.1	46.092	371	5.20e-112	345
WP_000671113.1	WP_011013876.1	43.923	362	1.85e-98	301
WP_000671113.1	WP_003856236.1	40.000	345	1.65e-75	242
WP_000671113.1	WP_020948572.1	31.481	108	6.70e-07	48.1
WP_000676515.1	WP_011013802.1	37.500	48	7.35e-06	37.7
WP_000676515.1	WP_003857536.1	54.839	31	8.54e-06	37.7
WP_000677519.1	WP_011013802.1	46.743	261	3.02e-96	280
WP_000677519.1	WP_011013338.1	47.431	253	6.61e-92	269
WP_000677519.1	WP_011013698.1	43.969	257	6.43e-87	256
WP_000677519.1	WP_011013906.1	39.574	235	7.84e-59	184
WP_000677519.1	WP_011014492.1	32.489	237	4.47e-48	156
WP_000677519.1	WP_011013807.1	31.325	249	8.63e-46	151
WP_000677519.1	WP_003856445.1	33.051	236	3.91e-45	149
WP_000677519.1	WP_011013622.1	31.646	237	5.60e-35	123
WP_000677519.1	WP_011013331.1	36.697	218	4.84e-32	114
WP_000677519.1	WP_011014379.1	31.718	227	6.19e-27	102
WP_000677519.1	WP_003857431.1	29.767	215	1.29e-26	100
WP_000677519.1	WP_011265986.1	29.434	265	4.61e-26	103
WP_000677519.1	WP_003854632.1	27.969	261	2.77e-24	96.7
WP_000677519.1	WP_011014807.1	27.731	238	4.31e-24	97.4
WP_000677519.1	WP_011014807.1	27.165	254	2.39e-22	92.4
WP_000677519.1	WP_011015284.1	33.641	217	1.06e-23	93.6
WP_000677519.1	WP_011013642.1	25.806	248	2.44e-23	94.0
WP_000677519.1	WP_011015040.1	32.068	237	2.68e-23	94.7
WP_000677519.1	WP_011015040.1	28.095	210	2.10e-21	89.4
WP_000677519.1	WP_011013783.1	30.841	214	1.10e-21	87.4
WP_000677519.1	WP_011013931.1	28.378	222	3.03e-21	85.9
WP_000677519.1	WP_011013985.1	31.250	240	9.20e-21	84.7
WP_000677519.1	WP_011013479.1	27.111	225	1.00e-20	85.9
WP_000677519.1	WP_011014139.1	29.437	231	3.25e-20	86.7
WP_000677519.1	WP_011014139.1	21.401	257	1.84e-08	51.2
WP_000677519.1	WP_003858826.1	25.664	226	7.24e-20	82.8
WP_000677519.1	WP_003857536.1	32.843	204	6.60e-19	79.7
WP_000677519.1	WP_011265940.1	25.203	246	8.74e-19	80.1
WP_000677519.1	WP_011015140.1	24.299	214	1.39e-18	80.9
WP_000677519.1	WP_011015221.1	30.038	263	1.90e-18	79.0
WP_000677519.1	WP_003855103.1	29.048	210	1.96e-18	78.6
WP_000677519.1	WP_011015118.1	26.728	217	2.47e-18	80.5
WP_000677519.1	WP_011015118.1	26.697	221	2.96e-15	71.6
WP_000677519.1	WP_011014233.1	30.317	221	6.42e-18	79.3
WP_000677519.1	WP_011014233.1	18.100	221	4.06e-07	47.0
WP_000677519.1	WP_011014850.1	27.358	212	1.88e-17	76.6
WP_000677519.1	WP_011013851.1	25.778	225	3.40e-17	76.3
WP_000677519.1	WP_011013996.1	26.027	219	4.50e-17	75.9
WP_000677519.1	WP_011013984.1	25.106	235	9.05e-17	73.9
WP_000677519.1	WP_003860245.1	25.728	206	9.32e-17	74.7
WP_000677519.1	WP_011014012.1	27.391	230	5.39e-16	73.9
WP_000677519.1	WP_011015133.1	28.692	237	6.09e-16	73.6
WP_000677519.1	WP_011015133.1	26.141	241	1.69e-13	66.2
WP_000677519.1	WP_011014327.1	25.701	214	6.69e-16	73.2
WP_000677519.1	WP_003862124.1	30.516	213	9.29e-16	72.8
WP_000677519.1	WP_003862124.1	26.549	226	2.72e-10	56.6
WP_000677519.1	WP_003856990.1	28.700	223	1.24e-15	71.2
WP_000677519.1	WP_011014450.1	24.775	222	1.98e-15	71.6
WP_000677519.1	WP_011014785.1	25.000	232	6.29e-15	68.6
WP_000677519.1	WP_011014216.1	26.818	220	6.57e-15	69.7
WP_000677519.1	WP_003861735.1	22.845	232	2.14e-14	67.8
WP_000677519.1	WP_011014351.1	25.316	237	3.35e-14	68.6
WP_000677519.1	WP_011014351.1	27.059	170	2.22e-09	53.9
WP_000677519.1	WP_011013712.1	24.201	219	6.40e-14	67.8
WP_000677519.1	WP_011013712.1	23.950	238	2.53e-13	65.9
WP_000677519.1	WP_011015020.1	27.586	232	7.41e-14	67.4
WP_000677519.1	WP_003858089.1	27.727	220	7.79e-14	65.5
WP_000677519.1	WP_011014212.1	26.244	221	1.41e-13	65.1
WP_000677519.1	WP_011013333.1	25.359	209	1.90e-13	64.7
WP_000677519.1	WP_011014374.1	25.339	221	4.40e-13	63.9
WP_000677519.1	WP_011015261.1	25.108	231	5.24e-13	63.2
WP_000677519.1	WP_011014540.1	29.697	165	1.76e-12	61.2
WP_000677519.1	WP_011013968.1	27.397	219	3.92e-12	62.4
WP_000677519.1	WP_011013968.1	25.688	218	5.72e-11	58.9
WP_000677519.1	WP_004567959.1	23.077	221	1.87e-11	59.7
WP_000677519.1	WP_011265869.1	24.775	222	1.51e-10	57.4
WP_000677519.1	WP_011265694.1	31.016	187	1.59e-10	57.4
WP_000677519.1	WP_011014910.1	23.611	216	2.04e-10	57.0
WP_000677519.1	WP_011014910.1	26.776	183	5.15e-10	55.8
WP_000677519.1	WP_011014011.1	24.348	230	3.84e-10	56.2
WP_000677519.1	WP_003856078.1	26.754	228	3.82e-09	52.4
WP_000677519.1	WP_011015345.1	24.299	214	1.49e-08	50.8
WP_000677519.1	WP_011014110.1	34.737	95	2.28e-08	50.8
WP_000677519.1	WP_011014443.1	26.906	223	5.98e-08	49.7
WP_000677519.1	WP_003862692.1	32.143	56	9.40e-08	44.7
WP_000677519.1	WP_011014089.1	25.328	229	2.17e-07	47.8
WP_000677519.1	WP_011014089.1	29.940	167	6.77e-07	46.2
WP_000677519.1	WP_011014362.1	21.610	236	5.56e-07	46.6
WP_000677519.1	WP_011013466.1	23.744	219	5.69e-07	45.8
WP_000677519.1	WP_011265658.1	21.702	235	7.21e-07	46.2
WP_000677519.1	WP_020948580.1	41.791	67	1.14e-06	45.8
WP_000677519.1	WP_011014424.1	19.907	216	1.39e-06	45.4
WP_000677519.1	WP_011014000.1	37.179	78	3.54e-06	43.9
WP_000677519.1	WP_011014865.1	26.875	160	3.59e-06	44.3
WP_000681597.1	WP_011013942.1	36.170	282	1.09e-49	170
WP_000681597.1	WP_011013542.1	28.994	169	3.89e-06	45.1
WP_000681716.1	WP_011014012.1	33.743	569	2.92e-110	338
WP_000681716.1	WP_011014011.1	26.769	523	5.04e-49	177
WP_000681716.1	WP_011014139.1	24.301	572	2.96e-45	168
WP_000681716.1	WP_011014139.1	27.978	554	7.25e-43	161
WP_000681716.1	WP_011015020.1	25.249	503	9.99e-40	150
WP_000681716.1	WP_011014362.1	23.529	561	2.36e-30	122
WP_000681716.1	WP_011265658.1	23.468	571	3.82e-26	108
WP_000681716.1	WP_011014424.1	27.016	248	1.03e-20	92.4
WP_000681716.1	WP_011265869.1	34.359	195	3.61e-19	87.4
WP_000681716.1	WP_003854632.1	28.226	248	1.52e-17	80.9
WP_000681716.1	WP_011014327.1	25.000	212	3.24e-17	80.5
WP_000681716.1	WP_011014865.1	32.812	192	4.93e-17	80.5
WP_000681716.1	WP_011014000.1	33.071	127	4.16e-15	74.3
WP_000681716.1	WP_011015140.1	25.333	225	5.63e-15	73.2
WP_000681716.1	WP_011013851.1	24.201	219	1.03e-14	72.0
WP_000681716.1	WP_011013931.1	27.477	222	5.00e-14	68.2
WP_000681716.1	WP_011014212.1	30.049	203	5.15e-14	68.6
WP_000681716.1	WP_003856445.1	22.951	244	8.05e-14	68.6
WP_000681716.1	WP_011013479.1	27.419	248	2.08e-13	67.8
WP_000681716.1	WP_011013331.1	32.432	222	2.26e-13	66.2
WP_000681716.1	WP_003858089.1	26.293	232	2.99e-13	65.9
WP_000681716.1	WP_011015284.1	24.359	234	3.71e-13	66.6
WP_000681716.1	WP_011015040.1	25.882	255	4.37e-13	67.8
WP_000681716.1	WP_011015040.1	25.439	228	1.33e-08	53.5
WP_000681716.1	WP_011014850.1	24.324	259	4.58e-13	66.6
WP_000681716.1	WP_004567959.1	24.664	223	2.18e-12	64.7
WP_000681716.1	WP_011014807.1	25.991	227	6.04e-12	64.7
WP_000681716.1	WP_011014807.1	24.898	245	9.71e-09	54.3
WP_000681716.1	WP_003857431.1	27.315	216	9.87e-12	61.6
WP_000681716.1	WP_011014450.1	25.877	228	1.78e-11	62.0
WP_000681716.1	WP_011014379.1	26.047	215	2.60e-11	60.8
WP_000681716.1	WP_011265741.1	29.545	132	3.30e-11	62.0
WP_000681716.1	WP_003858826.1	24.569	232	7.99e-11	59.3
WP_000681716.1	WP_011015118.1	26.829	246	9.88e-11	60.5
WP_000681716.1	WP_011015118.1	25.333	225	6.00e-09	55.1
WP_000681716.1	WP_011013783.1	24.569	232	1.45e-10	58.2
WP_000681716.1	WP_011013807.1	22.594	239	1.93e-10	58.2
WP_000681716.1	WP_011013712.1	25.498	251	2.44e-10	59.3
WP_000681716.1	WP_011013985.1	27.523	218	2.47e-10	57.4
WP_000681716.1	WP_011014374.1	23.661	224	1.08e-09	55.8
WP_000681716.1	WP_011013802.1	22.944	231	1.90e-09	55.1
WP_000681716.1	WP_011014492.1	27.411	197	2.06e-09	55.1
WP_000681716.1	WP_003861735.1	23.361	244	2.83e-09	55.1
WP_000681716.1	WP_011013333.1	28.571	189	2.90e-09	54.7
WP_000681716.1	WP_011013622.1	24.561	228	3.56e-09	54.3
WP_000681716.1	WP_011014154.1	35.088	114	6.21e-09	54.7
WP_000681716.1	WP_020948580.1	32.143	112	6.57e-09	54.7
WP_000681716.1	WP_003856990.1	22.870	223	1.31e-08	52.8
WP_000681716.1	WP_011013906.1	23.504	234	2.74e-08	51.6
WP_000681716.1	WP_003860245.1	21.698	212	3.38e-08	51.6
WP_000681716.1	WP_003862124.1	27.311	238	3.40e-08	52.4
WP_000681716.1	WP_003862124.1	28.824	170	8.10e-07	48.1
WP_000681716.1	WP_011013996.1	23.729	236	3.60e-08	51.6
WP_000681716.1	WP_011013642.1	20.884	249	6.76e-08	51.2
WP_000681716.1	WP_011013968.1	25.325	154	1.33e-07	50.8
WP_000681716.1	WP_011265940.1	23.256	215	1.95e-07	48.9
WP_000681716.1	WP_011014233.1	24.167	240	2.67e-07	49.7
WP_000681716.1	WP_011014233.1	24.402	209	1.81e-06	47.0
WP_000681716.1	WP_011015133.1	22.321	224	2.78e-07	49.7
WP_000681716.1	WP_011014910.1	30.052	193	4.60e-07	48.9
WP_000681716.1	WP_011014540.1	25.510	196	5.14e-07	47.0
WP_000681716.1	WP_003855103.1	22.791	215	7.20e-07	47.0
WP_000681716.1	WP_011013698.1	25.806	93	3.89e-06	45.1
WP_000681716.1	WP_011013338.1	23.265	245	6.03e-06	44.3
WP_000681716.1	WP_011013466.1	19.910	221	8.60e-06	43.9
WP_000682969.1	WP_011013396.1	22.747	233	4.82e-10	57.4
WP_000684223.1	WP_011013557.1	26.923	104	4.27e-08	47.4
WP_000686416.1	WP_003862609.1	29.137	278	8.94e-29	108
WP_000686921.1	WP_011014845.1	37.818	275	7.95e-63	195
WP_000686961.1	WP_011015336.1	29.932	147	6.05e-07	47.8
WP_000687067.1	WP_011014133.1	25.344	363	3.06e-25	102
WP_000689596.1	WP_011014303.1	38.158	76	6.65e-12	57.4
WP_000689596.1	WP_011014303.1	32.927	82	1.68e-08	47.8
WP_000689596.1	WP_011014841.1	33.750	80	6.71e-07	43.1
WP_000689710.1	WP_003855505.1	33.459	266	3.16e-43	144
WP_000689945.1	WP_011013889.1	38.000	200	8.61e-44	141
WP_000690854.1	WP_011014510.1	31.000	200	5.22e-22	86.3
WP_000690854.1	WP_011013561.1	28.125	160	7.66e-14	64.3
WP_000690854.1	WP_011014277.1	25.112	223	1.16e-09	53.5
WP_000691261.1	WP_011014942.1	28.479	309	2.24e-24	97.1
WP_000691261.1	WP_011014747.1	24.825	286	3.58e-09	52.8
WP_000691261.1	WP_011015277.1	26.582	158	3.26e-08	50.4
WP_000691405.1	WP_003859832.1	35.570	149	8.87e-26	92.0
WP_000692438.1	WP_011014183.1	32.374	278	5.08e-26	101
WP_000694504.1	WP_011013784.1	27.090	299	1.05e-36	129
WP_000697295.1	WP_011265689.1	23.333	360	1.05e-11	62.8
WP_000697295.1	WP_011013628.1	24.390	246	7.32e-06	44.7
WP_000697960.1	WP_011013630.1	36.957	230	7.43e-45	146
WP_000697960.1	WP_011013940.1	35.088	228	8.91e-36	122
WP_000697960.1	WP_003853866.1	31.140	228	3.14e-35	121
WP_000697960.1	WP_011015530.1	33.778	225	2.80e-34	119
WP_000697960.1	WP_011013867.1	31.982	222	2.93e-33	116
WP_000697960.1	WP_003863097.1	32.735	223	1.22e-29	107
WP_000697960.1	WP_011013524.1	28.636	220	2.57e-28	103
WP_000697960.1	WP_011015360.1	34.286	105	1.00e-06	44.3
WP_000697960.1	WP_003855418.1	26.562	192	6.95e-06	42.0
WP_000698434.1	WP_003862544.1	37.559	213	4.10e-35	120
WP_000698434.1	WP_011014822.1	33.649	211	3.38e-33	115
WP_000698434.1	WP_011015360.1	31.088	193	1.32e-30	108
WP_000698434.1	WP_003854586.1	29.741	232	1.33e-25	96.3
WP_000698434.1	WP_003860075.1	27.861	201	6.45e-20	80.5
WP_000698434.1	WP_011013940.1	30.075	133	6.59e-11	56.6
WP_000698434.1	WP_011015530.1	24.670	227	4.49e-10	54.3
WP_000698434.1	WP_003863097.1	25.373	134	1.88e-08	49.3
WP_000698434.1	WP_011013867.1	27.143	210	1.05e-07	47.4
WP_000698434.1	WP_003853866.1	22.652	181	5.92e-07	45.1
WP_000698434.1	WP_011265935.1	34.615	52	2.51e-06	43.9
WP_000699501.1	WP_011014475.1	29.798	198	3.74e-16	73.2
WP_000699968.1	WP_011013739.1	21.865	311	2.20e-06	46.2
WP_000701298.1	WP_011015020.1	27.110	557	4.15e-44	164
WP_000701298.1	WP_011014139.1	26.389	648	5.07e-44	167
WP_000701298.1	WP_011014139.1	25.054	459	5.36e-25	107
WP_000701298.1	WP_011014011.1	27.235	481	3.11e-43	162
WP_000701298.1	WP_011014362.1	37.712	236	1.79e-42	159
WP_000701298.1	WP_011014012.1	34.340	265	9.84e-38	145
WP_000701298.1	WP_011014424.1	34.940	249	1.27e-34	136
WP_000701298.1	WP_011265658.1	29.155	343	1.82e-33	132
WP_000701298.1	WP_011014807.1	34.711	242	6.14e-22	96.7
WP_000701298.1	WP_011014807.1	32.377	244	1.96e-19	89.0
WP_000701298.1	WP_011013642.1	31.197	234	7.75e-22	94.0
WP_000701298.1	WP_003857431.1	30.263	228	8.38e-21	89.0
WP_000701298.1	WP_011015284.1	32.727	220	7.91e-20	86.7
WP_000701298.1	WP_003858826.1	29.555	247	8.43e-20	86.3
WP_000701298.1	WP_011265869.1	29.286	280	1.32e-19	89.4
WP_000701298.1	WP_011013783.1	27.313	227	1.63e-19	85.1
WP_000701298.1	WP_003854632.1	29.167	216	2.25e-19	87.0
WP_000701298.1	WP_003855103.1	26.872	227	6.37e-19	82.8
WP_000701298.1	WP_011014212.1	30.769	208	7.24e-19	83.2
WP_000701298.1	WP_011014492.1	28.270	237	1.14e-18	82.8
WP_000701298.1	WP_011265986.1	29.630	243	4.60e-18	84.7
WP_000701298.1	WP_011014850.1	29.515	227	6.11e-18	81.6
WP_000701298.1	WP_011013807.1	28.571	231	7.12e-18	80.5
WP_000701298.1	WP_011014450.1	27.897	233	9.66e-18	81.6
WP_000701298.1	WP_011014865.1	36.559	186	1.53e-17	82.4
WP_000701298.1	WP_011013996.1	28.755	233	9.33e-17	78.2
WP_000701298.1	WP_011015040.1	31.579	209	5.71e-16	77.4
WP_000701298.1	WP_011015040.1	27.230	213	2.29e-14	72.4
WP_000701298.1	WP_003860245.1	29.018	224	7.10e-16	75.1
WP_000701298.1	WP_011013851.1	26.496	234	1.06e-15	75.5
WP_000701298.1	WP_011015118.1	30.435	207	1.32e-15	76.6
WP_000701298.1	WP_011015118.1	26.829	246	2.69e-10	59.7
WP_000701298.1	WP_011015140.1	27.074	229	9.93e-15	72.8
WP_000701298.1	WP_011013479.1	27.982	218	2.50e-14	70.9
WP_000701298.1	WP_011013802.1	25.778	225	3.24e-14	70.1
WP_000701298.1	WP_011013931.1	27.556	225	3.68e-14	68.9
WP_000701298.1	WP_011014540.1	29.319	191	4.16e-14	68.2
WP_000701298.1	WP_003857536.1	25.926	216	6.38e-14	68.2
WP_000701298.1	WP_003856445.1	28.395	243	1.66e-13	67.8
WP_000701298.1	WP_003861735.1	27.778	234	1.87e-13	67.8
WP_000701298.1	WP_011013338.1	26.754	228	2.59e-13	67.0
WP_000701298.1	WP_011013698.1	26.407	231	6.50e-13	65.9
WP_000701298.1	WP_011013712.1	26.210	248	8.85e-13	67.8
WP_000701298.1	WP_011013712.1	25.664	226	2.08e-08	53.5
WP_000701298.1	WP_011014374.1	24.771	218	3.25e-12	63.5
WP_000701298.1	WP_011013985.1	24.229	227	7.14e-12	62.4
WP_000701298.1	WP_003858089.1	25.000	228	7.47e-12	62.4
WP_000701298.1	WP_003862124.1	29.185	233	1.27e-11	63.5
WP_000701298.1	WP_011014379.1	31.395	172	2.04e-11	61.6
WP_000701298.1	WP_011015261.1	28.235	170	2.31e-11	60.8
WP_000701298.1	WP_011013331.1	27.027	222	2.78e-11	60.5
WP_000701298.1	WP_004567959.1	25.229	218	3.99e-11	61.2
WP_000701298.1	WP_011013333.1	27.513	189	4.89e-11	60.1
WP_000701298.1	WP_011014327.1	26.106	226	5.32e-11	61.6
WP_000701298.1	WP_011265940.1	25.877	228	2.73e-10	58.2
WP_000701298.1	WP_003856990.1	25.481	208	5.54e-10	57.0
WP_000701298.1	WP_003856078.1	30.093	216	1.00e-09	56.2
WP_000701298.1	WP_011014910.1	25.472	212	1.87e-09	57.0
WP_000701298.1	WP_011014785.1	25.128	195	2.09e-09	55.1
WP_000701298.1	WP_020948580.1	28.105	153	2.18e-09	56.6
WP_000701298.1	WP_011014233.1	25.854	205	3.06e-09	56.2
WP_000701298.1	WP_011014154.1	34.454	119	5.52e-09	55.5
WP_000701298.1	WP_011013968.1	25.114	219	1.29e-08	54.3
WP_000701298.1	WP_011013968.1	26.904	197	9.19e-07	48.5
WP_000701298.1	WP_011015345.1	26.425	193	3.93e-08	52.0
WP_000701298.1	WP_011013906.1	26.512	215	4.55e-08	51.2
WP_000701298.1	WP_011014000.1	32.184	87	4.24e-07	49.3
WP_000701298.1	WP_011013466.1	42.553	47	7.74e-07	47.8
WP_000701298.1	WP_011013984.1	24.631	203	7.88e-07	47.4
WP_000701298.1	WP_011014216.1	23.810	210	9.28e-07	47.8
WP_000701298.1	WP_011265741.1	38.462	52	1.78e-06	47.4
WP_000701298.1	WP_011015133.1	28.191	188	2.23e-06	47.0
WP_000701427.1	WP_011014766.1	35.174	688	2.77e-111	347
WP_000701992.1	WP_011014744.1	31.852	135	1.07e-10	53.1
WP_000702172.1	WP_011014486.1	35.608	337	4.67e-60	194
WP_000703352.1	WP_011014922.1	28.788	396	7.15e-34	129
WP_000703352.1	WP_011013343.1	26.885	305	1.17e-24	101
WP_000705102.1	WP_011014782.1	27.451	153	5.37e-07	45.4
WP_000705306.1	WP_003861752.1	38.830	188	8.31e-34	123
WP_000705418.1	WP_003854761.1	32.292	96	4.09e-09	46.6
WP_000706301.1	WP_011014766.1	40.816	98	3.87e-15	65.9
WP_000706421.1	WP_011014866.1	30.968	310	5.84e-32	120
WP_000706421.1	WP_011014734.1	35.398	113	1.46e-15	69.7
WP_000706963.1	WP_003858829.1	31.053	190	1.16e-17	73.6
WP_000708370.1	WP_011015020.1	39.419	241	6.52e-58	201
WP_000708370.1	WP_011014011.1	28.457	499	1.94e-52	186
WP_000708370.1	WP_011014012.1	27.483	433	1.21e-45	166
WP_000708370.1	WP_011014139.1	34.764	233	3.19e-44	166
WP_000708370.1	WP_011014139.1	22.986	509	1.78e-31	127
WP_000708370.1	WP_011265658.1	36.910	233	2.31e-43	160
WP_000708370.1	WP_011014362.1	30.932	236	5.07e-40	150
WP_000708370.1	WP_011014424.1	30.864	243	2.19e-36	140
WP_000708370.1	WP_011014865.1	30.132	302	6.47e-28	114
WP_000708370.1	WP_003858089.1	31.718	227	7.45e-28	108
WP_000708370.1	WP_011265869.1	33.654	208	3.94e-26	108
WP_000708370.1	WP_003854632.1	28.571	245	5.77e-26	106
WP_000708370.1	WP_011014379.1	27.888	251	8.81e-22	92.0
WP_000708370.1	WP_011013642.1	28.511	235	1.66e-21	92.8
WP_000708370.1	WP_003855103.1	29.004	231	1.89e-21	90.1
WP_000708370.1	WP_003858826.1	26.482	253	4.32e-21	89.7
WP_000708370.1	WP_011013807.1	27.160	243	7.13e-21	89.0
WP_000708370.1	WP_011013996.1	25.974	231	9.93e-21	89.7
WP_000708370.1	WP_011013479.1	29.915	234	1.67e-20	89.0
WP_000708370.1	WP_003857431.1	29.204	226	2.70e-20	87.0
WP_000708370.1	WP_011014492.1	26.471	238	8.50e-20	85.9
WP_000708370.1	WP_011013802.1	23.651	241	2.06e-19	85.1
WP_000708370.1	WP_011015140.1	28.326	233	3.89e-19	85.9
WP_000708370.1	WP_011013622.1	26.809	235	1.45e-18	82.4
WP_000708370.1	WP_011015118.1	28.636	220	3.05e-18	84.3
WP_000708370.1	WP_011015118.1	28.261	230	9.24e-11	60.8
WP_000708370.1	WP_011014327.1	30.460	174	3.57e-18	83.6
WP_000708370.1	WP_011013851.1	26.068	234	5.92e-18	81.6
WP_000708370.1	WP_011014374.1	26.180	233	6.26e-18	80.1
WP_000708370.1	WP_011013698.1	22.414	232	1.42e-17	79.3
WP_000708370.1	WP_011014807.1	25.581	258	2.24e-17	81.6
WP_000708370.1	WP_011014807.1	26.160	237	1.52e-11	63.2
WP_000708370.1	WP_011013985.1	23.932	234	6.23e-17	77.0
WP_000708370.1	WP_011014212.1	25.837	209	8.30e-17	76.6
WP_000708370.1	WP_011014850.1	26.577	222	1.04e-16	77.4
WP_000708370.1	WP_011013931.1	29.121	182	1.87e-16	75.1
WP_000708370.1	WP_011013338.1	24.291	247	2.24e-16	75.9
WP_000708370.1	WP_011014450.1	25.991	227	3.39e-16	76.6
WP_000708370.1	WP_011015040.1	25.217	230	4.24e-16	77.4
WP_000708370.1	WP_011015040.1	27.234	235	1.90e-14	72.4
WP_000708370.1	WP_003856990.1	27.083	240	6.49e-16	74.7
WP_000708370.1	WP_003862124.1	27.064	218	8.80e-16	76.3
WP_000708370.1	WP_003862124.1	25.000	184	3.65e-10	58.5
WP_000708370.1	WP_011013783.1	27.907	215	1.01e-14	70.5
WP_000708370.1	WP_003860245.1	25.481	208	2.38e-14	70.1
WP_000708370.1	WP_011014785.1	25.114	219	4.27e-14	68.6
WP_000708370.1	WP_003856445.1	24.696	247	7.38e-14	68.6
WP_000708370.1	WP_003857536.1	21.519	237	1.04e-13	67.4
WP_000708370.1	WP_011265986.1	23.462	260	1.31e-13	70.1
WP_000708370.1	WP_011265940.1	21.721	244	2.34e-13	67.0
WP_000708370.1	WP_011013906.1	21.825	252	3.76e-13	66.2
WP_000708370.1	WP_011015284.1	26.339	224	3.99e-13	66.2
WP_000708370.1	WP_011013984.1	21.795	234	4.08e-13	65.9
WP_000708370.1	WP_003861735.1	23.750	240	4.17e-13	66.6
WP_000708370.1	WP_011013331.1	25.000	216	1.09e-12	64.3
WP_000708370.1	WP_011014233.1	27.511	229	1.37e-12	66.6
WP_000708370.1	WP_011014233.1	23.902	205	7.34e-08	51.6
WP_000708370.1	WP_011013968.1	23.950	238	1.63e-12	66.6
WP_000708370.1	WP_011013968.1	27.119	177	4.99e-10	58.5
WP_000708370.1	WP_011015345.1	25.909	220	3.27e-12	64.3
WP_000708370.1	WP_011013333.1	27.374	179	3.47e-12	63.2
WP_000708370.1	WP_011013712.1	22.656	256	4.03e-12	65.1
WP_000708370.1	WP_011013712.1	24.180	244	6.84e-11	61.2
WP_000708370.1	WP_004567959.1	25.000	228	1.42e-11	62.0
WP_000708370.1	WP_011015221.1	27.143	210	1.98e-11	61.2
WP_000708370.1	WP_011265741.1	29.167	120	5.09e-10	58.2
WP_000708370.1	WP_011015133.1	23.671	207	2.36e-09	56.2
WP_000708370.1	WP_020948580.1	32.609	92	9.63e-09	54.3
WP_000708370.1	WP_011014000.1	20.955	377	1.24e-08	53.9
WP_000708370.1	WP_011014540.1	24.378	201	1.87e-08	51.2
WP_000708370.1	WP_011014216.1	21.514	251	2.92e-08	52.0
WP_000708370.1	WP_011014443.1	24.519	208	9.38e-08	51.2
WP_000708370.1	WP_011014154.1	24.747	198	1.68e-07	50.4
WP_000708370.1	WP_011014910.1	25.000	212	2.55e-07	49.7
WP_000708370.1	WP_011014110.1	32.692	104	3.77e-07	49.3
WP_000708370.1	WP_011015261.1	27.273	165	7.56e-07	47.0
WP_000708370.1	WP_003856078.1	25.571	219	1.59e-06	46.2
WP_000708370.1	WP_011013466.1	43.478	46	2.52e-06	45.8
WP_000709032.1	WP_003857452.1	38.596	171	1.05e-12	60.1
WP_000709208.1	WP_011014434.1	31.095	283	5.70e-27	106
WP_000710115.1	WP_011015227.1	29.545	88	9.73e-06	42.7
WP_000710764.1	WP_003858446.1	53.165	79	4.67e-28	93.6
WP_000712132.1	WP_003861660.1	35.838	173	2.51e-27	99.0
WP_000712728.1	WP_011265558.1	22.066	213	1.36e-07	48.5
WP_000714582.1	WP_004567523.1	28.139	231	3.13e-19	82.4
WP_000714582.1	WP_011265737.1	29.048	210	2.93e-17	77.4
WP_000714582.1	WP_011013848.1	23.118	186	9.82e-07	46.2
WP_000717501.1	WP_003858391.1	38.202	178	6.99e-32	110
WP_000717501.1	WP_011013616.1	34.568	81	6.48e-13	62.0
WP_000717501.1	WP_003862229.1	27.211	147	5.34e-06	42.0
WP_000719158.1	WP_172820760.1	26.568	271	7.69e-12	62.8
WP_000722076.1	WP_011013630.1	46.053	228	9.20e-73	218
WP_000722076.1	WP_011013867.1	46.552	232	4.61e-68	206
WP_000722076.1	WP_011015530.1	43.913	230	1.43e-55	174
WP_000722076.1	WP_003853866.1	40.351	228	1.85e-52	166
WP_000722076.1	WP_011013940.1	41.026	234	2.69e-52	166
WP_000722076.1	WP_003863097.1	36.522	230	7.02e-45	147
WP_000722076.1	WP_011013524.1	36.638	232	2.33e-38	129
WP_000722076.1	WP_003854586.1	29.508	183	9.01e-08	47.8
WP_000722076.1	WP_003855418.1	29.060	117	2.61e-06	43.5
WP_000724057.1	WP_011013329.1	28.852	305	1.03e-25	103
WP_000724790.1	WP_003860372.1	24.107	336	3.86e-22	92.4
WP_000726149.1	WP_003860043.1	31.513	238	3.41e-16	76.3
WP_000726272.1	WP_003858824.1	36.538	208	1.21e-30	119
WP_000726272.1	WP_011014781.1	34.742	213	5.66e-27	107
WP_000726272.1	WP_011014780.1	32.599	227	3.87e-23	95.1
WP_000726272.1	WP_011014291.1	25.431	232	2.12e-12	65.5
WP_000726272.1	WP_011014291.1	23.111	225	5.55e-11	60.8
WP_000726272.1	WP_011015348.1	26.016	123	2.65e-07	49.7
WP_000726272.1	WP_011014779.1	23.111	225	2.18e-06	46.6
WP_000726272.1	WP_011014779.1	21.645	231	6.22e-06	45.1
WP_000727277.1	WP_011013885.1	29.086	361	2.35e-28	109
WP_000727904.1	WP_003855313.1	34.127	126	1.55e-12	63.2
WP_000727904.1	WP_011015508.1	23.411	299	4.56e-07	47.0
WP_000728641.1	WP_011015553.1	23.600	250	5.12e-08	51.2
WP_000730476.1	WP_011013847.1	33.463	257	6.40e-40	137
WP_000730476.1	WP_011014325.1	28.674	279	3.49e-36	127
WP_000730476.1	WP_011015137.1	29.771	262	5.51e-27	103
WP_000730476.1	WP_011013848.1	23.423	222	4.43e-09	52.8
WP_000730476.1	WP_011265558.1	21.429	168	4.88e-06	43.9
WP_000731179.1	WP_011013644.1	23.810	315	2.56e-15	72.4
WP_000731916.1	WP_031512456.1	36.765	204	1.87e-25	95.9
WP_000731916.1	WP_011014511.1	29.319	191	1.07e-17	77.4
WP_000733059.1	WP_011013329.1	26.014	296	3.33e-24	96.7
WP_000733059.1	WP_011015260.1	31.034	116	3.17e-10	56.6
WP_000737440.1	WP_011265906.1	29.054	148	6.93e-12	56.6
WP_000738763.1	WP_011013850.1	21.138	246	9.68e-06	43.9
WP_000739253.1	WP_003860977.1	40.625	64	2.13e-06	40.8
WP_000742235.1	WP_011015037.1	22.772	303	1.81e-07	50.4
WP_000742235.1	WP_011015076.1	25.348	359	6.22e-07	48.9
WP_000742235.1	WP_011014806.1	28.723	188	7.32e-06	45.4
WP_000742913.1	WP_011014327.1	37.467	379	1.43e-71	226
WP_000742913.1	WP_011015140.1	39.677	310	4.15e-68	216
WP_000742913.1	WP_011013851.1	39.777	269	1.77e-64	205
WP_000742913.1	WP_011013642.1	36.416	346	2.08e-64	206
WP_000742913.1	WP_011013479.1	34.347	329	2.43e-56	183
WP_000742913.1	WP_011014807.1	35.581	267	1.55e-44	158
WP_000742913.1	WP_011014807.1	30.597	268	1.62e-25	104
WP_000742913.1	WP_003854632.1	33.607	244	1.33e-43	152
WP_000742913.1	WP_011013931.1	38.009	221	3.21e-39	136
WP_000742913.1	WP_003857431.1	35.270	241	5.25e-39	136
WP_000742913.1	WP_003855103.1	37.778	225	3.08e-38	134
WP_000742913.1	WP_003858826.1	33.202	253	5.28e-38	134
WP_000742913.1	WP_011015118.1	35.345	232	1.29e-36	136
WP_000742913.1	WP_011015118.1	27.341	267	3.54e-19	85.5
WP_000742913.1	WP_011015284.1	32.806	253	2.19e-36	130
WP_000742913.1	WP_003858089.1	34.703	219	2.64e-35	126
WP_000742913.1	WP_011014212.1	34.348	230	1.47e-34	124
WP_000742913.1	WP_011015040.1	35.622	233	1.85e-33	126
WP_000742913.1	WP_011015040.1	31.222	221	5.30e-21	90.9
WP_000742913.1	WP_011013783.1	33.333	234	2.28e-33	121
WP_000742913.1	WP_011014850.1	30.493	223	7.29e-32	119
WP_000742913.1	WP_003860245.1	33.610	241	8.88e-30	112
WP_000742913.1	WP_011014450.1	31.364	220	6.42e-29	111
WP_000742913.1	WP_011013333.1	33.184	223	2.72e-26	102
WP_000742913.1	WP_011265986.1	28.346	254	1.14e-25	105
WP_000742913.1	WP_011013807.1	31.081	222	1.01e-24	98.6
WP_000742913.1	WP_011013996.1	29.680	219	1.88e-24	98.6
WP_000742913.1	WP_011015020.1	31.489	235	3.66e-24	100
WP_000742913.1	WP_003862124.1	29.023	348	6.59e-24	99.0
WP_000742913.1	WP_003862124.1	33.684	190	2.88e-15	73.2
WP_000742913.1	WP_011014374.1	30.531	226	1.31e-23	95.1
WP_000742913.1	WP_003857536.1	27.193	228	1.43e-23	94.7
WP_000742913.1	WP_003856445.1	26.695	236	4.86e-23	94.0
WP_000742913.1	WP_003856990.1	30.568	229	6.32e-23	93.6
WP_000742913.1	WP_003861735.1	26.389	216	7.84e-23	94.0
WP_000742913.1	WP_011014492.1	29.289	239	8.14e-23	92.8
WP_000742913.1	WP_011013698.1	31.019	216	2.50e-22	92.0
WP_000742913.1	WP_011013985.1	28.821	229	3.75e-22	90.9
WP_000742913.1	WP_011013712.1	31.224	237	1.17e-21	93.2
WP_000742913.1	WP_011013712.1	26.267	217	7.40e-11	60.1
WP_000742913.1	WP_011013802.1	30.374	214	1.28e-21	90.1
WP_000742913.1	WP_011014233.1	27.149	221	1.36e-21	92.8
WP_000742913.1	WP_011014233.1	23.810	231	3.64e-14	70.1
WP_000742913.1	WP_011013906.1	29.333	225	1.53e-21	89.4
WP_000742913.1	WP_011014379.1	29.707	239	1.90e-21	89.4
WP_000742913.1	WP_011014012.1	25.751	233	1.04e-20	90.1
WP_000742913.1	WP_011265940.1	31.100	209	2.66e-20	86.3
WP_000742913.1	WP_011013338.1	28.636	220	8.40e-20	84.7
WP_000742913.1	WP_011014785.1	32.766	235	2.77e-19	82.4
WP_000742913.1	WP_011013984.1	28.440	218	7.08e-19	81.6
WP_000742913.1	WP_011013622.1	26.383	235	2.59e-17	77.8
WP_000742913.1	WP_011015345.1	24.335	263	3.04e-17	78.2
WP_000742913.1	WP_011014139.1	28.505	214	4.73e-17	79.7
WP_000742913.1	WP_011014139.1	25.764	229	5.01e-13	67.0
WP_000742913.1	WP_011015221.1	31.140	228	5.48e-17	76.6
WP_000742913.1	WP_011013466.1	25.854	205	8.03e-17	76.3
WP_000742913.1	WP_011015261.1	27.039	233	4.84e-16	73.2
WP_000742913.1	WP_011013331.1	27.962	211	3.83e-15	70.5
WP_000742913.1	WP_011014216.1	27.948	229	1.51e-14	70.1
WP_000742913.1	WP_011014011.1	27.826	230	1.60e-14	71.6
WP_000742913.1	WP_004567959.1	24.658	219	1.63e-14	70.1
WP_000742913.1	WP_011265869.1	29.412	221	9.03e-13	65.9
WP_000742913.1	WP_011015133.1	25.000	196	3.66e-11	60.8
WP_000742913.1	WP_011015133.1	25.103	243	9.57e-10	56.6
WP_000742913.1	WP_011014362.1	25.214	234	4.29e-11	60.8
WP_000742913.1	WP_003856078.1	23.944	213	5.52e-11	58.9
WP_000742913.1	WP_011014540.1	23.333	180	1.69e-10	56.6
WP_000742913.1	WP_011013968.1	24.229	227	2.13e-10	58.5
WP_000742913.1	WP_011013968.1	26.667	210	3.52e-07	48.5
WP_000742913.1	WP_011014865.1	31.214	173	1.95e-09	55.5
WP_000742913.1	WP_011014351.1	24.706	255	2.95e-09	54.7
WP_000742913.1	WP_011014424.1	25.339	221	4.73e-09	54.3
WP_000742913.1	WP_011014910.1	24.413	213	6.57e-09	53.9
WP_000742913.1	WP_011265658.1	26.636	214	1.33e-08	52.8
WP_000742913.1	WP_011014443.1	23.611	216	5.03e-08	51.2
WP_000742913.1	WP_011266014.1	32.967	91	6.67e-07	47.0
WP_000742913.1	WP_011265741.1	40.984	61	2.62e-06	45.4
WP_000742913.1	WP_020948580.1	41.667	48	9.04e-06	43.9
WP_000743611.1	WP_011015555.1	54.379	491	0.0	565
WP_000743672.1	WP_011015505.1	26.336	262	3.66e-20	87.0
WP_000743672.1	WP_003857531.1	27.686	242	1.13e-17	79.3
WP_000743672.1	WP_011013998.1	25.000	200	4.77e-09	53.5
WP_000743819.1	WP_011013676.1	31.092	238	1.08e-26	103
WP_000743819.1	WP_306556813.1	29.612	206	1.80e-16	74.7
WP_000743819.1	WP_011265892.1	30.705	241	2.05e-15	72.0
WP_000744528.1	WP_011013329.1	28.455	246	3.61e-20	85.5
WP_000744528.1	WP_011015260.1	23.053	321	3.16e-07	47.4
WP_000744538.1	WP_011015317.1	45.779	616	1.01e-167	498
WP_000744538.1	WP_011265753.1	37.443	219	6.05e-35	135
WP_000744897.1	WP_011013946.1	27.733	375	6.26e-32	121
WP_000744897.1	WP_011013927.1	27.072	362	4.46e-21	90.5
WP_000745389.1	WP_003860409.1	35.065	154	8.36e-18	72.8
WP_000746338.1	WP_011015224.1	28.079	203	6.09e-08	49.7
WP_000748873.1	WP_011015037.1	21.386	505	6.81e-09	55.1
WP_000752705.1	WP_011014958.1	33.667	300	2.80e-46	163
WP_000752705.1	WP_011014138.1	28.137	263	2.66e-21	91.7
WP_000753792.1	WP_011013477.1	23.451	226	4.96e-11	58.2
WP_000754663.1	WP_011015567.1	27.807	187	4.81e-08	50.8
WP_000757154.1	WP_004567523.1	33.333	291	4.89e-36	127
WP_000757154.1	WP_011265737.1	31.852	270	3.41e-28	107
WP_000757154.1	WP_011013848.1	26.641	259	2.22e-18	80.5
WP_000757369.1	WP_003855585.1	25.668	187	2.45e-10	53.9
WP_000757369.1	WP_011015164.1	22.981	161	3.89e-06	41.6
WP_000757369.1	WP_011015624.1	53.571	28	6.96e-06	40.0
WP_000759187.1	WP_011014779.1	25.267	281	1.54e-18	80.1
WP_000759187.1	WP_011015348.1	21.186	236	2.39e-10	56.6
WP_000759187.1	WP_011014291.1	23.466	277	3.49e-09	53.1
WP_000759901.1	WP_003857497.1	30.075	133	1.04e-16	77.4
WP_000759901.1	WP_011015119.1	24.873	197	6.76e-14	68.9
WP_000759901.1	WP_003853884.1	24.413	213	5.29e-13	66.2
WP_000759901.1	WP_011015038.1	29.231	130	6.99e-11	59.7
WP_000760673.1	WP_003862621.1	24.479	192	3.82e-10	55.1
WP_000760673.1	WP_003857140.1	33.684	95	7.11e-07	45.4
WP_000760673.1	WP_011015487.1	33.333	63	1.19e-06	44.7
WP_000761894.1	WP_011014198.1	28.774	212	8.21e-23	91.7
WP_000762061.1	WP_011015060.1	24.211	285	3.25e-11	58.9
WP_000762485.1	WP_011014141.1	31.047	277	6.11e-29	107
WP_000762485.1	WP_011014493.1	28.276	290	2.79e-26	100
WP_000762485.1	WP_011013640.1	31.481	216	9.08e-25	97.1
WP_000762628.1	WP_011015547.1	26.072	583	8.03e-45	168
WP_000762628.1	WP_011013529.1	26.080	625	1.16e-33	134
WP_000762628.1	WP_011013342.1	23.952	334	1.79e-07	50.4
WP_000763053.1	WP_011013534.1	32.283	254	2.32e-32	116
WP_000763053.1	WP_011015096.1	28.571	252	1.98e-25	97.8
WP_000763053.1	WP_011014905.1	28.740	254	3.52e-24	94.7
WP_000763053.1	WP_011015298.1	31.890	254	8.74e-24	92.8
WP_000763053.1	WP_011013723.1	29.918	244	1.01e-23	92.4
WP_000763053.1	WP_011013843.1	25.896	251	5.13e-21	85.5
WP_000763053.1	WP_011015148.1	30.481	187	4.22e-17	74.7
WP_000763053.1	WP_011015594.1	30.319	188	2.55e-13	63.9
WP_000763053.1	WP_003856628.1	29.121	182	1.66e-12	62.0
WP_000763053.1	WP_011015125.1	26.738	187	2.97e-12	60.8
WP_000763053.1	WP_011014065.1	31.313	99	4.76e-07	45.4
WP_000763464.1	WP_011015468.1	28.014	282	4.36e-20	84.0
WP_000763464.1	WP_003858506.1	25.556	270	1.46e-14	68.2
WP_000763464.1	WP_003853955.1	25.969	258	4.31e-13	64.3
WP_000763969.1	WP_011014164.1	23.741	278	1.02e-14	73.2
WP_000763969.1	WP_011015597.1	25.234	214	1.32e-13	69.7
WP_000763969.1	WP_011015326.1	22.384	411	1.33e-07	51.2
WP_000764303.1	WP_011013906.1	45.382	249	2.45e-79	236
WP_000764303.1	WP_011013698.1	34.855	241	5.92e-53	169
WP_000764303.1	WP_011013802.1	35.319	235	1.65e-52	168
WP_000764303.1	WP_011013338.1	33.865	251	1.19e-51	166
WP_000764303.1	WP_011013622.1	34.746	236	7.15e-47	154
WP_000764303.1	WP_011013807.1	32.922	243	1.64e-45	150
WP_000764303.1	WP_011014492.1	30.472	233	1.30e-40	137
WP_000764303.1	WP_003856445.1	28.926	242	6.46e-35	122
WP_000764303.1	WP_003858826.1	28.692	237	3.91e-28	104
WP_000764303.1	WP_011013479.1	30.837	227	5.03e-28	105
WP_000764303.1	WP_003857431.1	28.251	223	4.14e-25	96.3
WP_000764303.1	WP_011014379.1	28.085	235	2.61e-24	94.7
WP_000764303.1	WP_003860245.1	32.039	206	8.32e-24	93.6
WP_000764303.1	WP_011013931.1	29.279	222	2.01e-23	91.3
WP_000764303.1	WP_011265940.1	26.160	237	2.19e-23	92.0
WP_000764303.1	WP_011014212.1	30.660	212	5.17e-23	90.9
WP_000764303.1	WP_011013331.1	31.628	215	5.24e-23	90.1
WP_000764303.1	WP_003855103.1	28.774	212	7.49e-23	90.1
WP_000764303.1	WP_003854632.1	27.488	211	3.24e-22	90.5
WP_000764303.1	WP_011013851.1	29.148	223	6.61e-22	89.4
WP_000764303.1	WP_011015040.1	25.926	216	1.70e-21	89.4
WP_000764303.1	WP_011015040.1	25.339	221	2.73e-21	88.6
WP_000764303.1	WP_003857536.1	28.910	211	4.63e-21	85.1
WP_000764303.1	WP_011014807.1	29.302	215	1.08e-20	87.4
WP_000764303.1	WP_011014807.1	24.138	232	3.36e-16	73.9
WP_000764303.1	WP_011015140.1	28.500	200	2.70e-20	85.1
WP_000764303.1	WP_011015118.1	29.358	218	8.09e-20	84.7
WP_000764303.1	WP_011015118.1	26.754	228	2.01e-17	77.8
WP_000764303.1	WP_011013783.1	26.214	206	4.02e-19	80.1
WP_000764303.1	WP_011013642.1	28.643	199	4.61e-19	81.6
WP_000764303.1	WP_011013984.1	25.541	231	5.73e-19	79.7
WP_000764303.1	WP_011014327.1	26.383	235	1.16e-18	80.9
WP_000764303.1	WP_011265986.1	29.596	223	2.46e-18	80.5
WP_000764303.1	WP_011014450.1	26.432	227	4.63e-18	78.6
WP_000764303.1	WP_011013968.1	28.163	245	5.68e-18	79.3
WP_000764303.1	WP_011013968.1	25.854	205	3.17e-09	53.1
WP_000764303.1	WP_011015345.1	24.651	215	6.10e-18	78.2
WP_000764303.1	WP_011014233.1	25.339	221	9.30e-18	78.6
WP_000764303.1	WP_011014233.1	24.138	232	5.47e-07	46.6
WP_000764303.1	WP_003858089.1	27.354	223	1.89e-17	75.5
WP_000764303.1	WP_003861735.1	23.207	237	2.53e-17	75.9
WP_000764303.1	WP_011015261.1	27.660	235	3.98e-17	74.3
WP_000764303.1	WP_011015221.1	26.531	245	3.15e-16	72.4
WP_000764303.1	WP_011013996.1	25.714	210	7.49e-16	72.0
WP_000764303.1	WP_011015284.1	28.000	200	7.61e-16	71.6
WP_000764303.1	WP_011013712.1	28.571	217	2.17e-15	71.6
WP_000764303.1	WP_003862124.1	29.384	211	6.25e-15	70.1
WP_000764303.1	WP_003862124.1	28.866	194	5.74e-11	58.5
WP_000764303.1	WP_011015020.1	23.137	255	6.40e-15	70.5
WP_000764303.1	WP_011013333.1	28.205	234	1.04e-14	68.2
WP_000764303.1	WP_011014216.1	23.894	226	3.47e-14	67.0
WP_000764303.1	WP_011014850.1	22.936	218	5.02e-14	66.6
WP_000764303.1	WP_011013985.1	26.339	224	5.69e-14	65.9
WP_000764303.1	WP_011014374.1	24.186	215	3.64e-13	63.9
WP_000764303.1	WP_011014910.1	27.225	191	5.27e-12	61.6
WP_000764303.1	WP_011014910.1	24.701	251	9.78e-10	54.7
WP_000764303.1	WP_011014139.1	21.645	231	9.61e-12	61.2
WP_000764303.1	WP_011014139.1	21.030	233	4.69e-06	43.9
WP_000764303.1	WP_011014012.1	24.286	210	2.22e-11	59.7
WP_000764303.1	WP_003856990.1	25.101	247	6.87e-11	57.4
WP_000764303.1	WP_011014443.1	26.601	203	9.64e-10	54.7
WP_000764303.1	WP_011014443.1	25.571	219	8.79e-07	45.8
WP_000764303.1	WP_011014785.1	25.366	205	2.49e-09	52.4
WP_000764303.1	WP_011266014.1	32.456	114	9.79e-09	51.6
WP_000764303.1	WP_011015133.1	26.582	237	1.34e-08	51.2
WP_000764303.1	WP_004567959.1	21.778	225	4.46e-08	49.3
WP_000764303.1	WP_011014351.1	21.875	224	6.37e-08	49.3
WP_000764303.1	WP_011014865.1	30.159	189	8.69e-08	48.9
WP_000764303.1	WP_011013466.1	21.596	213	1.09e-07	48.1
WP_000764303.1	WP_011014011.1	20.690	232	1.10e-07	48.5
WP_000764303.1	WP_003856078.1	23.874	222	3.16e-07	46.6
WP_000764303.1	WP_011014110.1	29.333	75	2.56e-06	44.7
WP_000764303.1	WP_011014089.1	38.095	63	2.83e-06	44.3
WP_000764303.1	WP_011014540.1	25.397	189	4.70e-06	42.7
WP_000764303.1	WP_003862692.1	33.333	48	5.43e-06	39.7
WP_000764303.1	WP_011265658.1	19.574	235	5.62e-06	43.5
WP_000766087.1	WP_011013717.1	49.660	147	2.22e-36	119
WP_000767212.1	WP_011013929.1	26.003	573	2.73e-27	115
WP_000767212.1	WP_011013882.1	25.094	267	1.34e-11	65.1
WP_000767212.1	WP_011013880.1	30.137	146	9.29e-11	62.8
WP_000767212.1	WP_011013880.1	23.203	306	1.08e-07	52.8
WP_000767464.1	WP_003860808.1	25.159	314	5.53e-15	70.1
WP_000767464.1	WP_003853692.1	23.592	284	2.07e-12	62.0
WP_000768087.1	WP_011014916.1	28.325	812	3.70e-82	283
WP_000768087.1	WP_011015075.1	24.769	759	6.11e-49	184
WP_000768087.1	WP_011015573.1	21.662	397	1.43e-12	68.2
WP_000769768.1	WP_003855497.1	29.876	241	2.20e-29	113
WP_000769768.1	WP_011015529.1	27.703	296	1.16e-27	108
WP_000769768.1	WP_011015245.1	29.874	318	2.01e-27	108
WP_000769768.1	WP_179300924.1	30.545	275	2.57e-26	105
WP_000769768.1	WP_011015290.1	27.157	313	4.65e-24	98.2
WP_000769768.1	WP_011013941.1	28.421	285	1.91e-22	94.4
WP_000769768.1	WP_011013525.1	23.397	312	5.07e-17	78.2
WP_000769768.1	WP_011013364.1	34.694	98	2.03e-08	52.0
WP_000772229.1	WP_003863105.1	39.019	428	5.63e-85	262
WP_000772229.1	WP_003853648.1	28.141	199	5.38e-07	47.8
WP_000772918.1	WP_003854304.1	58.929	56	3.63e-15	60.1
WP_000773677.1	WP_011265546.1	39.437	213	8.89e-43	140
WP_000774063.1	WP_011015170.1	26.910	301	1.91e-16	78.2
WP_000774063.1	WP_011013920.1	25.749	334	4.43e-13	67.8
WP_000775037.1	WP_003855988.1	45.304	181	5.60e-49	155
WP_000775862.1	WP_011014509.1	43.029	416	3.27e-108	323
WP_000777235.1	WP_003863480.1	37.662	308	1.20e-61	196
WP_000777235.1	WP_011013700.1	27.331	311	1.69e-24	98.2
WP_000777235.1	WP_003859752.1	25.597	293	7.58e-19	82.4
WP_000777235.1	WP_011013699.1	24.024	333	1.78e-11	60.8
WP_000777235.1	WP_011013804.1	24.315	292	5.83e-11	58.9
WP_000777235.1	WP_011014490.1	23.438	320	8.40e-11	58.5
WP_000777235.1	WP_172820752.1	21.141	298	1.88e-10	57.4
WP_000777235.1	WP_003858297.1	25.267	281	9.29e-10	55.5
WP_000777235.1	WP_011013803.1	21.942	278	2.64e-07	47.8
WP_000777779.1	WP_003862691.1	29.923	391	5.25e-45	157
WP_000777779.1	WP_011013907.1	28.493	365	5.18e-36	132
WP_000777779.1	WP_006285864.1	24.737	380	5.16e-34	126
WP_000777779.1	WP_011013481.1	32.323	198	3.46e-20	87.4
WP_000777779.1	WP_011015029.1	22.071	367	2.00e-18	82.4
WP_000777779.1	WP_011014123.1	26.821	302	3.53e-16	75.9
WP_000777779.1	WP_011014880.1	25.000	260	7.56e-12	62.4
WP_000778692.1	WP_011014925.1	31.526	498	4.59e-48	169
WP_000780816.1	WP_003859329.1	26.316	190	1.87e-08	49.3
WP_000780816.1	WP_011014086.1	25.000	168	1.42e-06	43.9
WP_000780816.1	WP_003855496.1	26.531	196	3.72e-06	42.7
WP_000787276.1	WP_011014133.1	37.726	387	3.47e-76	238
WP_000787276.1	WP_011013863.1	27.577	359	8.05e-29	112
WP_000787276.1	WP_011013572.1	27.668	253	9.83e-17	76.3
WP_000789949.1	WP_011013442.1	26.543	324	7.20e-21	88.2
WP_000789949.1	WP_011014311.1	25.148	338	4.17e-17	77.4
WP_000789949.1	WP_011014232.1	23.263	331	1.01e-13	67.8
WP_000789949.1	WP_011014889.1	19.637	331	2.38e-12	63.2
WP_000789949.1	WP_003857593.1	20.192	312	6.27e-12	62.0
WP_000789949.1	WP_011015158.1	26.316	76	1.04e-06	44.3
WP_000790743.1	WP_011013805.1	42.297	357	4.29e-87	263
WP_000790743.1	WP_011013789.1	28.479	309	1.47e-35	128
WP_000790743.1	WP_011015613.1	26.300	327	1.65e-15	72.8
WP_000790743.1	WP_011014237.1	23.907	343	1.06e-14	70.5
WP_000790743.1	WP_011013903.1	28.182	220	2.37e-10	57.4
WP_000790743.1	WP_011013576.1	25.751	233	1.97e-08	51.2
WP_000792163.1	WP_003856994.1	39.041	292	2.33e-51	170
WP_000794247.1	WP_020447892.1	42.593	54	2.02e-08	43.9
WP_000794247.1	WP_020948652.1	35.714	56	1.32e-07	42.4
WP_000794247.1	WP_011015377.1	32.308	65	8.40e-07	41.6
WP_000794778.1	WP_011015616.1	32.389	247	6.04e-36	125
WP_000794778.1	WP_011014382.1	29.600	250	5.81e-24	97.1
WP_000796544.1	WP_011015423.1	44.643	56	6.60e-11	48.9
WP_000797068.1	WP_003862284.1	62.092	459	0.0	620
WP_000797068.1	WP_011014448.1	24.390	287	9.90e-21	90.1
WP_000797961.1	WP_011014325.1	27.241	290	1.59e-28	107
WP_000797961.1	WP_011013847.1	27.759	299	2.65e-23	93.2
WP_000797961.1	WP_011015137.1	25.784	287	7.68e-14	67.0
WP_000797961.1	WP_004567523.1	26.923	208	2.69e-06	44.3
WP_000797961.1	WP_011265558.1	25.926	162	5.50e-06	43.9
WP_000799053.1	WP_011014345.1	34.247	146	2.59e-15	71.2
WP_000802934.1	WP_011266076.1	38.596	114	1.08e-22	88.6
WP_000804659.1	WP_003861738.1	38.507	335	6.41e-69	217
WP_000805601.1	WP_003858249.1	56.522	161	2.44e-57	173
WP_000806561.1	WP_011015137.1	34.146	287	1.20e-47	157
WP_000806561.1	WP_011014325.1	26.316	285	7.08e-23	91.7
WP_000806561.1	WP_011013847.1	26.255	259	4.57e-21	86.7
WP_000806705.1	WP_011013499.1	33.918	171	1.61e-22	94.0
WP_000806705.1	WP_011013555.1	29.861	144	6.00e-14	68.2
WP_000808063.1	WP_011014830.1	47.260	146	1.68e-27	105
WP_000808063.1	WP_011014830.1	40.909	66	9.17e-09	52.4
WP_000811482.1	WP_003855103.1	52.727	220	7.79e-81	238
WP_000811482.1	WP_003860245.1	40.826	218	9.39e-60	186
WP_000811482.1	WP_011013931.1	44.700	217	1.31e-58	181
WP_000811482.1	WP_003854632.1	42.788	208	3.61e-49	161
WP_000811482.1	WP_003858089.1	40.094	212	1.66e-48	156
WP_000811482.1	WP_003857431.1	41.827	208	3.37e-45	148
WP_000811482.1	WP_011013783.1	35.776	232	6.53e-45	147
WP_000811482.1	WP_003858826.1	36.481	233	3.58e-40	135
WP_000811482.1	WP_011013642.1	35.160	219	6.67e-35	124
WP_000811482.1	WP_011014379.1	35.652	230	9.11e-34	119
WP_000811482.1	WP_003857536.1	33.333	222	6.43e-32	113
WP_000811482.1	WP_011015040.1	38.725	204	1.39e-31	117
WP_000811482.1	WP_011015040.1	34.225	187	7.25e-24	95.5
WP_000811482.1	WP_011015140.1	34.842	221	7.60e-31	113
WP_000811482.1	WP_011014807.1	33.628	226	1.17e-30	115
WP_000811482.1	WP_011014807.1	33.772	228	1.93e-27	106
WP_000811482.1	WP_011013479.1	35.211	213	6.69e-29	107
WP_000811482.1	WP_011015118.1	38.919	185	4.92e-28	107
WP_000811482.1	WP_011015118.1	33.478	230	2.11e-25	100
WP_000811482.1	WP_011014212.1	33.036	224	8.88e-28	102
WP_000811482.1	WP_011013338.1	33.333	204	2.90e-27	102
WP_000811482.1	WP_011013851.1	31.280	211	3.38e-27	103
WP_000811482.1	WP_011015284.1	32.719	217	8.34e-27	100
WP_000811482.1	WP_011265986.1	34.884	215	1.98e-26	103
WP_000811482.1	WP_011013333.1	30.660	212	2.22e-26	99.4
WP_000811482.1	WP_011014850.1	30.769	221	2.98e-25	97.4
WP_000811482.1	WP_011014327.1	30.500	200	2.42e-24	96.3
WP_000811482.1	WP_011013698.1	29.258	229	3.63e-24	94.0
WP_000811482.1	WP_011013985.1	32.683	205	3.96e-24	92.8
WP_000811482.1	WP_011014450.1	31.841	201	4.22e-24	95.1
WP_000811482.1	WP_011013996.1	29.245	212	5.02e-24	94.4
WP_000811482.1	WP_011013906.1	30.837	227	2.87e-23	91.3
WP_000811482.1	WP_011013802.1	30.841	214	6.02e-23	90.5
WP_000811482.1	WP_011265940.1	31.674	221	1.34e-21	86.7
WP_000811482.1	WP_011014374.1	29.851	201	1.86e-21	86.3
WP_000811482.1	WP_011013807.1	27.826	230	6.67e-21	85.1
WP_000811482.1	WP_011014492.1	29.064	203	5.51e-20	82.4
WP_000811482.1	WP_011015221.1	35.784	204	2.13e-19	80.9
WP_000811482.1	WP_011013712.1	30.660	212	4.80e-19	82.0
WP_000811482.1	WP_011013712.1	26.126	222	6.83e-13	63.9
WP_000811482.1	WP_011013622.1	29.787	235	5.25e-19	80.1
WP_000811482.1	WP_011015020.1	30.357	224	1.03e-18	80.9
WP_000811482.1	WP_003861735.1	27.232	224	1.29e-18	79.0
WP_000811482.1	WP_003862124.1	34.359	195	1.48e-18	80.1
WP_000811482.1	WP_003862124.1	29.493	217	1.21e-13	65.9
WP_000811482.1	WP_011015345.1	27.477	222	9.61e-18	77.0
WP_000811482.1	WP_011015261.1	31.351	185	2.02e-17	75.1
WP_000811482.1	WP_003856445.1	27.650	217	3.21e-17	75.1
WP_000811482.1	WP_011013331.1	27.189	217	3.56e-17	73.9
WP_000811482.1	WP_003856990.1	27.686	242	4.71e-17	74.3
WP_000811482.1	WP_011014785.1	32.086	187	5.32e-17	73.9
WP_000811482.1	WP_011014233.1	26.601	203	8.72e-16	72.4
WP_000811482.1	WP_011014233.1	27.488	211	1.49e-14	68.6
WP_000811482.1	WP_011014139.1	26.923	208	2.30e-15	71.2
WP_000811482.1	WP_011014139.1	30.841	214	2.33e-14	68.6
WP_000811482.1	WP_011014011.1	26.887	212	2.53e-14	68.2
WP_000811482.1	WP_011265869.1	28.311	219	1.03e-13	66.2
WP_000811482.1	WP_011014216.1	26.293	232	1.53e-13	65.1
WP_000811482.1	WP_011013984.1	26.316	228	1.74e-13	64.3
WP_000811482.1	WP_011014012.1	30.435	184	5.80e-13	63.9
WP_000811482.1	WP_003856078.1	31.429	210	1.11e-12	62.0
WP_000811482.1	WP_011013466.1	24.468	188	8.76e-11	57.0
WP_000811482.1	WP_011014443.1	26.238	202	9.92e-11	57.4
WP_000811482.1	WP_011015133.1	25.229	218	1.41e-10	57.0
WP_000811482.1	WP_011013968.1	24.194	186	1.43e-10	57.0
WP_000811482.1	WP_011014362.1	26.957	230	2.39e-10	56.2
WP_000811482.1	WP_011014424.1	21.888	233	6.21e-10	55.1
WP_000811482.1	WP_011265741.1	38.571	70	1.56e-09	53.9
WP_000811482.1	WP_020948580.1	38.235	68	4.63e-09	52.4
WP_000811482.1	WP_011014000.1	43.056	72	4.86e-09	52.4
WP_000811482.1	WP_011014089.1	28.426	197	4.98e-09	52.4
WP_000811482.1	WP_011265658.1	26.923	208	5.40e-09	52.4
WP_000811482.1	WP_011014540.1	25.128	195	1.02e-08	50.1
WP_000811482.1	WP_011014351.1	24.324	222	1.40e-08	50.8
WP_000811482.1	WP_011014351.1	26.404	178	7.22e-07	45.8
WP_000811482.1	WP_004567959.1	24.479	192	1.47e-08	50.4
WP_000811482.1	WP_011014910.1	30.323	155	2.67e-08	50.1
WP_000811482.1	WP_011014865.1	30.052	193	1.55e-07	47.8
WP_000811482.1	WP_011265694.1	38.235	68	1.16e-06	45.1
WP_000811482.1	WP_011266014.1	25.532	188	1.27e-06	44.7
WP_000811482.1	WP_011014110.1	36.765	68	1.40e-06	45.1
WP_000811482.1	WP_011014110.1	28.571	77	2.00e-06	44.7
WP_000811773.1	WP_011014496.1	39.330	895	0.0	554
WP_000813921.1	WP_011015373.1	23.256	215	4.76e-12	63.2
WP_000814067.1	WP_003857500.1	36.792	636	3.18e-133	399
WP_000814631.1	WP_011014285.1	34.648	355	6.53e-62	198
WP_000817881.1	WP_011014350.1	26.168	321	4.41e-20	85.9
WP_000817881.1	WP_011014833.1	31.982	222	1.08e-19	85.1
WP_000818137.1	WP_003854297.1	62.963	108	1.06e-35	115
WP_000818207.1	WP_011015498.1	38.710	155	2.95e-29	108
WP_000818207.1	WP_003857328.1	41.129	124	3.48e-25	95.1
WP_000818763.1	WP_011014029.1	32.215	149	2.07e-12	58.5
WP_000820852.1	WP_011265707.1	41.379	319	2.87e-70	219
WP_000821641.1	WP_011266077.1	40.000	70	6.81e-16	63.2
WP_000824975.1	WP_011013394.1	23.904	251	1.57e-18	79.0
WP_000824975.1	WP_011014761.1	26.609	233	1.23e-16	73.6
WP_000824975.1	WP_011014764.1	26.257	179	3.33e-11	58.2
WP_000828844.1	WP_011014011.1	41.045	536	1.87e-129	390
WP_000828844.1	WP_011014139.1	31.327	565	4.50e-67	233
WP_000828844.1	WP_011014139.1	28.337	487	3.37e-44	165
WP_000828844.1	WP_011015020.1	28.426	591	1.49e-63	216
WP_000828844.1	WP_011014012.1	26.860	551	4.16e-60	206
WP_000828844.1	WP_011265658.1	26.552	580	1.16e-59	205
WP_000828844.1	WP_011014362.1	26.335	543	3.12e-54	190
WP_000828844.1	WP_011014424.1	25.750	567	7.82e-41	153
WP_000828844.1	WP_011014865.1	24.498	498	4.06e-21	93.2
WP_000828844.1	WP_003857431.1	32.178	202	1.18e-20	88.2
WP_000828844.1	WP_003854632.1	31.905	210	1.25e-19	87.4
WP_000828844.1	WP_011013931.1	28.378	222	6.04e-18	79.7
WP_000828844.1	WP_011265869.1	32.338	201	8.49e-17	79.7
WP_000828844.1	WP_011013807.1	28.111	217	2.11e-16	75.9
WP_000828844.1	WP_011015221.1	29.787	188	2.34e-16	75.9
WP_000828844.1	WP_003858826.1	26.087	230	3.19e-16	75.5
WP_000828844.1	WP_011013642.1	29.437	231	9.56e-16	75.5
WP_000828844.1	WP_003858089.1	28.846	208	1.08e-15	73.2
WP_000828844.1	WP_011014327.1	28.692	237	2.88e-15	74.3
WP_000828844.1	WP_011013698.1	25.974	231	5.09e-15	72.0
WP_000828844.1	WP_011015140.1	26.860	242	5.48e-15	73.2
WP_000828844.1	WP_003855103.1	27.854	219	6.65e-15	70.9
WP_000828844.1	WP_011013851.1	27.074	229	1.16e-14	72.0
WP_000828844.1	WP_011265940.1	26.754	228	1.45e-14	70.5
WP_000828844.1	WP_011014807.1	27.609	297	1.58e-14	72.8
WP_000828844.1	WP_011014807.1	27.556	225	1.60e-10	60.1
WP_000828844.1	WP_011013802.1	28.230	209	6.78e-14	68.6
WP_000828844.1	WP_011013338.1	26.636	214	1.48e-13	67.4
WP_000828844.1	WP_011015284.1	28.054	221	8.81e-13	65.5
WP_000828844.1	WP_011013479.1	29.461	241	2.02e-12	64.7
WP_000828844.1	WP_011015118.1	27.037	270	3.82e-12	65.1
WP_000828844.1	WP_011015118.1	24.537	216	9.21e-07	48.1
WP_000828844.1	WP_011014212.1	24.031	258	4.54e-12	62.8
WP_000828844.1	WP_011013906.1	26.697	221	5.95e-12	62.4
WP_000828844.1	WP_011014850.1	27.189	217	6.68e-12	63.2
WP_000828844.1	WP_003856990.1	25.991	227	1.33e-11	61.6
WP_000828844.1	WP_011014785.1	27.273	187	1.36e-11	61.2
WP_000828844.1	WP_003862124.1	28.571	224	6.48e-11	60.8
WP_000828844.1	WP_003862124.1	25.962	208	2.74e-07	49.3
WP_000828844.1	WP_011014492.1	26.872	227	6.94e-11	59.3
WP_000828844.1	WP_011013333.1	26.596	188	1.84e-10	58.2
WP_000828844.1	WP_011013783.1	26.977	215	2.17e-10	57.8
WP_000828844.1	WP_011014379.1	28.889	180	3.06e-10	57.8
WP_000828844.1	WP_003857536.1	24.762	210	6.69e-10	56.2
WP_000828844.1	WP_011014233.1	30.000	230	6.88e-10	57.8
WP_000828844.1	WP_011014450.1	26.147	218	1.50e-09	56.2
WP_000828844.1	WP_011013985.1	28.261	230	2.32e-09	54.7
WP_000828844.1	WP_011014154.1	28.910	211	3.26e-09	55.8
WP_000828844.1	WP_011014374.1	24.180	244	8.49e-09	53.1
WP_000828844.1	WP_003860245.1	27.461	193	1.11e-08	53.1
WP_000828844.1	WP_011265986.1	24.590	244	1.52e-08	53.9
WP_000828844.1	WP_011015040.1	24.809	262	2.30e-08	53.1
WP_000828844.1	WP_011015040.1	25.000	224	1.53e-07	50.4
WP_000828844.1	WP_003861735.1	20.385	260	5.40e-08	50.8
WP_000828844.1	WP_003856078.1	27.556	225	5.96e-08	50.4
WP_000828844.1	WP_020948580.1	35.043	117	3.78e-07	49.3
WP_000828844.1	WP_011014000.1	31.884	69	1.16e-06	47.4
WP_000828844.1	WP_011013996.1	24.766	214	1.44e-06	46.6
WP_000828844.1	WP_003856445.1	22.530	253	2.36e-06	45.8
WP_000828844.1	WP_011014351.1	25.764	229	2.45e-06	46.6
WP_000828844.1	WP_011015133.1	26.543	162	3.39e-06	46.2
WP_000828844.1	WP_011013331.1	26.291	213	3.47e-06	44.7
WP_000830659.1	WP_011014922.1	27.986	293	2.40e-20	89.4
WP_000830659.1	WP_011013343.1	24.638	414	3.98e-20	88.2
WP_000830893.1	WP_011014498.1	47.386	593	0.0	530
WP_000830893.1	WP_011015310.1	22.540	315	5.01e-13	67.8
WP_000831344.1	WP_011013525.1	23.220	323	3.03e-10	58.2
WP_000831344.1	WP_011015529.1	22.259	301	6.02e-09	53.9
WP_000831344.1	WP_011015290.1	24.262	305	4.23e-08	51.2
WP_000831344.1	WP_011015245.1	23.934	305	4.60e-08	51.6
WP_000831344.1	WP_003855497.1	25.751	233	4.19e-07	48.1
WP_000831344.1	WP_011013941.1	23.948	309	2.14e-06	46.2
WP_000831905.1	WP_003855320.1	65.116	43	2.70e-12	50.8
WP_000833270.1	WP_003855497.1	34.630	257	7.02e-37	136
WP_000833270.1	WP_011015245.1	33.796	216	1.87e-28	113
WP_000833270.1	WP_179300924.1	31.120	241	4.43e-28	112
WP_000833270.1	WP_011015290.1	28.102	274	1.44e-26	106
WP_000833270.1	WP_011015529.1	33.613	238	4.77e-26	105
WP_000833270.1	WP_011013525.1	32.599	227	9.90e-23	97.1
WP_000833270.1	WP_011013941.1	27.068	266	1.59e-20	90.1
WP_000833735.1	WP_003863269.1	28.857	350	2.78e-23	95.9
WP_000833735.1	WP_011013571.1	29.880	251	2.21e-17	78.6
WP_000833735.1	WP_011015397.1	29.084	251	4.58e-13	65.9
WP_000833735.1	WP_011013485.1	23.906	297	1.45e-07	48.9
WP_000834312.1	WP_011013945.1	26.111	180	1.27e-14	65.1
WP_000835656.1	WP_011014354.1	25.325	154	1.35e-07	46.2
WP_000835656.1	WP_011265642.1	25.243	103	2.03e-06	43.1
WP_000835715.1	WP_003854632.1	39.234	209	1.71e-42	145
WP_000835715.1	WP_011013642.1	35.965	228	3.08e-41	142
WP_000835715.1	WP_011015140.1	34.934	229	1.71e-38	135
WP_000835715.1	WP_003857431.1	36.889	225	5.13e-38	130
WP_000835715.1	WP_011014327.1	33.624	229	2.56e-36	130
WP_000835715.1	WP_011013851.1	33.921	227	4.75e-36	128
WP_000835715.1	WP_003862124.1	36.239	218	4.96e-36	130
WP_000835715.1	WP_003862124.1	33.333	186	1.05e-22	93.2
WP_000835715.1	WP_011013712.1	33.913	230	1.70e-34	127
WP_000835715.1	WP_011013712.1	24.424	217	4.16e-10	56.2
WP_000835715.1	WP_011014807.1	33.468	248	1.45e-33	124
WP_000835715.1	WP_011014807.1	31.579	266	2.36e-26	104
WP_000835715.1	WP_011014850.1	32.510	243	2.63e-33	119
WP_000835715.1	WP_003855103.1	33.632	223	1.32e-28	105
WP_000835715.1	WP_003858826.1	32.245	245	1.73e-28	106
WP_000835715.1	WP_011015040.1	33.028	218	1.00e-27	107
WP_000835715.1	WP_011015040.1	31.197	234	2.45e-21	89.7
WP_000835715.1	WP_003858089.1	33.636	220	4.45e-27	101
WP_000835715.1	WP_011014450.1	31.739	230	4.51e-27	104
WP_000835715.1	WP_011015118.1	33.468	248	5.30e-27	106
WP_000835715.1	WP_011015118.1	34.335	233	1.77e-25	101
WP_000835715.1	WP_011014785.1	32.597	181	7.13e-27	101
WP_000835715.1	WP_011015284.1	31.004	229	3.70e-26	100
WP_000835715.1	WP_011013931.1	32.727	220	4.43e-26	99.0
WP_000835715.1	WP_011015020.1	29.130	230	1.16e-25	102
WP_000835715.1	WP_011013807.1	28.195	266	4.19e-25	97.4
WP_000835715.1	WP_011014492.1	29.412	238	6.35e-25	96.7
WP_000835715.1	WP_011013996.1	32.174	230	7.50e-25	97.4
WP_000835715.1	WP_011265940.1	30.455	220	1.60e-24	95.9
WP_000835715.1	WP_011013698.1	31.222	221	2.80e-24	95.1
WP_000835715.1	WP_003856445.1	30.242	248	5.21e-24	94.4
WP_000835715.1	WP_011013783.1	30.918	207	5.68e-24	94.0
WP_000835715.1	WP_003856990.1	29.675	246	8.25e-24	94.0
WP_000835715.1	WP_003857536.1	29.596	223	1.13e-23	92.8
WP_000835715.1	WP_003860245.1	30.964	197	2.01e-23	93.2
WP_000835715.1	WP_011014212.1	31.980	197	1.22e-22	90.5
WP_000835715.1	WP_011265986.1	29.958	237	1.64e-22	93.2
WP_000835715.1	WP_011013802.1	28.692	237	2.70e-22	90.1
WP_000835715.1	WP_011014379.1	30.918	207	7.06e-21	85.9
WP_000835715.1	WP_011015345.1	28.571	252	3.03e-20	85.1
WP_000835715.1	WP_011013479.1	27.014	211	3.99e-20	84.7
WP_000835715.1	WP_011014374.1	28.205	234	8.40e-20	82.8
WP_000835715.1	WP_011014139.1	28.509	228	5.02e-19	83.2
WP_000835715.1	WP_011014139.1	28.019	207	6.15e-17	77.0
WP_000835715.1	WP_011013338.1	30.233	215	3.43e-18	78.6
WP_000835715.1	WP_011013985.1	28.099	242	5.23e-18	77.4
WP_000835715.1	WP_011015221.1	28.829	222	2.60e-17	75.9
WP_000835715.1	WP_011014011.1	29.289	239	4.46e-17	77.4
WP_000835715.1	WP_011013622.1	25.738	237	8.83e-17	74.7
WP_000835715.1	WP_011013333.1	29.858	211	1.41e-16	73.9
WP_000835715.1	WP_011014362.1	27.273	242	1.44e-16	75.9
WP_000835715.1	WP_011013906.1	25.664	226	2.40e-16	73.2
WP_000835715.1	WP_011265869.1	28.302	212	4.70e-16	74.3
WP_000835715.1	WP_011013984.1	27.869	244	1.43e-15	70.9
WP_000835715.1	WP_011014216.1	26.906	223	1.79e-15	71.2
WP_000835715.1	WP_011014012.1	25.108	231	3.80e-15	71.6
WP_000835715.1	WP_004567959.1	28.571	217	1.73e-14	68.6
WP_000835715.1	WP_011014424.1	24.167	240	4.39e-14	68.6
WP_000835715.1	WP_011014910.1	26.471	204	5.58e-14	68.2
WP_000835715.1	WP_011014910.1	25.824	182	5.33e-12	62.0
WP_000835715.1	WP_011266014.1	34.375	160	1.07e-13	66.6
WP_000835715.1	WP_011014233.1	26.872	227	3.34e-13	65.5
WP_000835715.1	WP_011014233.1	26.131	199	3.80e-13	65.5
WP_000835715.1	WP_011013331.1	26.818	220	7.91e-13	62.8
WP_000835715.1	WP_011014865.1	34.225	187	1.08e-12	63.9
WP_000835715.1	WP_011014540.1	25.907	193	1.36e-12	61.6
WP_000835715.1	WP_011265658.1	26.638	229	1.57e-12	63.5
WP_000835715.1	WP_011013466.1	27.389	157	1.71e-12	62.4
WP_000835715.1	WP_003861735.1	26.887	212	3.25e-11	58.9
WP_000835715.1	WP_011015133.1	27.374	179	4.80e-11	59.3
WP_000835715.1	WP_011014443.1	26.106	226	5.92e-11	58.9
WP_000835715.1	WP_003856078.1	27.014	211	1.19e-10	57.0
WP_000835715.1	WP_011015261.1	29.688	192	2.58e-10	55.8
WP_000835715.1	WP_011013968.1	27.717	184	9.78e-10	55.1
WP_000835715.1	WP_011014351.1	26.364	220	2.97e-09	53.5
WP_000835715.1	WP_020948580.1	42.857	56	4.40e-06	43.9
WP_000837349.1	WP_011014291.1	26.860	242	3.56e-17	76.6
WP_000837349.1	WP_011014779.1	26.336	262	2.62e-14	67.8
WP_000837349.1	WP_011015348.1	19.372	191	7.86e-06	42.7
WP_000838912.1	WP_003854094.1	23.118	186	1.33e-07	47.8
WP_000838912.1	WP_011014507.1	29.078	141	8.01e-07	45.4
WP_000842584.1	WP_011015037.1	21.862	247	9.79e-07	48.1
WP_000843716.1	WP_011015425.1	19.553	179	5.78e-08	50.4
WP_000843716.1	WP_003859226.1	24.000	225	1.35e-06	46.6
WP_000843716.1	WP_003859269.1	28.467	137	4.81e-06	44.3
WP_000844505.1	WP_011265607.1	24.151	265	1.31e-11	60.5
WP_000848180.1	WP_011014321.1	52.174	161	1.16e-52	163
WP_000848722.1	WP_011015186.1	22.750	611	9.55e-24	103
WP_000848722.1	WP_041625511.1	28.902	173	2.86e-06	47.0
WP_000849381.1	WP_003863776.1	39.819	221	3.24e-49	157
WP_000850024.1	WP_003862208.1	44.633	177	1.59e-46	147
WP_000850193.1	WP_011014773.1	35.211	284	5.26e-47	156
WP_000850585.1	WP_011014161.1	32.044	362	5.18e-58	197
WP_000850585.1	WP_003856236.1	32.578	353	4.96e-50	170
WP_000850585.1	WP_011013876.1	29.971	347	2.38e-40	144
WP_000852486.1	WP_011015543.1	41.071	448	3.08e-110	331
WP_000855736.1	WP_003863034.1	31.687	243	2.65e-39	135
WP_000855736.1	WP_003858706.1	27.206	136	4.40e-16	72.0
WP_000855736.1	WP_003862361.1	23.881	201	2.99e-14	67.0
WP_000856519.1	WP_011014180.1	25.721	416	6.16e-28	111
WP_000857427.1	WP_011013987.1	25.475	263	4.10e-09	53.5
WP_000858264.1	WP_011015613.1	27.208	283	2.13e-19	84.0
WP_000858264.1	WP_011013789.1	28.013	307	1.24e-14	70.1
WP_000858264.1	WP_011265861.1	23.704	270	4.23e-14	68.2
WP_000858264.1	WP_011013576.1	22.569	288	4.26e-14	68.2
WP_000858264.1	WP_011013903.1	29.762	168	1.87e-12	63.2
WP_000858264.1	WP_011013905.1	24.896	241	3.56e-11	59.7
WP_000858264.1	WP_011014237.1	29.189	185	4.10e-08	50.4
WP_000858264.1	WP_011013805.1	26.970	330	5.56e-06	43.9
WP_000859866.1	WP_011014011.1	38.550	524	3.23e-121	369
WP_000859866.1	WP_011014139.1	29.043	575	1.83e-79	269
WP_000859866.1	WP_011014139.1	28.172	465	7.77e-42	158
WP_000859866.1	WP_011014012.1	28.125	544	7.67e-63	214
WP_000859866.1	WP_011015020.1	28.059	613	7.18e-60	206
WP_000859866.1	WP_011014362.1	24.466	515	2.00e-40	151
WP_000859866.1	WP_011265658.1	30.364	247	5.39e-34	132
WP_000859866.1	WP_011014424.1	23.093	485	5.32e-30	121
WP_000859866.1	WP_011014865.1	24.580	476	1.47e-23	100
WP_000859866.1	WP_011265869.1	33.168	202	1.02e-22	98.6
WP_000859866.1	WP_003857431.1	31.193	218	1.50e-22	93.6
WP_000859866.1	WP_003858826.1	30.531	226	4.96e-22	92.4
WP_000859866.1	WP_003854632.1	31.163	215	2.24e-21	92.4
WP_000859866.1	WP_011014374.1	28.511	235	8.77e-20	85.5
WP_000859866.1	WP_003858089.1	26.840	231	1.11e-18	82.0
WP_000859866.1	WP_011013479.1	31.034	232	3.83e-18	82.0
WP_000859866.1	WP_011013807.1	28.814	236	1.69e-17	79.3
WP_000859866.1	WP_011015221.1	27.461	193	1.58e-16	76.3
WP_000859866.1	WP_011013931.1	24.762	210	2.05e-16	75.1
WP_000859866.1	WP_011013851.1	28.272	191	5.97e-16	75.9
WP_000859866.1	WP_011014327.1	26.339	224	3.83e-15	73.9
WP_000859866.1	WP_011013906.1	27.358	212	1.54e-14	70.1
WP_000859866.1	WP_011013642.1	24.171	211	2.30e-14	71.2
WP_000859866.1	WP_011014807.1	27.876	226	3.04e-14	72.0
WP_000859866.1	WP_011014807.1	30.455	220	8.25e-12	64.3
WP_000859866.1	WP_011015140.1	23.982	221	9.34e-14	69.7
WP_000859866.1	WP_011013698.1	24.434	221	1.82e-13	67.4
WP_000859866.1	WP_020948580.1	32.867	143	1.89e-13	69.3
WP_000859866.1	WP_011014450.1	27.570	214	2.92e-13	67.8
WP_000859866.1	WP_011265940.1	25.322	233	3.21e-13	66.6
WP_000859866.1	WP_003855103.1	27.602	221	5.26e-13	65.5
WP_000859866.1	WP_011014212.1	25.121	207	1.00e-12	64.7
WP_000859866.1	WP_011013338.1	23.661	224	1.27e-12	64.7
WP_000859866.1	WP_011015118.1	29.362	235	2.20e-12	65.9
WP_000859866.1	WP_011015118.1	27.511	229	2.52e-11	62.4
WP_000859866.1	WP_011013783.1	24.057	212	2.58e-12	63.5
WP_000859866.1	WP_011014492.1	25.000	236	4.68e-12	62.8
WP_000859866.1	WP_011265741.1	29.932	147	4.75e-12	64.7
WP_000859866.1	WP_011013622.1	25.926	216	1.16e-11	62.0
WP_000859866.1	WP_011014000.1	35.200	125	1.28e-11	63.2
WP_000859866.1	WP_011014379.1	27.570	214	2.02e-11	61.2
WP_000859866.1	WP_003860245.1	24.883	213	2.14e-11	61.2
WP_000859866.1	WP_011014154.1	21.918	438	2.34e-11	62.8
WP_000859866.1	WP_011015284.1	25.229	218	3.97e-11	60.5
WP_000859866.1	WP_011265986.1	25.221	226	6.05e-11	61.6
WP_000859866.1	WP_011015040.1	28.774	212	9.69e-11	60.5
WP_000859866.1	WP_011015040.1	26.244	221	6.70e-09	54.7
WP_000859866.1	WP_003857536.1	23.721	215	1.87e-10	57.8
WP_000859866.1	WP_011013712.1	28.099	242	2.03e-10	59.7
WP_000859866.1	WP_003856990.1	20.705	227	4.18e-10	57.4
WP_000859866.1	WP_011014233.1	24.171	211	5.06e-10	58.5
WP_000859866.1	WP_011014233.1	25.962	208	5.85e-09	55.1
WP_000859866.1	WP_003861735.1	23.077	273	1.06e-09	56.2
WP_000859866.1	WP_003862124.1	27.232	224	2.36e-09	56.2
WP_000859866.1	WP_011015345.1	25.359	209	1.23e-08	53.1
WP_000859866.1	WP_003856078.1	25.101	247	1.30e-08	52.8
WP_000859866.1	WP_011013984.1	23.529	221	2.40e-08	51.6
WP_000859866.1	WP_011014850.1	24.000	200	2.54e-08	52.0
WP_000859866.1	WP_011013333.1	27.922	154	4.07e-08	51.2
WP_000859866.1	WP_003856445.1	21.739	253	4.55e-08	51.2
WP_000859866.1	WP_011013985.1	22.667	225	4.59e-08	50.8
WP_000859866.1	WP_011013802.1	22.831	219	6.00e-08	50.8
WP_000859866.1	WP_011014443.1	25.098	255	8.62e-08	51.2
WP_000859866.1	WP_011013996.1	24.255	235	2.35e-07	49.3
WP_000859866.1	WP_004567959.1	24.000	200	2.93e-07	48.9
WP_000859866.1	WP_011013331.1	26.866	201	2.57e-06	45.1
WP_000859866.1	WP_011013968.1	24.242	198	3.27e-06	46.2
WP_000859866.1	WP_011014785.1	25.824	182	4.15e-06	44.7
WP_000859866.1	WP_011013466.1	23.699	173	8.72e-06	43.9
WP_000863037.1	WP_011014923.1	32.842	475	4.56e-41	149
WP_000863037.1	WP_231838297.1	26.543	324	7.46e-15	72.8
WP_000863037.1	WP_011014925.1	27.273	143	5.60e-06	45.1
WP_000863628.1	WP_011014851.1	48.043	460	3.54e-148	432
WP_000863628.1	WP_011014855.1	35.220	159	6.77e-19	86.3
WP_000864060.1	WP_011014031.1	34.278	353	4.64e-59	191
WP_000864220.1	WP_011015544.1	29.730	148	2.69e-12	57.4
WP_000864616.1	WP_011015274.1	40.167	239	2.20e-49	159
WP_000865689.1	WP_011013751.1	27.027	222	1.53e-15	69.7
WP_000866703.1	WP_003860075.1	31.188	202	9.71e-31	108
WP_000866703.1	WP_011014822.1	30.144	209	2.31e-25	94.7
WP_000866703.1	WP_003862544.1	29.858	211	2.51e-22	86.7
WP_000866703.1	WP_011015360.1	24.615	195	6.77e-17	72.0
WP_000866703.1	WP_003854586.1	23.394	218	1.36e-11	58.2
WP_000866703.1	WP_011013940.1	27.966	118	6.22e-10	53.5
WP_000866703.1	WP_003863097.1	27.966	118	7.57e-08	47.4
WP_000867616.1	WP_011014010.1	42.424	66	1.62e-06	47.0
WP_000869659.1	WP_003855724.1	28.035	346	3.16e-30	118
WP_000872275.1	WP_011014926.1	29.358	436	1.79e-39	151
WP_000873990.1	WP_011014101.1	26.141	241	3.97e-22	92.0
WP_000874201.1	WP_003854347.1	57.143	161	7.08e-57	174
WP_000875454.1	WP_003859582.1	35.714	252	2.26e-55	176
WP_000875454.1	WP_011014344.1	31.496	254	3.93e-29	108
WP_000875746.1	WP_011015063.1	40.643	342	1.49e-66	211
WP_000877334.1	WP_003853689.1	25.949	474	3.36e-34	131
WP_000881169.1	WP_011014977.1	29.358	109	1.94e-13	65.9
WP_000881169.1	WP_011014977.1	33.333	96	1.48e-09	54.3
WP_000882523.1	WP_011015301.1	51.250	640	0.0	636
WP_000882523.1	WP_011015370.1	45.221	701	9.95e-176	522
WP_000882523.1	WP_227747665.1	29.133	611	2.83e-65	224
WP_000882523.1	WP_011014633.1	32.646	291	1.54e-32	130
WP_000882523.1	WP_011014633.1	28.571	224	2.80e-15	75.9
WP_000884253.1	WP_003857828.1	40.330	424	4.21e-103	309
WP_000886114.1	WP_011013814.1	30.829	386	2.17e-48	165
WP_000886114.1	WP_011014868.1	30.931	333	4.55e-33	124
WP_000886146.1	WP_011015296.1	33.663	202	1.12e-31	118
WP_000886146.1	WP_011013539.1	27.419	124	2.07e-07	48.1
WP_000886219.1	WP_003855497.1	34.694	245	8.67e-39	141
WP_000886219.1	WP_011015529.1	32.083	240	6.52e-32	122
WP_000886219.1	WP_011015290.1	29.588	267	2.55e-28	111
WP_000886219.1	WP_179300924.1	30.952	252	8.42e-28	112
WP_000886219.1	WP_011015245.1	31.224	237	1.14e-24	102
WP_000886219.1	WP_011013525.1	29.583	240	1.05e-19	87.8
WP_000886219.1	WP_011013941.1	27.016	248	2.95e-18	83.2
WP_000886660.1	WP_011014874.1	37.308	260	2.89e-43	146
WP_000887725.1	WP_011014447.1	45.631	412	1.34e-126	369
WP_000887725.1	WP_011014094.1	28.571	273	4.42e-17	78.6
WP_000887725.1	WP_011014220.1	25.943	212	8.27e-08	50.1
WP_000887954.1	WP_003855497.1	24.766	214	9.48e-11	58.5
WP_000887954.1	WP_011015529.1	27.976	168	2.38e-07	48.1
WP_000889924.1	WP_003861735.1	26.496	234	6.44e-33	117
WP_000889924.1	WP_011013996.1	32.420	219	1.47e-32	117
WP_000889924.1	WP_004567959.1	31.364	220	6.93e-32	115
WP_000889924.1	WP_011014374.1	30.180	222	6.51e-31	111
WP_000889924.1	WP_011015345.1	30.476	210	6.84e-28	105
WP_000889924.1	WP_003854632.1	30.088	226	1.14e-27	105
WP_000889924.1	WP_011013985.1	29.358	218	1.05e-26	100
WP_000889924.1	WP_011015040.1	31.982	222	9.87e-25	98.2
WP_000889924.1	WP_011015040.1	22.271	229	2.31e-16	74.3
WP_000889924.1	WP_011015118.1	32.365	241	8.14e-24	95.9
WP_000889924.1	WP_011015118.1	25.893	224	5.01e-14	67.4
WP_000889924.1	WP_003855103.1	31.081	222	4.40e-23	90.5
WP_000889924.1	WP_011014450.1	28.718	195	1.05e-22	91.3
WP_000889924.1	WP_003858826.1	26.000	250	5.28e-21	85.5
WP_000889924.1	WP_011014850.1	27.350	234	1.32e-20	85.1
WP_000889924.1	WP_011013807.1	24.691	243	2.18e-20	84.0
WP_000889924.1	WP_011014807.1	28.205	234	1.04e-19	84.3
WP_000889924.1	WP_011014807.1	28.033	239	5.79e-19	82.0
WP_000889924.1	WP_011014379.1	28.302	212	3.38e-19	80.9
WP_000889924.1	WP_003857431.1	24.873	197	3.49e-19	80.1
WP_000889924.1	WP_011013331.1	27.273	220	4.25e-19	79.3
WP_000889924.1	WP_003858089.1	28.704	216	7.19e-19	79.0
WP_000889924.1	WP_011013642.1	25.604	207	2.36e-18	79.3
WP_000889924.1	WP_011014212.1	27.619	210	2.94e-18	77.8
WP_000889924.1	WP_011013931.1	30.455	220	8.45e-18	75.9
WP_000889924.1	WP_011013984.1	25.101	247	8.76e-18	76.3
WP_000889924.1	WP_011014327.1	29.000	200	5.76e-17	75.9
WP_000889924.1	WP_011013479.1	27.074	229	8.34e-17	74.7
WP_000889924.1	WP_011013851.1	25.943	212	1.31e-16	74.3
WP_000889924.1	WP_011265986.1	27.391	230	2.80e-16	74.3
WP_000889924.1	WP_011015140.1	27.230	213	2.89e-16	73.6
WP_000889924.1	WP_011015020.1	29.310	232	4.42e-16	73.6
WP_000889924.1	WP_011013783.1	25.238	210	7.48e-15	68.2
WP_000889924.1	WP_011013466.1	24.242	231	9.08e-15	68.2
WP_000889924.1	WP_011014540.1	25.000	196	1.93e-14	66.2
WP_000889924.1	WP_011014233.1	25.446	224	2.20e-14	68.6
WP_000889924.1	WP_011014233.1	25.234	214	4.23e-13	64.7
WP_000889924.1	WP_011015284.1	23.762	202	7.72e-14	65.9
WP_000889924.1	WP_003862124.1	31.683	202	1.20e-13	66.2
WP_000889924.1	WP_003862124.1	28.485	165	1.91e-09	53.5
WP_000889924.1	WP_011265940.1	26.923	156	8.72e-13	62.8
WP_000889924.1	WP_003856990.1	25.962	208	9.68e-13	62.8
WP_000889924.1	WP_011014139.1	23.894	226	1.13e-12	63.5
WP_000889924.1	WP_011014139.1	22.523	222	7.24e-07	46.2
WP_000889924.1	WP_011013698.1	22.374	219	6.82e-12	60.1
WP_000889924.1	WP_011014492.1	25.000	224	7.00e-12	60.1
WP_000889924.1	WP_003860245.1	25.604	207	1.02e-11	59.7
WP_000889924.1	WP_011013802.1	23.077	208	1.77e-11	58.9
WP_000889924.1	WP_011015261.1	24.670	227	2.04e-11	58.5
WP_000889924.1	WP_011013338.1	21.951	246	6.16e-11	57.4
WP_000889924.1	WP_003857536.1	24.171	211	1.65e-10	55.8
WP_000889924.1	WP_003856445.1	21.491	228	1.68e-10	56.2
WP_000889924.1	WP_011014012.1	26.852	216	2.13e-10	56.6
WP_000889924.1	WP_011013906.1	21.973	223	3.37e-10	55.1
WP_000889924.1	WP_011013712.1	24.599	187	4.36e-10	55.8
WP_000889924.1	WP_011013712.1	22.066	213	2.33e-07	47.4
WP_000889924.1	WP_011014362.1	23.767	223	4.43e-10	55.8
WP_000889924.1	WP_011013333.1	23.556	225	4.47e-10	54.7
WP_000889924.1	WP_011014011.1	25.862	232	6.19e-10	55.5
WP_000889924.1	WP_011014424.1	23.832	214	1.08e-09	54.7
WP_000889924.1	WP_011014785.1	27.950	161	1.29e-09	53.1
WP_000889924.1	WP_011013622.1	22.907	227	1.40e-09	53.5
WP_000889924.1	WP_011015133.1	43.939	66	1.55e-09	53.9
WP_000889924.1	WP_011015221.1	24.000	250	6.87e-09	51.2
WP_000889924.1	WP_011014910.1	45.614	57	1.02e-08	51.6
WP_000889924.1	WP_011265694.1	24.581	179	1.38e-08	51.2
WP_000889924.1	WP_011014443.1	30.702	114	4.23e-08	49.7
WP_000889924.1	WP_011014443.1	25.000	192	9.50e-06	42.7
WP_000889924.1	WP_011014351.1	27.059	170	1.82e-07	47.8
WP_000889924.1	WP_011014351.1	23.737	198	2.98e-07	47.0
WP_000889924.1	WP_011265658.1	23.318	223	5.12e-07	46.6
WP_000889924.1	WP_011014216.1	23.188	207	1.02e-06	45.1
WP_000889924.1	WP_011265869.1	26.744	86	3.01e-06	43.9
WP_000889924.1	WP_011013968.1	23.353	167	4.72e-06	43.5
WP_000891470.1	WP_003863416.1	33.641	434	2.38e-65	214
WP_000891772.1	WP_003857431.1	45.894	207	3.87e-61	187
WP_000891772.1	WP_003858826.1	39.720	214	2.41e-56	176
WP_000891772.1	WP_003854632.1	37.500	216	6.80e-41	139
WP_000891772.1	WP_011014212.1	37.745	204	3.59e-38	129
WP_000891772.1	WP_011015140.1	39.785	186	1.25e-37	130
WP_000891772.1	WP_011013479.1	39.109	202	2.80e-37	128
WP_000891772.1	WP_011013642.1	37.561	205	1.03e-36	127
WP_000891772.1	WP_011013851.1	37.173	191	4.55e-35	123
WP_000891772.1	WP_011015284.1	35.616	219	1.56e-34	120
WP_000891772.1	WP_011014327.1	35.885	209	2.51e-34	122
WP_000891772.1	WP_003858089.1	33.816	207	9.46e-33	114
WP_000891772.1	WP_011013931.1	36.275	204	4.80e-32	112
WP_000891772.1	WP_003855103.1	32.727	220	6.62e-32	112
WP_000891772.1	WP_003860245.1	37.129	202	5.16e-30	108
WP_000891772.1	WP_003857536.1	34.928	209	1.97e-29	106
WP_000891772.1	WP_011015221.1	35.377	212	2.38e-29	106
WP_000891772.1	WP_011014850.1	33.014	209	8.95e-28	103
WP_000891772.1	WP_011015040.1	32.227	211	1.78e-27	105
WP_000891772.1	WP_011015040.1	30.964	197	1.07e-17	77.0
WP_000891772.1	WP_011014450.1	33.005	203	1.59e-26	100
WP_000891772.1	WP_011015118.1	37.500	192	1.30e-25	100
WP_000891772.1	WP_011015118.1	36.866	217	1.86e-25	99.8
WP_000891772.1	WP_011013783.1	34.158	202	1.71e-25	95.9
WP_000891772.1	WP_011013985.1	32.857	210	2.54e-24	92.8
WP_000891772.1	WP_011013333.1	30.622	209	3.93e-24	92.8
WP_000891772.1	WP_011014233.1	28.019	207	3.23e-23	93.2
WP_000891772.1	WP_011014233.1	25.701	214	5.92e-16	72.0
WP_000891772.1	WP_011014807.1	32.883	222	4.59e-23	92.8
WP_000891772.1	WP_011014807.1	27.632	228	2.03e-16	73.6
WP_000891772.1	WP_011014492.1	31.429	210	4.84e-23	89.7
WP_000891772.1	WP_011014374.1	31.414	191	6.35e-23	89.4
WP_000891772.1	WP_011013807.1	30.244	205	1.57e-22	88.6
WP_000891772.1	WP_003861735.1	28.431	204	4.11e-22	87.8
WP_000891772.1	WP_011265940.1	33.168	202	5.36e-22	87.0
WP_000891772.1	WP_011014379.1	32.828	198	7.54e-22	87.0
WP_000891772.1	WP_011013996.1	28.218	202	1.19e-20	84.3
WP_000891772.1	WP_011014785.1	33.168	202	9.76e-20	80.5
WP_000891772.1	WP_011015133.1	29.075	227	1.72e-19	82.4
WP_000891772.1	WP_011015133.1	27.273	209	9.23e-15	68.6
WP_000891772.1	WP_011265986.1	30.698	215	2.39e-19	82.0
WP_000891772.1	WP_011013331.1	30.000	220	2.44e-19	79.3
WP_000891772.1	WP_011015020.1	32.195	205	2.55e-19	82.0
WP_000891772.1	WP_011013906.1	30.986	213	3.33e-19	79.7
WP_000891772.1	WP_011013338.1	28.155	206	2.59e-18	77.4
WP_000891772.1	WP_011013968.1	30.841	214	2.71e-18	79.0
WP_000891772.1	WP_011013968.1	30.366	191	9.10e-16	71.6
WP_000891772.1	WP_011014139.1	31.250	224	2.83e-18	79.3
WP_000891772.1	WP_011014139.1	29.714	175	3.98e-14	67.0
WP_000891772.1	WP_011013802.1	32.227	211	3.12e-18	77.0
WP_000891772.1	WP_003862124.1	31.818	198	8.60e-18	77.4
WP_000891772.1	WP_003862124.1	30.964	197	3.79e-13	63.9
WP_000891772.1	WP_003856990.1	27.778	234	1.89e-17	75.1
WP_000891772.1	WP_011013698.1	26.761	213	8.29e-17	73.2
WP_000891772.1	WP_011013984.1	26.699	206	3.33e-16	71.2
WP_000891772.1	WP_011014362.1	28.436	211	2.80e-15	70.1
WP_000891772.1	WP_011015345.1	26.442	208	3.24e-15	69.3
WP_000891772.1	WP_003856445.1	32.195	205	3.32e-15	68.9
WP_000891772.1	WP_011013622.1	27.830	212	1.28e-14	67.4
WP_000891772.1	WP_004567959.1	24.880	209	1.27e-13	64.7
WP_000891772.1	WP_011014012.1	30.189	159	2.94e-13	64.3
WP_000891772.1	WP_011014011.1	26.341	205	3.93e-13	63.9
WP_000891772.1	WP_011013712.1	28.378	222	4.03e-13	63.9
WP_000891772.1	WP_011013712.1	25.248	202	2.16e-11	58.9
WP_000891772.1	WP_011014216.1	28.571	154	4.26e-13	63.2
WP_000891772.1	WP_011014443.1	27.979	193	4.85e-13	63.5
WP_000891772.1	WP_011265869.1	29.688	192	5.18e-12	60.5
WP_000891772.1	WP_011015261.1	25.773	194	7.43e-12	58.9
WP_000891772.1	WP_011014910.1	26.891	238	8.74e-12	60.1
WP_000891772.1	WP_011265658.1	29.412	204	5.59e-10	54.7
WP_000891772.1	WP_011014000.1	40.625	96	7.31e-10	54.3
WP_000891772.1	WP_011014424.1	26.977	215	5.33e-09	51.6
WP_000891772.1	WP_020948580.1	32.432	148	9.83e-09	50.8
WP_000891772.1	WP_011014540.1	25.238	210	1.80e-08	49.3
WP_000891772.1	WP_011014865.1	34.646	127	2.70e-08	49.7
WP_000891772.1	WP_011265741.1	44.681	47	1.38e-07	47.4
WP_000891772.1	WP_003856078.1	27.128	188	3.05e-07	45.8
WP_000891772.1	WP_011013466.1	22.798	193	7.35e-07	45.1
WP_000891772.1	WP_011014089.1	29.630	189	2.66e-06	43.5
WP_000892185.1	WP_006285928.1	43.258	178	1.77e-41	135
WP_000893503.1	WP_011013998.1	30.085	236	3.00e-20	87.8
WP_000893503.1	WP_011015505.1	25.309	162	1.07e-08	52.8
WP_000893503.1	WP_003857531.1	22.078	154	7.26e-07	47.0
WP_000894006.1	WP_011015564.1	34.351	131	2.30e-10	53.5
WP_000895293.1	WP_004567959.1	32.110	218	2.48e-36	128
WP_000895293.1	WP_003861735.1	32.900	231	4.44e-34	122
WP_000895293.1	WP_011014374.1	28.774	212	3.15e-30	111
WP_000895293.1	WP_011015345.1	26.549	226	1.16e-25	100
WP_000895293.1	WP_011014450.1	26.923	234	5.70e-24	96.3
WP_000895293.1	WP_011014850.1	27.869	244	1.83e-23	94.0
WP_000895293.1	WP_011014212.1	28.019	207	3.42e-22	89.7
WP_000895293.1	WP_011013996.1	27.477	222	6.35e-22	90.1
WP_000895293.1	WP_011013985.1	26.818	220	6.92e-21	85.9
WP_000895293.1	WP_011014233.1	26.378	254	7.19e-21	89.0
WP_000895293.1	WP_011014233.1	26.744	258	9.73e-13	64.7
WP_000895293.1	WP_011013807.1	27.273	231	1.71e-20	85.1
WP_000895293.1	WP_003855103.1	26.457	223	5.23e-20	83.2
WP_000895293.1	WP_011013984.1	27.966	236	4.77e-18	78.2
WP_000895293.1	WP_011013642.1	24.528	212	4.99e-18	79.7
WP_000895293.1	WP_011015040.1	27.727	220	5.02e-18	80.5
WP_000895293.1	WP_011015040.1	25.301	249	1.98e-16	75.5
WP_000895293.1	WP_003858826.1	26.908	249	8.45e-18	77.8
WP_000895293.1	WP_003854632.1	26.840	231	1.25e-17	78.6
WP_000895293.1	WP_003857431.1	26.728	217	1.47e-17	76.6
WP_000895293.1	WP_011265986.1	28.276	290	4.98e-17	77.8
WP_000895293.1	WP_011015118.1	27.358	212	3.43e-16	75.1
WP_000895293.1	WP_011015118.1	26.087	230	3.67e-13	65.9
WP_000895293.1	WP_011013622.1	26.923	260	4.41e-15	70.5
WP_000895293.1	WP_011014807.1	25.833	240	8.02e-15	70.9
WP_000895293.1	WP_011014807.1	28.462	260	5.20e-14	68.6
WP_000895293.1	WP_011014012.1	23.176	233	8.40e-15	70.9
WP_000895293.1	WP_011013851.1	26.316	190	5.20e-14	67.8
WP_000895293.1	WP_003857536.1	25.592	211	8.22e-14	66.2
WP_000895293.1	WP_011014011.1	27.232	224	1.77e-13	67.0
WP_000895293.1	WP_011013906.1	25.877	228	2.26e-13	65.1
WP_000895293.1	WP_011013338.1	24.889	225	4.02e-13	64.3
WP_000895293.1	WP_011013479.1	23.288	219	4.95e-13	64.7
WP_000895293.1	WP_003858089.1	21.097	237	1.02e-12	62.8
WP_000895293.1	WP_003856445.1	25.604	207	1.26e-12	63.2
WP_000895293.1	WP_011015140.1	25.683	183	1.42e-12	63.9
WP_000895293.1	WP_011013331.1	24.528	212	2.05e-12	62.0
WP_000895293.1	WP_011013802.1	22.176	239	4.21e-12	61.6
WP_000895293.1	WP_003856990.1	24.164	269	4.56e-12	61.6
WP_000895293.1	WP_011015221.1	24.895	237	9.39e-12	60.5
WP_000895293.1	WP_011015261.1	28.767	146	2.05e-11	59.3
WP_000895293.1	WP_011013466.1	24.757	206	2.64e-11	59.3
WP_000895293.1	WP_011265940.1	29.646	226	4.79e-11	58.5
WP_000895293.1	WP_011015284.1	23.502	217	6.59e-11	58.2
WP_000895293.1	WP_011013712.1	25.000	200	7.64e-11	58.9
WP_000895293.1	WP_011014540.1	22.772	202	1.07e-10	56.6
WP_000895293.1	WP_011013333.1	22.273	220	1.15e-10	57.4
WP_000895293.1	WP_011013931.1	23.288	219	2.32e-10	55.8
WP_000895293.1	WP_003860245.1	22.222	198	3.64e-10	56.2
WP_000895293.1	WP_011014379.1	20.889	225	4.19e-10	55.8
WP_000895293.1	WP_011014327.1	23.077	182	4.90e-10	56.2
WP_000895293.1	WP_011014443.1	26.667	165	9.27e-10	55.5
WP_000895293.1	WP_011265869.1	23.558	208	1.71e-09	54.7
WP_000895293.1	WP_011014492.1	25.000	228	1.88e-09	53.5
WP_000895293.1	WP_011015133.1	30.488	164	2.35e-09	54.3
WP_000895293.1	WP_011013698.1	23.529	204	2.39e-09	53.5
WP_000895293.1	WP_011013783.1	23.041	217	2.96e-09	52.8
WP_000895293.1	WP_011015020.1	23.077	208	5.89e-09	53.1
WP_000895293.1	WP_011013968.1	29.787	141	1.07e-08	52.4
WP_000895293.1	WP_003862124.1	27.826	230	1.57e-08	51.6
WP_000895293.1	WP_011014139.1	24.460	278	2.48e-08	51.6
WP_000895293.1	WP_011014139.1	24.186	215	4.98e-08	50.4
WP_000895293.1	WP_003856078.1	26.344	186	3.12e-08	50.1
WP_000895293.1	WP_011014351.1	23.348	227	7.20e-07	46.6
WP_000895293.1	WP_011014785.1	26.506	166	1.46e-06	44.7
WP_000895293.1	WP_011014865.1	28.743	167	5.26e-06	43.9
WP_000900658.1	WP_011014824.1	38.571	70	3.32e-10	57.8
WP_000904591.1	WP_011014912.1	29.885	348	5.14e-36	132
WP_000904591.1	WP_011013767.1	22.256	328	4.80e-06	44.7
WP_000907151.1	WP_011265569.1	57.738	840	0.0	971
WP_000907151.1	WP_011265569.1	43.003	293	9.00e-65	236
WP_000908145.1	WP_011014012.1	35.240	542	1.05e-118	359
WP_000908145.1	WP_011014011.1	29.231	520	1.80e-64	219
WP_000908145.1	WP_011014139.1	28.819	576	2.11e-62	219
WP_000908145.1	WP_011014139.1	27.366	486	7.56e-49	179
WP_000908145.1	WP_011015020.1	27.197	603	2.10e-58	202
WP_000908145.1	WP_011014362.1	23.186	565	8.09e-40	149
WP_000908145.1	WP_011014424.1	24.812	532	3.86e-37	142
WP_000908145.1	WP_011265658.1	23.063	555	2.61e-32	127
WP_000908145.1	WP_011014865.1	34.263	251	8.15e-30	119
WP_000908145.1	WP_003854632.1	34.842	221	2.06e-28	113
WP_000908145.1	WP_011265869.1	33.202	253	4.93e-26	108
WP_000908145.1	WP_003855103.1	29.956	227	1.94e-22	92.8
WP_000908145.1	WP_011015140.1	30.222	225	2.40e-22	95.5
WP_000908145.1	WP_011013642.1	28.631	241	2.20e-21	92.4
WP_000908145.1	WP_011013851.1	26.860	242	2.41e-20	89.0
WP_000908145.1	WP_003857431.1	32.864	213	2.42e-20	87.0
WP_000908145.1	WP_011265940.1	28.241	216	8.62e-19	82.8
WP_000908145.1	WP_011014379.1	27.778	234	3.97e-18	81.3
WP_000908145.1	WP_003856445.1	25.600	250	6.21e-18	80.5
WP_000908145.1	WP_011014327.1	27.570	214	7.39e-18	82.4
WP_000908145.1	WP_011015118.1	30.357	224	1.34e-17	82.4
WP_000908145.1	WP_011015118.1	25.217	230	5.75e-07	48.5
WP_000908145.1	WP_003858089.1	26.724	232	6.55e-17	76.6
WP_000908145.1	WP_011014450.1	27.358	212	1.03e-16	78.2
WP_000908145.1	WP_011013802.1	26.531	245	1.26e-16	76.6
WP_000908145.1	WP_011014807.1	28.311	219	1.56e-16	79.0
WP_000908145.1	WP_011014807.1	30.131	229	1.05e-15	76.3
WP_000908145.1	WP_011013622.1	25.893	224	5.08e-16	75.1
WP_000908145.1	WP_011013996.1	27.358	212	1.08e-15	74.7
WP_000908145.1	WP_011014492.1	26.047	215	1.57e-15	73.2
WP_000908145.1	WP_003857536.1	28.655	171	1.11e-14	70.1
WP_000908145.1	WP_011014374.1	24.000	225	1.88e-14	69.7
WP_000908145.1	WP_011265986.1	28.302	212	2.39e-14	72.4
WP_000908145.1	WP_011013479.1	27.778	216	2.87e-13	67.4
WP_000908145.1	WP_011015040.1	28.155	206	3.03e-13	68.6
WP_000908145.1	WP_011015040.1	28.230	209	1.63e-11	62.8
WP_000908145.1	WP_003860245.1	27.404	208	3.81e-13	66.6
WP_000908145.1	WP_011015284.1	30.667	225	1.60e-12	64.7
WP_000908145.1	WP_020948580.1	33.577	137	1.79e-12	66.2
WP_000908145.1	WP_003862124.1	28.977	176	3.78e-12	64.7
WP_000908145.1	WP_011013698.1	24.138	232	4.05e-12	63.2
WP_000908145.1	WP_003858826.1	25.738	237	4.59e-12	62.8
WP_000908145.1	WP_011014850.1	24.519	208	4.75e-12	63.5
WP_000908145.1	WP_011013331.1	26.027	219	4.99e-12	62.0
WP_000908145.1	WP_011014212.1	24.752	202	7.25e-12	62.0
WP_000908145.1	WP_011014233.1	22.868	258	7.34e-12	64.3
WP_000908145.1	WP_011014233.1	24.155	207	2.51e-07	49.7
WP_000908145.1	WP_003861735.1	21.076	223	1.14e-11	62.0
WP_000908145.1	WP_011013338.1	25.481	208	1.23e-11	61.6
WP_000908145.1	WP_011013807.1	26.570	207	1.44e-11	61.6
WP_000908145.1	WP_011013712.1	26.255	259	1.66e-11	63.2
WP_000908145.1	WP_011013712.1	20.362	221	1.92e-07	50.1
WP_000908145.1	WP_011013931.1	26.442	208	3.35e-11	59.7
WP_000908145.1	WP_011013906.1	26.577	222	8.43e-11	58.9
WP_000908145.1	WP_004567959.1	26.263	198	2.17e-10	58.5
WP_000908145.1	WP_003856078.1	28.571	231	4.17e-10	57.0
WP_000908145.1	WP_011015345.1	25.728	206	6.03e-10	57.0
WP_000908145.1	WP_011014000.1	31.250	80	7.00e-10	57.8
WP_000908145.1	WP_011013985.1	22.318	233	1.30e-09	55.1
WP_000908145.1	WP_011013333.1	25.225	222	1.84e-09	55.1
WP_000908145.1	WP_011013783.1	25.822	213	2.32e-09	54.7
WP_000908145.1	WP_003856990.1	24.123	228	7.80e-09	53.1
WP_000908145.1	WP_011013968.1	24.419	172	1.29e-08	53.9
WP_000908145.1	WP_011013968.1	24.419	172	3.15e-08	52.8
WP_000908145.1	WP_011014910.1	27.320	194	1.40e-08	53.5
WP_000908145.1	WP_011265741.1	28.261	138	1.54e-08	53.5
WP_000908145.1	WP_011014351.1	27.143	210	2.71e-08	52.8
WP_000908145.1	WP_011013984.1	22.845	232	3.19e-08	51.2
WP_000908145.1	WP_011015221.1	30.928	194	8.63e-08	50.1
WP_000908145.1	WP_011015133.1	25.114	219	1.02e-07	50.8
WP_000908145.1	WP_011015133.1	24.528	212	3.56e-06	46.2
WP_000908145.1	WP_011013466.1	25.466	161	3.78e-07	48.1
WP_000908145.1	WP_011014216.1	22.134	253	9.43e-07	47.0
WP_000908145.1	WP_011014785.1	25.134	187	1.62e-06	45.8
WP_000912114.1	WP_011014236.1	25.926	135	7.97e-08	45.1
WP_000912151.1	WP_011014766.1	34.146	287	2.19e-38	142
WP_000914584.1	WP_011014742.1	23.542	463	1.98e-25	105
WP_000915284.1	WP_003858584.1	29.091	110	4.01e-07	45.1
WP_000915884.1	WP_011013439.1	24.762	210	3.64e-08	50.4
WP_000915884.1	WP_011014888.1	29.060	117	5.44e-06	43.9
WP_000915958.1	WP_003856821.1	34.266	143	9.01e-10	52.4
WP_000916509.1	WP_003859304.1	60.494	81	8.41e-28	93.6
WP_000916792.1	WP_011013943.1	36.957	138	1.31e-18	72.8
WP_000917330.1	WP_003854559.1	34.043	94	2.48e-13	57.0
WP_000917601.1	WP_011014761.1	28.800	250	9.63e-22	87.8
WP_000917601.1	WP_011013394.1	24.701	251	2.40e-17	75.9
WP_000917601.1	WP_011013397.1	25.514	243	2.67e-12	61.6
WP_000917601.1	WP_011014764.1	24.803	254	4.62e-09	52.0
WP_000920667.1	WP_011014761.1	31.950	241	4.87e-24	93.6
WP_000920667.1	WP_011013397.1	28.319	226	5.11e-20	83.2
WP_000920667.1	WP_011013394.1	25.306	245	8.72e-19	79.3
WP_000920667.1	WP_011014764.1	29.577	213	3.59e-12	61.2
WP_000922204.1	WP_011013589.1	31.068	206	2.42e-25	95.5
WP_000923575.1	WP_011014346.1	29.915	585	8.02e-83	266
WP_000924508.1	WP_011014479.1	36.879	423	3.19e-73	233
WP_000926537.1	WP_011014376.1	23.744	219	3.15e-09	53.1
WP_000929153.1	WP_011014282.1	38.983	118	1.54e-22	84.3
WP_000929853.1	WP_011014233.1	36.842	494	9.86e-100	307
WP_000929853.1	WP_011014233.1	25.106	235	5.71e-15	73.6
WP_000929853.1	WP_011013333.1	36.771	223	1.35e-36	132
WP_000929853.1	WP_011013333.1	27.074	229	3.74e-17	77.8
WP_000929853.1	WP_003857431.1	32.889	225	1.57e-30	115
WP_000929853.1	WP_003857431.1	24.887	221	1.21e-12	64.3
WP_000929853.1	WP_003854632.1	33.036	224	7.16e-28	111
WP_000929853.1	WP_003854632.1	26.941	219	2.34e-15	73.9
WP_000929853.1	WP_011014850.1	30.435	253	2.99e-26	105
WP_000929853.1	WP_011014850.1	25.000	224	4.13e-10	57.4
WP_000929853.1	WP_004567959.1	29.596	223	3.42e-24	99.4
WP_000929853.1	WP_004567959.1	28.230	209	1.92e-15	73.6
WP_000929853.1	WP_003861735.1	27.935	247	2.31e-23	96.7
WP_000929853.1	WP_003861735.1	23.611	216	9.82e-07	47.0
WP_000929853.1	WP_011015040.1	25.720	521	2.49e-23	99.4
WP_000929853.1	WP_003858826.1	30.263	228	7.38e-23	94.4
WP_000929853.1	WP_003858826.1	27.311	238	7.44e-16	73.9
WP_000929853.1	WP_011013996.1	28.959	221	2.99e-22	93.6
WP_000929853.1	WP_011013996.1	25.943	212	8.29e-15	71.6
WP_000929853.1	WP_011013931.1	31.250	224	3.15e-21	89.0
WP_000929853.1	WP_011013931.1	28.505	214	2.77e-15	71.6
WP_000929853.1	WP_011015118.1	25.697	502	7.84e-21	92.0
WP_000929853.1	WP_011015118.1	27.350	234	3.31e-17	80.9
WP_000929853.1	WP_011015118.1	29.630	243	6.32e-14	70.5
WP_000929853.1	WP_011013783.1	30.043	233	8.21e-21	88.2
WP_000929853.1	WP_011013783.1	27.155	232	9.12e-12	61.6
WP_000929853.1	WP_011013984.1	28.070	228	5.56e-20	85.9
WP_000929853.1	WP_011013984.1	24.766	214	9.72e-08	49.7
WP_000929853.1	WP_003855103.1	30.088	226	1.33e-19	84.3
WP_000929853.1	WP_003855103.1	24.413	213	1.21e-07	49.3
WP_000929853.1	WP_011014379.1	28.992	238	1.37e-19	85.1
WP_000929853.1	WP_011014379.1	25.446	224	2.10e-11	60.8
WP_000929853.1	WP_011013712.1	23.904	502	2.06e-19	87.8
WP_000929853.1	WP_011013712.1	28.085	235	9.26e-09	53.9
WP_000929853.1	WP_011013642.1	28.279	244	8.08e-19	84.3
WP_000929853.1	WP_011013642.1	23.830	235	1.44e-15	74.3
WP_000929853.1	WP_011015020.1	32.889	225	1.41e-18	85.1
WP_000929853.1	WP_011015020.1	25.424	236	3.77e-13	68.2
WP_000929853.1	WP_003860245.1	29.412	204	1.51e-18	82.4
WP_000929853.1	WP_003860245.1	23.348	227	3.31e-08	51.2
WP_000929853.1	WP_011015345.1	29.493	217	1.60e-18	82.8
WP_000929853.1	WP_011015345.1	26.027	219	6.58e-09	53.9
WP_000929853.1	WP_011013479.1	25.234	214	2.55e-18	82.0
WP_000929853.1	WP_011013479.1	25.701	214	7.39e-08	50.4
WP_000929853.1	WP_011014450.1	27.928	222	2.63e-18	82.8
WP_000929853.1	WP_011014450.1	22.271	229	2.35e-10	58.5
WP_000929853.1	WP_011013985.1	28.311	219	3.20e-18	80.5
WP_000929853.1	WP_011013985.1	22.321	224	2.09e-11	60.5
WP_000929853.1	WP_003858089.1	28.155	206	4.56e-17	77.0
WP_000929853.1	WP_003858089.1	28.144	167	5.29e-09	53.1
WP_000929853.1	WP_011013968.1	21.612	546	1.47e-16	79.0
WP_000929853.1	WP_011015284.1	28.175	252	1.87e-16	76.3
WP_000929853.1	WP_011015284.1	28.704	216	1.09e-13	67.8
WP_000929853.1	WP_011013698.1	22.568	257	2.25e-16	75.9
WP_000929853.1	WP_011013698.1	21.097	237	9.43e-09	52.8
WP_000929853.1	WP_011013851.1	31.658	199	2.66e-16	76.6
WP_000929853.1	WP_011013851.1	25.210	238	1.42e-13	68.2
WP_000929853.1	WP_011015133.1	23.000	500	2.76e-16	77.8
WP_000929853.1	WP_011015133.1	24.324	222	3.05e-06	46.2
WP_000929853.1	WP_011014807.1	27.917	240	7.38e-16	76.6
WP_000929853.1	WP_011014807.1	22.563	554	1.41e-13	69.3
WP_000929853.1	WP_011014807.1	28.216	241	1.09e-12	66.6
WP_000929853.1	WP_003862124.1	25.586	469	8.80e-16	75.9
WP_000929853.1	WP_003862124.1	29.767	215	1.76e-13	68.6
WP_000929853.1	WP_003856990.1	26.872	227	4.24e-15	72.0
WP_000929853.1	WP_003856990.1	23.982	221	3.23e-08	51.2
WP_000929853.1	WP_011013622.1	26.087	230	4.42e-15	72.0
WP_000929853.1	WP_011013338.1	24.444	225	7.10e-15	71.2
WP_000929853.1	WP_011013338.1	25.581	215	4.51e-08	50.8
WP_000929853.1	WP_011015140.1	29.902	204	9.40e-15	72.4
WP_000929853.1	WP_011015140.1	25.000	232	3.11e-13	67.4
WP_000929853.1	WP_011014540.1	26.961	204	1.24e-14	69.3
WP_000929853.1	WP_011014540.1	22.000	200	1.65e-06	45.4
WP_000929853.1	WP_011013807.1	25.561	223	1.92e-14	69.7
WP_000929853.1	WP_011013807.1	25.764	229	9.16e-08	49.7
WP_000929853.1	WP_011014327.1	27.465	284	2.94e-14	70.9
WP_000929853.1	WP_011014327.1	23.581	229	3.62e-09	55.1
WP_000929853.1	WP_011014492.1	28.054	221	3.94e-14	68.9
WP_000929853.1	WP_011014492.1	24.215	223	6.72e-09	53.1
WP_000929853.1	WP_011013802.1	25.328	229	4.14e-14	68.9
WP_000929853.1	WP_011013802.1	23.041	217	2.51e-10	57.8
WP_000929853.1	WP_011265940.1	26.906	223	5.33e-14	68.6
WP_000929853.1	WP_011013331.1	28.899	218	2.06e-13	66.2
WP_000929853.1	WP_011013331.1	21.304	230	2.60e-07	48.1
WP_000929853.1	WP_011014212.1	27.556	225	4.89e-13	65.5
WP_000929853.1	WP_011014212.1	23.585	212	4.54e-11	59.7
WP_000929853.1	WP_011013906.1	27.064	218	1.26e-12	64.3
WP_000929853.1	WP_011013906.1	18.376	234	3.27e-07	48.1
WP_000929853.1	WP_003857536.1	26.961	204	3.20e-12	62.8
WP_000929853.1	WP_003857536.1	26.316	228	6.57e-11	58.9
WP_000929853.1	WP_011014374.1	28.095	210	3.87e-12	62.8
WP_000929853.1	WP_011014374.1	23.223	211	5.90e-07	47.4
WP_000929853.1	WP_011014351.1	24.336	226	1.29e-11	63.2
WP_000929853.1	WP_011014351.1	25.439	228	1.47e-07	50.1
WP_000929853.1	WP_011014351.1	23.810	168	6.83e-07	48.1
WP_000929853.1	WP_011015261.1	26.733	202	4.08e-11	59.7
WP_000929853.1	WP_011015261.1	28.111	217	2.37e-08	51.2
WP_000929853.1	WP_011265986.1	27.155	232	5.13e-11	61.2
WP_000929853.1	WP_011265986.1	25.957	235	7.63e-10	57.8
WP_000929853.1	WP_011014139.1	25.490	204	5.83e-11	61.6
WP_000929853.1	WP_011014424.1	25.893	224	7.78e-11	60.8
WP_000929853.1	WP_011014424.1	23.134	268	3.49e-06	45.8
WP_000929853.1	WP_011014011.1	28.311	219	4.62e-10	58.5
WP_000929853.1	WP_011014011.1	26.087	230	5.94e-10	58.2
WP_000929853.1	WP_011013466.1	45.902	61	5.00e-10	56.6
WP_000929853.1	WP_011014012.1	28.037	214	6.09e-10	57.8
WP_000929853.1	WP_011014012.1	23.474	213	1.50e-07	50.1
WP_000929853.1	WP_011014910.1	30.220	182	7.74e-10	57.4
WP_000929853.1	WP_011014910.1	26.702	191	1.19e-06	47.4
WP_000929853.1	WP_011015221.1	25.676	222	1.89e-09	55.1
WP_000929853.1	WP_003856078.1	27.027	222	1.52e-08	52.0
WP_000929853.1	WP_011014362.1	26.496	234	2.92e-08	52.4
WP_000929853.1	WP_011014110.1	20.238	420	6.74e-08	51.6
WP_000929853.1	WP_011014443.1	25.322	233	9.33e-08	50.8
WP_000929853.1	WP_011265658.1	29.665	209	1.85e-07	50.1
WP_000929853.1	WP_011014319.1	33.333	111	5.11e-07	48.9
WP_000929853.1	WP_011014089.1	27.835	194	7.99e-07	47.8
WP_000929853.1	WP_003856445.1	21.757	239	3.92e-06	45.1
WP_000929853.1	WP_011014216.1	23.958	192	8.60e-06	43.9
WP_000931182.1	WP_011013757.1	31.679	262	9.84e-39	140
WP_000931182.1	WP_011015302.1	34.762	210	5.09e-31	118
WP_000936166.1	WP_003862621.1	27.404	208	6.14e-18	77.0
WP_000936166.1	WP_003857140.1	24.229	227	1.52e-17	75.5
WP_000936166.1	WP_011015280.1	39.706	68	6.62e-08	48.1
WP_000936166.1	WP_011015515.1	35.294	68	2.18e-07	45.1
WP_000936166.1	WP_011015487.1	37.705	61	5.26e-07	45.4
WP_000939895.1	WP_011013466.1	26.154	195	3.03e-18	76.6
WP_000939895.1	WP_011014374.1	28.205	195	2.25e-17	73.9
WP_000939895.1	WP_004567959.1	26.842	190	5.75e-16	70.9
WP_000939895.1	WP_011013996.1	25.397	189	2.60e-15	69.3
WP_000939895.1	WP_011014540.1	23.497	183	1.21e-13	63.2
WP_000939895.1	WP_011013642.1	24.390	205	1.77e-13	64.3
WP_000939895.1	WP_011015345.1	28.436	211	6.39e-13	62.4
WP_000939895.1	WP_011014450.1	25.397	189	3.39e-11	57.8
WP_000939895.1	WP_011014212.1	26.866	201	3.92e-11	57.0
WP_000939895.1	WP_011013479.1	24.752	202	6.87e-11	56.6
WP_000939895.1	WP_011014910.1	24.034	233	1.31e-10	56.2
WP_000939895.1	WP_011014910.1	26.012	173	1.79e-06	43.9
WP_000939895.1	WP_003861735.1	21.827	197	1.76e-10	55.5
WP_000939895.1	WP_003855103.1	22.549	204	2.86e-09	51.6
WP_000939895.1	WP_011014850.1	26.316	190	3.25e-09	51.6
WP_000939895.1	WP_011013968.1	22.013	159	6.70e-08	48.1
WP_000939895.1	WP_011013331.1	23.316	193	7.05e-08	47.4
WP_000939895.1	WP_003862124.1	25.131	191	1.77e-07	47.0
WP_000939895.1	WP_011014443.1	25.478	157	3.19e-07	46.2
WP_000939895.1	WP_011015020.1	25.366	205	3.89e-07	45.8
WP_000939895.1	WP_011015133.1	24.324	148	7.35e-07	45.1
WP_000939895.1	WP_011014379.1	23.767	223	8.14e-06	41.6
WP_000941421.1	WP_003856680.1	30.000	300	5.50e-27	103
WP_000946463.1	WP_011015220.1	19.811	212	2.13e-11	58.2
WP_000950018.1	WP_011013330.1	29.961	257	1.50e-16	73.9
WP_000950018.1	WP_011015262.1	25.379	264	7.36e-13	63.5
WP_000950154.1	WP_011014275.1	44.715	738	0.0	539
WP_000950154.1	WP_231838273.1	24.922	642	5.80e-26	110
WP_000952972.1	WP_003862033.1	46.482	398	1.28e-121	357
WP_000952972.1	WP_011014022.1	28.571	322	3.02e-29	112
WP_000954115.1	WP_011014292.1	27.984	243	3.63e-13	65.1
WP_000958770.1	WP_011015133.1	29.502	522	4.87e-64	215
WP_000958770.1	WP_011014443.1	29.656	553	3.01e-59	202
WP_000958770.1	WP_011013968.1	25.505	545	3.87e-48	173
WP_000958770.1	WP_011013968.1	26.512	215	7.26e-15	73.6
WP_000958770.1	WP_011014089.1	28.305	537	4.33e-37	140
WP_000958770.1	WP_011014089.1	31.183	93	9.91e-10	57.4
WP_000958770.1	WP_011014089.1	34.831	89	1.33e-09	57.0
WP_000958770.1	WP_011014910.1	24.821	560	1.34e-34	134
WP_000958770.1	WP_011014351.1	22.649	521	1.45e-25	106
WP_000958770.1	WP_011014351.1	28.704	108	1.57e-08	53.5
WP_000958770.1	WP_011015040.1	21.363	543	5.19e-20	89.4
WP_000958770.1	WP_011014492.1	26.496	234	1.63e-17	79.0
WP_000958770.1	WP_011014492.1	22.111	199	6.46e-10	56.2
WP_000958770.1	WP_011013338.1	26.778	239	2.80e-16	75.5
WP_000958770.1	WP_011013802.1	24.583	240	6.30e-16	74.7
WP_000958770.1	WP_011013802.1	21.681	226	6.70e-08	50.4
WP_000958770.1	WP_011013622.1	26.695	236	1.20e-15	73.9
WP_000958770.1	WP_011013622.1	25.893	224	5.23e-12	62.8
WP_000958770.1	WP_011013712.1	21.869	567	1.44e-15	75.9
WP_000958770.1	WP_011013712.1	26.957	230	3.84e-12	65.1
WP_000958770.1	WP_011014807.1	19.965	576	1.82e-15	75.5
WP_000958770.1	WP_003861735.1	24.786	234	1.33e-14	70.9
WP_000958770.1	WP_011013698.1	25.926	243	1.63e-14	70.1
WP_000958770.1	WP_011013698.1	23.171	246	1.68e-07	49.3
WP_000958770.1	WP_011265940.1	27.411	197	3.98e-14	68.9
WP_000958770.1	WP_003854632.1	23.695	249	5.20e-14	70.1
WP_000958770.1	WP_011013906.1	25.847	236	1.06e-13	67.8
WP_000958770.1	WP_011013906.1	23.849	239	1.36e-06	46.2
WP_000958770.1	WP_011013996.1	24.255	235	1.39e-13	68.2
WP_000958770.1	WP_003857536.1	25.439	228	2.01e-13	66.2
WP_000958770.1	WP_003857536.1	25.714	210	2.53e-06	45.1
WP_000958770.1	WP_011013807.1	27.660	235	2.31e-13	66.6
WP_000958770.1	WP_011013807.1	23.913	230	1.57e-07	49.3
WP_000958770.1	WP_011015345.1	22.973	296	3.37e-13	67.0
WP_000958770.1	WP_011015345.1	23.684	228	7.32e-07	47.4
WP_000958770.1	WP_011015118.1	21.864	558	5.49e-13	67.8
WP_000958770.1	WP_003858089.1	25.417	240	8.50e-13	64.7
WP_000958770.1	WP_011014850.1	26.891	238	1.26e-12	65.1
WP_000958770.1	WP_011013333.1	24.569	232	1.32e-12	64.3
WP_000958770.1	WP_011014216.1	26.957	230	2.69e-12	63.9
WP_000958770.1	WP_011014212.1	24.893	233	3.30e-12	63.2
WP_000958770.1	WP_011013985.1	22.553	235	3.71e-12	62.8
WP_000958770.1	WP_011014450.1	23.113	212	1.43e-11	62.4
WP_000958770.1	WP_011014379.1	23.144	229	1.62e-11	61.2
WP_000958770.1	WP_011013642.1	24.893	233	2.75e-11	61.6
WP_000958770.1	WP_011013783.1	22.660	203	3.34e-11	60.1
WP_000958770.1	WP_011013466.1	25.909	220	3.55e-11	60.5
WP_000958770.1	WP_011013466.1	24.339	189	4.59e-07	47.8
WP_000958770.1	WP_003860245.1	24.757	206	3.59e-11	60.5
WP_000958770.1	WP_004567959.1	24.034	233	4.20e-11	60.5
WP_000958770.1	WP_011265986.1	24.149	323	4.82e-11	61.6
WP_000958770.1	WP_011014540.1	27.488	211	5.42e-11	58.5
WP_000958770.1	WP_011014540.1	25.253	198	3.19e-07	47.4
WP_000958770.1	WP_003855103.1	23.618	199	1.05e-10	58.5
WP_000958770.1	WP_011014233.1	21.455	536	1.81e-10	59.7
WP_000958770.1	WP_011015284.1	22.222	216	1.45e-09	55.5
WP_000958770.1	WP_011015284.1	27.368	95	1.32e-06	46.6
WP_000958770.1	WP_011013479.1	27.128	188	1.68e-09	55.5
WP_000958770.1	WP_011013331.1	23.394	218	6.59e-09	52.8
WP_000958770.1	WP_011014139.1	24.868	189	6.87e-09	55.1
WP_000958770.1	WP_011014139.1	25.121	207	2.15e-08	53.5
WP_000958770.1	WP_003856990.1	25.532	235	1.13e-08	52.8
WP_000958770.1	WP_003857431.1	20.536	224	2.05e-08	51.6
WP_000958770.1	WP_003862124.1	25.604	207	2.07e-08	52.8
WP_000958770.1	WP_003862124.1	35.135	74	1.67e-06	47.0
WP_000958770.1	WP_011014011.1	23.041	217	4.19e-08	52.4
WP_000958770.1	WP_003856445.1	25.789	190	6.27e-08	50.4
WP_000958770.1	WP_011015020.1	22.814	263	3.83e-07	49.3
WP_000958770.1	WP_003856078.1	23.790	248	4.07e-07	47.8
WP_000958770.1	WP_003858826.1	22.822	241	4.77e-07	47.8
WP_000958770.1	WP_011265658.1	36.667	60	5.07e-07	48.5
WP_000958770.1	WP_011015140.1	25.114	219	5.82e-07	48.1
WP_000958770.1	WP_011014327.1	24.651	215	7.94e-07	47.8
WP_000958770.1	WP_011015221.1	26.316	228	1.12e-06	46.6
WP_000958770.1	WP_011265869.1	21.681	226	1.41e-06	47.4
WP_000958770.1	WP_011013984.1	24.167	240	1.55e-06	45.8
WP_000958770.1	WP_011014362.1	25.822	213	2.54e-06	46.6
WP_000958770.1	WP_011014785.1	25.238	210	4.15e-06	44.7
WP_000958770.1	WP_011014374.1	26.923	156	4.95e-06	44.7
WP_000958925.1	WP_041625711.1	41.379	435	1.83e-103	311
WP_000958925.1	WP_011013602.1	33.262	466	1.93e-63	208
WP_000958925.1	WP_011014816.1	30.482	456	2.29e-51	176
WP_000958925.1	WP_011013815.1	24.130	460	4.52e-32	124
WP_000958925.1	WP_011015323.1	26.768	198	6.22e-10	57.0
WP_000959957.1	WP_172820748.1	23.715	253	3.52e-08	50.1
WP_000960946.1	WP_003854302.1	57.664	137	5.53e-53	160
WP_000961511.1	WP_011014330.1	32.442	860	1.31e-110	353
WP_000966743.1	WP_011013500.1	35.321	218	6.27e-47	150
WP_000969302.1	WP_003861324.1	35.359	181	6.40e-30	106
WP_000972931.1	WP_003858506.1	25.461	271	1.49e-21	87.8
WP_000972931.1	WP_011015468.1	25.862	290	2.70e-20	84.7
WP_000974062.1	WP_011015272.1	37.107	159	3.55e-24	104
WP_000974062.1	WP_011014304.1	36.986	146	3.88e-23	100
WP_000974212.1	WP_011015597.1	31.128	257	9.85e-25	100
WP_000974212.1	WP_011014164.1	26.054	261	5.56e-23	95.5
WP_000974746.1	WP_003862560.1	46.875	192	3.92e-51	160
WP_000975302.1	WP_011015583.1	47.281	423	3.18e-123	365
WP_000975730.1	WP_003853803.1	37.874	301	6.70e-51	167
WP_000975730.1	WP_003855021.1	34.746	236	7.03e-34	122
WP_000979235.1	WP_003855993.1	62.069	29	2.23e-06	39.3
WP_000981526.1	WP_003855676.1	33.803	71	3.95e-11	51.6
WP_000986385.1	WP_011014741.1	23.377	308	1.06e-21	92.0
WP_000986385.1	WP_172820728.1	24.645	211	7.30e-06	43.9
WP_000990607.1	WP_011014232.1	30.154	325	5.94e-44	151
WP_000990607.1	WP_011014311.1	28.571	329	9.39e-34	124
WP_000990607.1	WP_011013448.1	26.488	336	1.21e-28	109
WP_000990607.1	WP_003857593.1	25.305	328	1.93e-24	98.2
WP_000990607.1	WP_011013442.1	27.679	336	1.35e-20	87.4
WP_000990607.1	WP_011014889.1	24.471	331	2.19e-14	69.3
WP_000990607.1	WP_011015259.1	23.582	335	1.03e-10	58.5
WP_000990607.1	WP_011015158.1	29.787	94	7.48e-06	41.6
WP_000992862.1	WP_011013929.1	42.551	792	0.0	585
WP_000992862.1	WP_011013882.1	34.250	400	3.24e-49	181
WP_000992862.1	WP_011013882.1	38.168	131	1.70e-16	80.1
WP_000992862.1	WP_011013880.1	24.457	552	1.25e-21	97.1
WP_000992862.1	WP_011013880.1	39.683	63	2.40e-10	60.5
WP_000992862.1	WP_011013857.1	41.791	67	2.05e-07	50.8
WP_000996560.1	WP_011014754.1	39.091	330	2.26e-68	214
WP_000996560.1	WP_011013564.1	29.762	336	4.38e-25	99.8
WP_000996560.1	WP_011013574.1	23.602	322	2.22e-11	60.5
WP_000996639.1	WP_011014202.1	54.207	511	0.0	564
WP_000996639.1	WP_011014204.1	24.038	312	6.26e-14	70.1
WP_000998307.1	WP_011015498.1	36.774	155	1.05e-28	107
WP_000998307.1	WP_003857328.1	43.651	126	1.02e-27	102
WP_001001626.1	WP_011014303.1	40.571	350	3.91e-76	241
WP_001001626.1	WP_011014841.1	42.520	127	7.33e-13	66.6
WP_001001626.1	WP_011014841.1	36.364	88	7.80e-06	44.3
WP_001001626.1	WP_011014796.1	47.273	55	3.91e-07	48.5
WP_001001626.1	WP_011014796.1	44.928	69	5.74e-06	44.7
WP_001002570.1	WP_003854632.1	34.158	202	2.71e-34	122
WP_001002570.1	WP_003861735.1	29.630	216	5.75e-29	106
WP_001002570.1	WP_011015345.1	29.947	187	8.08e-28	103
WP_001002570.1	WP_011013996.1	31.694	183	6.99e-26	98.6
WP_001002570.1	WP_011013642.1	27.885	208	9.30e-26	99.0
WP_001002570.1	WP_011015040.1	28.505	214	2.40e-23	93.6
WP_001002570.1	WP_011015040.1	25.121	207	2.16e-12	62.0
WP_001002570.1	WP_011014850.1	26.214	206	3.66e-22	88.6
WP_001002570.1	WP_004567959.1	26.108	203	3.87e-22	88.6
WP_001002570.1	WP_003855103.1	25.366	205	6.37e-21	84.0
WP_001002570.1	WP_011013985.1	28.571	196	3.64e-20	82.0
WP_001002570.1	WP_011013807.1	25.114	219	7.78e-20	81.6
WP_001002570.1	WP_011015284.1	28.426	197	2.90e-19	80.1
WP_001002570.1	WP_011013851.1	23.834	193	3.86e-19	80.5
WP_001002570.1	WP_003857536.1	24.880	209	6.64e-19	78.6
WP_001002570.1	WP_011013466.1	29.082	196	8.11e-19	79.0
WP_001002570.1	WP_011013333.1	25.822	213	1.41e-18	78.2
WP_001002570.1	WP_011013479.1	24.645	211	3.43e-18	77.8
WP_001002570.1	WP_011015140.1	22.596	208	6.74e-18	77.4
WP_001002570.1	WP_011014233.1	24.123	228	8.01e-17	74.7
WP_001002570.1	WP_011014233.1	22.660	203	4.82e-07	46.2
WP_001002570.1	WP_011013802.1	27.354	223	1.49e-16	72.8
WP_001002570.1	WP_011014450.1	25.743	202	1.63e-16	73.6
WP_001002570.1	WP_011014212.1	25.000	196	2.56e-16	71.6
WP_001002570.1	WP_011014351.1	24.670	227	6.66e-16	72.0
WP_001002570.1	WP_011013331.1	28.293	205	7.50e-16	70.1
WP_001002570.1	WP_011265940.1	24.658	219	9.99e-16	70.5
WP_001002570.1	WP_011015133.1	27.803	223	1.14e-15	71.6
WP_001002570.1	WP_011015133.1	25.957	235	8.71e-11	57.4
WP_001002570.1	WP_011265986.1	27.174	184	3.48e-15	70.1
WP_001002570.1	WP_011014374.1	24.752	202	1.36e-14	67.0
WP_001002570.1	WP_011014807.1	24.878	205	4.85e-14	66.6
WP_001002570.1	WP_011014807.1	23.585	212	2.56e-08	50.1
WP_001002570.1	WP_011014379.1	24.211	190	4.92e-14	65.9
WP_001002570.1	WP_011014540.1	27.660	188	6.16e-14	64.3
WP_001002570.1	WP_011013698.1	24.074	216	7.04e-14	65.1
WP_001002570.1	WP_003857431.1	27.919	197	1.07e-13	64.3
WP_001002570.1	WP_011013712.1	24.747	198	1.08e-13	65.9
WP_001002570.1	WP_011014327.1	23.280	189	1.55e-13	65.1
WP_001002570.1	WP_011013968.1	25.000	216	1.84e-13	65.1
WP_001002570.1	WP_011013968.1	27.749	191	2.96e-12	61.6
WP_001002570.1	WP_011013984.1	22.624	221	2.92e-13	63.2
WP_001002570.1	WP_011015261.1	26.190	168	3.31e-13	62.8
WP_001002570.1	WP_011013931.1	25.500	200	1.04e-12	61.6
WP_001002570.1	WP_003858089.1	22.973	222	1.29e-12	61.2
WP_001002570.1	WP_003862124.1	25.714	210	2.00e-12	62.0
WP_001002570.1	WP_003862124.1	25.743	202	2.53e-12	61.6
WP_001002570.1	WP_011014910.1	25.311	241	2.35e-12	62.0
WP_001002570.1	WP_011014910.1	27.586	174	9.62e-10	53.9
WP_001002570.1	WP_011014492.1	25.146	171	7.77e-12	59.3
WP_001002570.1	WP_011014012.1	27.411	197	1.10e-11	59.7
WP_001002570.1	WP_003856990.1	28.061	196	2.59e-11	58.2
WP_001002570.1	WP_011013783.1	24.118	170	3.76e-11	57.4
WP_001002570.1	WP_011014139.1	25.121	207	4.16e-11	58.5
WP_001002570.1	WP_011014443.1	24.215	223	4.79e-11	57.8
WP_001002570.1	WP_011015118.1	25.253	198	5.08e-11	57.8
WP_001002570.1	WP_011013906.1	24.747	198	5.96e-11	57.0
WP_001002570.1	WP_003860245.1	22.222	180	7.48e-11	57.0
WP_001002570.1	WP_011013338.1	25.967	181	8.44e-11	56.6
WP_001002570.1	WP_003858826.1	21.681	226	1.31e-10	55.8
WP_001002570.1	WP_011013622.1	23.295	176	1.42e-10	55.8
WP_001002570.1	WP_003856445.1	25.366	205	1.43e-10	55.8
WP_001002570.1	WP_011015020.1	25.405	185	1.77e-10	56.2
WP_001002570.1	WP_011015221.1	27.570	214	5.05e-10	54.3
WP_001002570.1	WP_011014424.1	22.078	231	2.33e-09	53.1
WP_001002570.1	WP_011014362.1	23.494	166	2.33e-09	53.1
WP_001002570.1	WP_011014216.1	23.301	206	6.49e-09	51.2
WP_001002570.1	WP_011265694.1	25.668	187	6.54e-08	48.5
WP_001002570.1	WP_011014089.1	26.036	169	7.33e-08	48.5
WP_001002570.1	WP_011265658.1	37.143	70	9.83e-08	48.1
WP_001002570.1	WP_003856078.1	27.128	188	3.65e-07	45.8
WP_001002570.1	WP_011014785.1	26.457	223	4.35e-07	45.4
WP_001003023.1	WP_003859327.1	36.842	95	4.45e-18	71.6
WP_001007202.1	WP_003862621.1	26.971	241	9.22e-11	57.0
WP_001007202.1	WP_003857140.1	23.707	232	2.32e-10	55.5
WP_001008681.1	WP_011014238.1	42.887	485	8.47e-136	398
WP_001011637.1	WP_003858824.1	36.697	218	2.28e-39	134
WP_001011637.1	WP_011014781.1	25.862	232	4.92e-21	85.5
WP_001011637.1	WP_011014780.1	31.461	178	4.69e-15	68.2
WP_001013240.1	WP_011014799.1	41.553	219	1.07e-50	166
WP_001017398.1	WP_011013915.1	29.956	227	8.38e-20	84.7
WP_001018251.1	WP_003857482.1	55.056	89	1.87e-31	102
WP_001019003.1	WP_011015363.1	31.858	339	5.84e-31	115
WP_001020311.1	WP_011014125.1	24.519	416	3.09e-17	80.1
WP_001020311.1	WP_011014160.1	22.407	482	4.86e-11	60.8
WP_001020311.1	WP_011013673.1	27.184	206	2.26e-10	58.9
WP_001020311.1	WP_011014015.1	25.000	356	4.02e-07	48.5
WP_001021837.1	WP_011014833.1	22.652	181	2.19e-07	48.5
WP_001021837.1	WP_231838290.1	45.000	40	7.69e-06	41.6
WP_001022629.1	WP_011015246.1	30.303	66	1.37e-08	47.8
WP_001022629.1	WP_011014914.1	37.313	67	1.78e-07	44.7
WP_001022629.1	WP_011015387.1	34.375	96	3.89e-07	42.7
WP_001024077.1	WP_011013940.1	33.921	227	1.60e-34	119
WP_001024077.1	WP_011013630.1	32.759	232	3.03e-32	113
WP_001024077.1	WP_003863097.1	33.333	222	3.72e-28	103
WP_001024077.1	WP_011013524.1	31.507	219	4.43e-28	102
WP_001024077.1	WP_011015530.1	29.646	226	7.82e-28	102
WP_001024077.1	WP_011013867.1	30.631	222	7.20e-27	99.8
WP_001024077.1	WP_003853866.1	27.434	226	3.62e-25	95.5
WP_001025429.1	WP_011013982.1	39.889	539	7.75e-124	370
WP_001025429.1	WP_011013694.1	28.838	482	1.50e-53	189
WP_001025429.1	WP_011015054.1	29.255	188	1.54e-18	85.1
WP_001025429.1	WP_011014121.1	25.743	404	2.25e-18	84.7
WP_001025429.1	WP_011013696.1	28.058	139	5.55e-09	54.3
WP_001025429.1	WP_011014802.1	31.646	79	7.24e-07	48.1
WP_001025429.1	WP_003862775.1	26.966	89	5.93e-06	45.1
WP_001025729.1	WP_003855552.1	38.235	68	1.47e-10	57.4
WP_001025729.1	WP_011013662.1	24.901	253	2.33e-10	56.6
WP_001025729.1	WP_011013318.1	23.810	147	5.43e-09	52.8
WP_001025729.1	WP_011015499.1	23.129	147	7.24e-09	52.4
WP_001025729.1	WP_011014757.1	25.258	194	5.01e-07	47.0
WP_001025729.1	WP_011013484.1	31.579	76	6.09e-07	46.2
WP_001028831.1	WP_003854866.1	49.808	261	1.25e-85	260
WP_001028831.1	WP_003863507.1	30.029	343	2.13e-44	153
WP_001029580.1	WP_003861174.1	40.000	100	9.04e-21	77.0
WP_001029580.1	WP_011015624.1	35.789	95	7.14e-18	69.3
WP_001029883.1	WP_003854422.1	68.056	72	1.56e-35	111
WP_001030031.1	WP_011015551.1	33.962	265	6.95e-47	157
WP_001034415.1	WP_003858683.1	25.758	132	4.25e-06	40.8
WP_001035700.1	WP_011265533.1	39.434	459	8.49e-103	321
WP_001038481.1	WP_011014291.1	28.191	188	1.25e-14	69.3
WP_001038481.1	WP_011015348.1	21.667	240	4.40e-13	64.7
WP_001038481.1	WP_011014779.1	20.853	211	4.32e-08	49.7
WP_001040013.1	WP_011013529.1	27.434	565	1.31e-33	134
WP_001040013.1	WP_011015547.1	25.948	659	6.31e-31	125
WP_001040724.1	WP_011013696.1	66.414	396	0.0	553
WP_001040724.1	WP_003862775.1	29.938	324	3.80e-23	97.1
WP_001040724.1	WP_011014121.1	30.627	271	3.54e-17	79.7
WP_001040724.1	WP_011015054.1	27.304	293	4.55e-13	67.0
WP_001040724.1	WP_011014802.1	30.043	233	1.29e-11	62.8
WP_001040724.1	WP_011013694.1	33.077	130	1.42e-11	62.4
WP_001040724.1	WP_011013982.1	24.841	157	7.20e-08	50.4
WP_001041079.1	WP_003856296.1	34.783	276	3.54e-46	152
WP_001042526.1	WP_011014441.1	51.163	43	3.36e-06	41.2
WP_001042526.1	WP_011014004.1	48.649	37	6.56e-06	42.0
WP_001042585.1	WP_011014227.1	37.443	657	1.51e-131	399
WP_001042809.1	WP_011014873.1	35.944	498	1.24e-92	286
WP_001042809.1	WP_011015482.1	31.068	206	1.88e-20	90.9
WP_001042856.1	WP_011014485.1	38.596	342	4.34e-75	233
WP_001042856.1	WP_011014398.1	32.353	374	2.01e-41	145
WP_001042856.1	WP_020948601.1	24.898	245	2.40e-07	48.1
WP_001042856.1	WP_011013728.1	24.464	233	8.58e-07	46.2
WP_001042995.1	WP_003858683.1	31.507	146	1.61e-18	74.3
WP_001044624.1	WP_003854535.1	50.355	141	1.72e-47	147
WP_001047212.1	WP_011015054.1	58.775	604	0.0	728
WP_001047212.1	WP_011014121.1	27.606	518	1.15e-37	144
WP_001047212.1	WP_011013982.1	35.673	171	9.20e-23	98.6
WP_001047212.1	WP_011013694.1	38.509	161	8.65e-22	96.3
WP_001047212.1	WP_011013694.1	24.561	228	5.78e-10	58.5
WP_001047212.1	WP_011014802.1	29.528	254	1.15e-16	80.1
WP_001047212.1	WP_003862775.1	29.891	184	2.12e-12	65.9
WP_001047212.1	WP_011013696.1	26.531	245	3.17e-12	65.1
WP_001048775.1	WP_011014290.1	41.935	465	1.46e-104	330
WP_001048775.1	WP_011014010.1	36.458	384	3.21e-66	233
WP_001049323.1	WP_011014514.1	35.294	153	1.08e-33	114
WP_001049932.1	WP_011015584.1	32.432	148	9.79e-19	77.0
WP_001050241.1	WP_011013502.1	26.781	407	6.37e-37	136
WP_001050309.1	WP_011014742.1	20.350	457	6.31e-13	66.6
WP_001050436.1	WP_003854403.1	39.904	208	2.30e-43	140
WP_001051747.1	WP_003858084.1	54.286	140	1.67e-52	161
WP_001054562.1	WP_003854855.1	38.095	63	3.41e-11	50.1
WP_001055347.1	WP_003854294.1	44.681	94	7.21e-16	63.9
WP_001055978.1	WP_011014450.1	35.849	212	7.03e-41	141
WP_001055978.1	WP_011014850.1	35.000	220	4.20e-39	135
WP_001055978.1	WP_011013996.1	31.852	270	1.51e-34	124
WP_001055978.1	WP_011013622.1	29.167	216	3.29e-24	95.5
WP_001055978.1	WP_011014374.1	30.049	203	6.76e-24	94.4
WP_001055978.1	WP_004567959.1	30.144	209	3.47e-23	93.6
WP_001055978.1	WP_011015261.1	27.397	219	4.88e-21	86.3
WP_001055978.1	WP_011015345.1	24.667	300	9.29e-21	86.7
WP_001055978.1	WP_003858089.1	26.549	226	2.38e-20	84.3
WP_001055978.1	WP_003861735.1	28.846	208	6.65e-20	84.0
WP_001055978.1	WP_011013906.1	28.959	221	1.25e-19	82.8
WP_001055978.1	WP_011015284.1	27.570	214	2.52e-19	82.4
WP_001055978.1	WP_003858826.1	22.609	230	5.77e-19	80.9
WP_001055978.1	WP_003854632.1	27.778	216	4.61e-18	79.7
WP_001055978.1	WP_011013807.1	25.194	258	6.49e-18	78.2
WP_001055978.1	WP_011013783.1	29.858	211	8.01e-18	77.4
WP_001055978.1	WP_003857431.1	25.339	221	1.20e-17	77.0
WP_001055978.1	WP_003856990.1	27.230	213	1.44e-17	77.0
WP_001055978.1	WP_011013931.1	30.583	206	2.50e-17	75.9
WP_001055978.1	WP_003856445.1	27.358	212	6.31e-17	75.5
WP_001055978.1	WP_011015040.1	24.880	209	7.38e-17	77.0
WP_001055978.1	WP_011015040.1	26.339	224	1.35e-14	70.1
WP_001055978.1	WP_003857536.1	29.694	229	1.24e-16	73.9
WP_001055978.1	WP_003855103.1	28.079	203	1.35e-16	73.9
WP_001055978.1	WP_003860245.1	27.184	206	2.41e-16	73.9
WP_001055978.1	WP_011014379.1	26.180	233	3.78e-16	73.2
WP_001055978.1	WP_011013642.1	28.571	224	4.34e-16	73.9
WP_001055978.1	WP_011013338.1	24.664	223	8.57e-16	72.0
WP_001055978.1	WP_011013968.1	26.705	176	9.79e-16	73.6
WP_001055978.1	WP_011013968.1	25.926	162	8.38e-09	52.8
WP_001055978.1	WP_011013698.1	24.790	238	1.44e-15	71.6
WP_001055978.1	WP_011014212.1	29.384	211	1.92e-15	70.9
WP_001055978.1	WP_011015118.1	27.053	207	2.86e-15	72.4
WP_001055978.1	WP_011015118.1	27.638	199	1.48e-14	70.1
WP_001055978.1	WP_011013851.1	27.885	208	3.05e-15	71.2
WP_001055978.1	WP_011013802.1	24.880	209	4.71e-15	70.1
WP_001055978.1	WP_011014807.1	24.528	212	6.04e-15	71.2
WP_001055978.1	WP_011014807.1	23.762	202	3.76e-11	59.7
WP_001055978.1	WP_011013479.1	25.969	258	6.18e-15	70.1
WP_001055978.1	WP_011014492.1	24.000	225	2.15e-14	68.2
WP_001055978.1	WP_011013985.1	26.887	212	2.95e-14	67.4
WP_001055978.1	WP_011015140.1	29.293	198	5.34e-14	68.2
WP_001055978.1	WP_011014233.1	22.727	220	5.96e-14	68.2
WP_001055978.1	WP_011014233.1	24.167	240	2.57e-13	66.2
WP_001055978.1	WP_003862124.1	28.723	188	8.31e-14	67.8
WP_001055978.1	WP_003862124.1	29.208	202	1.30e-10	58.2
WP_001055978.1	WP_011013984.1	28.641	206	1.24e-13	65.9
WP_001055978.1	WP_011013333.1	24.348	230	2.07e-13	65.1
WP_001055978.1	WP_011014216.1	23.554	242	2.58e-13	65.5
WP_001055978.1	WP_011265940.1	24.186	215	2.92e-13	64.7
WP_001055978.1	WP_011015133.1	25.134	187	4.09e-13	65.9
WP_001055978.1	WP_011265986.1	24.880	209	5.04e-13	65.5
WP_001055978.1	WP_011014089.1	32.919	161	6.47e-13	65.1
WP_001055978.1	WP_011014327.1	27.861	201	7.49e-13	64.7
WP_001055978.1	WP_011013712.1	23.944	213	1.29e-12	64.3
WP_001055978.1	WP_011013712.1	25.000	192	1.46e-09	55.1
WP_001055978.1	WP_011014443.1	26.570	207	2.56e-11	60.5
WP_001055978.1	WP_011014139.1	25.000	220	3.46e-11	60.1
WP_001055978.1	WP_011014139.1	25.346	217	7.08e-10	56.2
WP_001055978.1	WP_011015020.1	29.341	167	5.73e-11	59.3
WP_001055978.1	WP_011013331.1	27.230	213	8.21e-11	57.4
WP_001055978.1	WP_011014785.1	27.933	179	7.16e-10	54.7
WP_001055978.1	WP_011265869.1	26.531	196	7.56e-10	55.8
WP_001055978.1	WP_011014012.1	26.471	204	3.64e-09	53.9
WP_001055978.1	WP_011014011.1	22.170	212	9.23e-09	52.8
WP_001055978.1	WP_011014351.1	23.843	281	5.01e-08	50.1
WP_001055978.1	WP_011014351.1	27.941	136	3.54e-07	47.4
WP_001055978.1	WP_011265658.1	24.057	212	7.54e-08	49.7
WP_001055978.1	WP_011014910.1	32.394	142	1.23e-07	48.9
WP_001055978.1	WP_003856078.1	24.880	209	1.35e-07	48.1
WP_001055978.1	WP_011014540.1	25.806	186	2.31e-07	47.0
WP_001055978.1	WP_011013466.1	25.258	194	2.47e-07	47.4
WP_001055978.1	WP_011014424.1	22.768	224	9.08e-07	46.2
WP_001055978.1	WP_011265694.1	27.513	189	1.15e-06	45.8
WP_001055978.1	WP_011014362.1	24.651	215	1.46e-06	45.8
WP_001057339.1	WP_011015552.1	27.642	123	3.56e-11	60.1
WP_001057339.1	WP_011265965.1	23.697	211	8.09e-06	43.9
WP_001061130.1	WP_011014468.1	33.333	687	2.27e-103	325
WP_001061591.1	WP_003856918.1	52.212	113	9.65e-35	112
WP_001063405.1	WP_011015301.1	45.920	625	0.0	551
WP_001063405.1	WP_011015370.1	42.325	671	1.03e-171	510
WP_001063405.1	WP_227747665.1	29.624	611	2.20e-65	223
WP_001063405.1	WP_011014633.1	34.629	283	8.72e-34	133
WP_001063405.1	WP_011014633.1	27.586	232	8.60e-15	74.3
WP_001064558.1	WP_011015272.1	33.643	645	3.29e-108	337
WP_001064558.1	WP_011014304.1	26.676	686	3.29e-56	198
WP_001065636.1	WP_011014325.1	26.217	267	1.39e-25	99.0
WP_001065636.1	WP_011013847.1	28.879	232	1.32e-20	85.5
WP_001065636.1	WP_011015137.1	23.985	271	1.81e-18	80.1
WP_001066295.1	WP_011015388.1	40.260	385	3.16e-81	250
WP_001066295.1	WP_011015015.1	39.314	379	1.14e-62	202
WP_001068669.1	WP_011014838.1	61.404	114	1.26e-47	145
WP_001070908.1	WP_011265971.1	30.000	210	2.45e-23	94.7
WP_001070908.1	WP_011015222.1	29.958	237	1.34e-20	86.7
WP_001070908.1	WP_011013477.1	30.964	197	1.18e-09	54.7
WP_001074656.1	WP_011015030.1	33.864	440	1.66e-60	199
WP_001075101.1	WP_011014325.1	27.500	280	6.78e-26	100
WP_001075101.1	WP_011013847.1	30.142	282	3.87e-22	90.5
WP_001075101.1	WP_011015137.1	26.141	241	2.73e-15	71.6
WP_001076606.1	WP_011015237.1	33.466	251	1.51e-28	117
WP_001076606.1	WP_011013580.1	21.635	208	1.67e-09	57.0
WP_001078223.1	WP_011014839.1	33.005	203	1.48e-21	85.1
WP_001078223.1	WP_011014382.1	31.633	196	3.93e-19	81.6
WP_001084979.1	WP_011265737.1	26.506	166	9.75e-11	58.2
WP_001084979.1	WP_004567523.1	27.041	196	1.84e-09	53.9
WP_001084979.1	WP_011013848.1	24.204	157	5.49e-08	49.7
WP_001085462.1	WP_003857444.1	61.027	331	4.25e-149	423
WP_001085675.1	WP_011013680.1	59.471	227	2.13e-95	275
WP_001085703.1	WP_011013938.1	47.525	101	3.83e-25	87.0
WP_001085809.1	WP_011013679.1	62.774	137	1.50e-57	172
WP_001085886.1	WP_011265540.1	33.333	129	1.38e-16	69.7
WP_001092737.1	WP_011014179.1	26.655	574	1.86e-33	130
WP_001095517.1	WP_011014130.1	30.058	173	2.51e-17	76.6
WP_001096229.1	WP_011014168.1	33.602	497	3.00e-74	262
WP_001096229.1	WP_011014500.1	27.767	515	8.95e-45	171
WP_001096313.1	WP_003858826.1	55.078	256	2.91e-97	281
WP_001096313.1	WP_003857431.1	54.812	239	6.51e-95	275
WP_001096313.1	WP_003854632.1	41.126	231	1.84e-54	176
WP_001096313.1	WP_003858089.1	39.604	202	1.50e-42	141
WP_001096313.1	WP_003855103.1	36.937	222	2.18e-40	135
WP_001096313.1	WP_011015284.1	35.268	224	1.32e-39	134
WP_001096313.1	WP_011014379.1	35.211	213	1.76e-38	132
WP_001096313.1	WP_011014212.1	35.146	239	8.61e-38	129
WP_001096313.1	WP_011015221.1	36.965	257	1.54e-37	129
WP_001096313.1	WP_011013931.1	39.409	203	1.82e-37	127
WP_001096313.1	WP_011015040.1	33.468	248	3.39e-37	132
WP_001096313.1	WP_011015040.1	33.624	229	3.29e-27	105
WP_001096313.1	WP_011013642.1	34.821	224	5.37e-36	127
WP_001096313.1	WP_003860245.1	34.034	238	6.41e-36	125
WP_001096313.1	WP_011015140.1	32.365	241	3.53e-35	125
WP_001096313.1	WP_011013851.1	35.468	203	3.64e-34	122
WP_001096313.1	WP_003857536.1	35.238	210	1.64e-33	117
WP_001096313.1	WP_011014807.1	34.426	244	1.64e-33	124
WP_001096313.1	WP_011014807.1	32.068	237	4.72e-27	105
WP_001096313.1	WP_011014450.1	32.018	228	4.30e-33	119
WP_001096313.1	WP_011013338.1	32.218	239	1.11e-32	116
WP_001096313.1	WP_011015118.1	32.000	225	1.24e-32	121
WP_001096313.1	WP_011015118.1	32.016	253	1.54e-26	103
WP_001096313.1	WP_011013783.1	34.222	225	2.35e-32	115
WP_001096313.1	WP_011013479.1	30.952	252	5.71e-32	115
WP_001096313.1	WP_011014327.1	31.416	226	2.61e-31	115
WP_001096313.1	WP_011013985.1	29.817	218	7.48e-31	110
WP_001096313.1	WP_011014492.1	31.169	231	4.80e-29	106
WP_001096313.1	WP_011014850.1	31.081	222	7.60e-27	102
WP_001096313.1	WP_011265986.1	30.677	251	1.58e-26	104
WP_001096313.1	WP_011013333.1	31.373	204	2.03e-26	99.8
WP_001096313.1	WP_011013996.1	28.378	222	4.73e-26	100
WP_001096313.1	WP_011014139.1	31.034	232	1.17e-25	101
WP_001096313.1	WP_011014139.1	24.229	227	1.56e-14	69.3
WP_001096313.1	WP_011013906.1	28.163	245	4.01e-25	96.3
WP_001096313.1	WP_011013802.1	28.070	228	1.20e-24	95.5
WP_001096313.1	WP_011013807.1	27.313	227	5.98e-24	93.6
WP_001096313.1	WP_011014233.1	26.147	218	3.20e-23	94.4
WP_001096313.1	WP_011014233.1	25.243	206	1.06e-14	69.3
WP_001096313.1	WP_003856445.1	25.806	248	6.37e-23	90.9
WP_001096313.1	WP_011013984.1	28.205	234	6.39e-23	90.5
WP_001096313.1	WP_011013622.1	29.258	229	7.07e-23	90.9
WP_001096313.1	WP_011014374.1	25.541	231	1.54e-22	89.4
WP_001096313.1	WP_011015345.1	26.852	216	4.05e-22	89.4
WP_001096313.1	WP_011014785.1	32.632	190	1.35e-21	86.7
WP_001096313.1	WP_011013698.1	27.313	227	2.56e-21	86.7
WP_001096313.1	WP_011265940.1	27.426	237	9.22e-20	82.0
WP_001096313.1	WP_003856990.1	28.261	230	1.33e-19	81.6
WP_001096313.1	WP_003862124.1	32.961	179	9.75e-19	81.3
WP_001096313.1	WP_003862124.1	31.193	218	6.84e-17	75.9
WP_001096313.1	WP_003861735.1	24.528	212	1.26e-18	79.3
WP_001096313.1	WP_011013712.1	25.483	259	3.04e-18	80.1
WP_001096313.1	WP_011013712.1	29.032	217	4.00e-18	79.7
WP_001096313.1	WP_011015020.1	28.767	219	1.18e-17	78.2
WP_001096313.1	WP_011013331.1	29.954	217	6.36e-17	73.6
WP_001096313.1	WP_011014011.1	25.641	234	9.95e-17	75.5
WP_001096313.1	WP_011014012.1	32.164	171	4.35e-15	70.9
WP_001096313.1	WP_011015133.1	27.848	237	2.13e-14	68.6
WP_001096313.1	WP_011015133.1	23.671	207	2.03e-13	65.9
WP_001096313.1	WP_011015261.1	23.350	197	3.50e-14	66.2
WP_001096313.1	WP_011014443.1	28.571	217	6.08e-14	67.4
WP_001096313.1	WP_011014443.1	22.917	240	6.81e-08	49.3
WP_001096313.1	WP_011265869.1	28.507	221	1.16e-13	66.2
WP_001096313.1	WP_011014865.1	31.361	169	2.09e-13	65.5
WP_001096313.1	WP_011014216.1	27.907	172	2.43e-13	64.7
WP_001096313.1	WP_011013968.1	24.490	245	3.32e-13	65.1
WP_001096313.1	WP_011013968.1	24.599	187	5.67e-10	55.5
WP_001096313.1	WP_011014540.1	25.381	197	7.57e-13	62.0
WP_001096313.1	WP_011013466.1	25.000	216	1.09e-12	62.4
WP_001096313.1	WP_011265658.1	26.271	236	1.90e-12	62.8
WP_001096313.1	WP_004567959.1	23.041	217	7.39e-12	60.5
WP_001096313.1	WP_003856078.1	28.444	225	7.65e-12	60.1
WP_001096313.1	WP_011014362.1	24.464	233	1.60e-10	57.0
WP_001096313.1	WP_011014910.1	26.829	246	3.44e-10	56.2
WP_001096313.1	WP_011014910.1	23.438	192	9.41e-08	48.9
WP_001096313.1	WP_020948580.1	38.235	68	2.06e-09	53.9
WP_001096313.1	WP_011014424.1	24.034	233	1.18e-08	51.6
WP_001096313.1	WP_011265694.1	26.923	182	1.83e-08	50.8
WP_001096313.1	WP_011014000.1	34.831	89	7.37e-08	48.9
WP_001096313.1	WP_011014110.1	27.273	110	1.31e-07	48.5
WP_001096313.1	WP_011265741.1	53.125	32	3.49e-07	47.0
WP_001096747.1	WP_003862252.1	44.472	407	6.94e-101	302
WP_001097986.1	WP_011015232.1	26.816	179	6.74e-16	70.9
WP_001099502.1	WP_003856018.1	36.232	138	2.10e-28	99.8
WP_001099678.1	WP_011265932.1	50.758	264	7.96e-84	250
WP_001099678.1	WP_011014301.1	40.210	286	2.34e-65	202
WP_001099678.1	WP_011014076.1	40.486	247	3.86e-64	199
WP_001099678.1	WP_011013705.1	39.483	271	1.49e-62	195
WP_001099678.1	WP_011014239.1	23.054	334	6.22e-13	64.7
WP_001099678.1	WP_003858893.1	23.026	304	7.25e-08	49.3
WP_001101082.1	WP_011014918.1	28.899	218	1.85e-23	90.9
WP_001103449.1	WP_003858824.1	31.138	167	6.99e-18	78.2
WP_001103449.1	WP_011014780.1	29.480	173	5.60e-16	71.6
WP_001103449.1	WP_011014781.1	25.000	228	1.08e-14	68.6
WP_001105907.1	WP_011014847.1	26.786	168	3.09e-12	58.2
WP_001107505.1	WP_020948652.1	48.000	50	3.02e-08	43.1
WP_001107505.1	WP_011015377.1	36.842	57	5.13e-06	38.1
WP_001107746.1	WP_003856628.1	41.975	243	9.52e-49	158
WP_001107746.1	WP_011015594.1	30.159	189	4.14e-18	77.8
WP_001107746.1	WP_011015148.1	29.121	182	2.95e-17	75.5
WP_001107746.1	WP_011014905.1	31.429	210	1.76e-15	70.9
WP_001107746.1	WP_011013723.1	26.984	252	5.46e-14	66.2
WP_001107746.1	WP_011015096.1	26.702	191	6.80e-12	60.5
WP_001107746.1	WP_011015125.1	26.230	244	6.91e-12	60.1
WP_001107746.1	WP_011014065.1	38.372	86	8.68e-11	56.2
WP_001107746.1	WP_011015298.1	28.112	249	3.09e-09	52.4
WP_001108416.1	WP_011014139.1	22.829	403	9.25e-20	89.7
WP_001108416.1	WP_011014139.1	22.794	408	2.56e-14	72.4
WP_001108416.1	WP_011265869.1	22.622	389	7.24e-18	82.8
WP_001108416.1	WP_011013479.1	35.849	159	1.78e-17	79.7
WP_001108416.1	WP_011015020.1	31.847	157	9.51e-17	79.7
WP_001108416.1	WP_003857431.1	30.000	210	2.05e-14	69.7
WP_001108416.1	WP_011014362.1	23.871	310	1.30e-13	69.7
WP_001108416.1	WP_011014379.1	31.313	198	7.16e-13	65.5
WP_001108416.1	WP_011014012.1	28.378	148	7.73e-13	67.4
WP_001108416.1	WP_003855103.1	28.959	221	1.51e-12	63.9
WP_001108416.1	WP_011015040.1	30.387	181	6.29e-12	63.9
WP_001108416.1	WP_011013642.1	28.916	166	3.64e-11	61.2
WP_001108416.1	WP_003854632.1	27.778	180	2.36e-10	58.5
WP_001108416.1	WP_011014327.1	28.235	170	2.66e-10	58.5
WP_001108416.1	WP_011013338.1	27.230	213	2.91e-10	57.4
WP_001108416.1	WP_003858089.1	30.612	196	3.10e-10	57.0
WP_001108416.1	WP_011014492.1	29.480	173	5.01e-10	56.6
WP_001108416.1	WP_011013851.1	26.012	173	5.73e-10	57.4
WP_001108416.1	WP_011014424.1	18.432	472	7.68e-10	57.8
WP_001108416.1	WP_011013783.1	29.348	184	2.01e-09	54.7
WP_001108416.1	WP_003862124.1	31.319	182	3.23e-09	55.5
WP_001108416.1	WP_003862124.1	26.316	190	8.49e-07	47.8
WP_001108416.1	WP_011014000.1	35.644	101	3.82e-09	55.1
WP_001108416.1	WP_011014233.1	28.947	190	8.95e-09	54.3
WP_001108416.1	WP_011014011.1	20.930	430	1.14e-08	53.9
WP_001108416.1	WP_011015140.1	27.273	176	1.30e-08	53.1
WP_001108416.1	WP_011014865.1	28.369	141	1.48e-08	53.5
WP_001108416.1	WP_003860245.1	27.528	178	1.55e-08	52.4
WP_001108416.1	WP_011014212.1	29.787	188	1.62e-08	52.0
WP_001108416.1	WP_011013968.1	25.907	193	1.79e-08	53.5
WP_001108416.1	WP_011013931.1	28.902	173	1.94e-08	51.6
WP_001108416.1	WP_011013985.1	26.257	179	2.78e-08	51.2
WP_001108416.1	WP_011014450.1	24.242	198	3.03e-08	52.0
WP_001108416.1	WP_011013331.1	27.568	185	3.34e-08	50.8
WP_001108416.1	WP_011014807.1	25.243	206	6.10e-08	51.6
WP_001108416.1	WP_003858826.1	28.426	197	1.03e-07	49.7
WP_001108416.1	WP_020948580.1	47.273	55	4.02e-07	48.9
WP_001108416.1	WP_003861735.1	29.480	173	4.46e-07	48.1
WP_001108416.1	WP_011015118.1	27.684	177	7.01e-07	48.1
WP_001108416.1	WP_011013996.1	23.563	174	1.36e-06	46.6
WP_001108416.1	WP_004567959.1	30.827	133	2.56e-06	45.8
WP_001108416.1	WP_011015284.1	25.806	186	3.73e-06	45.1
WP_001108416.1	WP_011014154.1	32.323	99	5.56e-06	45.4
WP_001108416.1	WP_011265658.1	20.174	575	6.24e-06	45.1
WP_001108416.1	WP_003857536.1	25.128	195	7.91e-06	43.9
WP_001109712.1	WP_011015301.1	43.441	808	0.0	639
WP_001109712.1	WP_011015370.1	49.405	336	5.06e-105	339
WP_001109712.1	WP_011015370.1	40.046	437	1.89e-86	289
WP_001109712.1	WP_227747665.1	29.430	649	4.82e-62	216
WP_001109712.1	WP_011014633.1	27.632	608	6.48e-50	182
WP_001113214.1	WP_003855936.1	44.706	425	1.23e-105	317
WP_001114592.1	WP_011014863.1	31.707	287	1.04e-44	149
WP_001114592.1	WP_003862398.1	25.818	275	9.47e-17	74.3
WP_001114592.1	WP_011266054.1	32.432	148	1.49e-16	73.9
WP_001118385.1	WP_003854428.1	67.460	126	4.49e-53	160
WP_001122904.1	WP_003856962.1	41.403	442	1.20e-106	320
WP_001122904.1	WP_011014960.1	38.073	436	2.44e-88	274
WP_001123793.1	WP_003855910.1	37.805	738	0.0	564
WP_001123793.1	WP_011014279.1	28.125	128	2.34e-09	54.3
WP_001123793.1	WP_011014177.1	24.096	166	7.91e-06	43.9
WP_001124777.1	WP_003860401.1	28.981	314	2.48e-23	94.7
WP_001125943.1	WP_003858721.1	43.333	60	1.06e-08	43.1
WP_001126406.1	WP_003862217.1	46.569	1093	0.0	922
WP_001126406.1	WP_011013826.1	22.015	268	7.80e-09	55.8
WP_001126406.1	WP_011013816.1	23.729	236	3.53e-07	50.8
WP_001126406.1	WP_011013816.1	21.348	267	1.02e-06	49.3
WP_001126999.1	WP_004567954.1	32.093	215	1.11e-26	101
WP_001134456.1	WP_011265984.1	28.010	382	8.16e-29	112
WP_001134540.1	WP_011013588.1	28.010	407	1.82e-30	117
WP_001135651.1	WP_011015278.1	31.897	232	1.08e-25	97.1
WP_001140412.1	WP_003859631.1	36.364	110	2.08e-14	61.6
WP_001140412.1	WP_011265478.1	36.283	113	1.08e-12	57.8
WP_001140478.1	WP_011013487.1	25.424	236	1.46e-16	76.3
WP_001141647.1	WP_011265510.1	30.337	178	2.01e-08	49.7
WP_001142146.1	WP_011015125.1	31.280	211	1.15e-18	79.0
WP_001142146.1	WP_011015148.1	27.615	239	3.61e-18	78.2
WP_001142146.1	WP_011014065.1	37.383	107	1.25e-16	72.4
WP_001142146.1	WP_003856628.1	29.570	186	8.47e-15	68.6
WP_001142146.1	WP_011015298.1	27.461	193	1.00e-13	65.5
WP_001142146.1	WP_011015594.1	25.877	228	2.74e-09	52.8
WP_001142146.1	WP_011014905.1	27.132	129	9.57e-08	48.1
WP_001142146.1	WP_011013723.1	25.751	233	2.98e-07	46.6
WP_001142332.1	WP_003854221.1	67.910	134	3.90e-57	170
WP_001142502.1	WP_011013584.1	35.385	195	1.60e-28	108
WP_001142502.1	WP_003855308.1	32.576	132	1.04e-06	45.1
WP_001144899.1	WP_003854745.1	33.884	121	6.90e-17	73.2
WP_001145439.1	WP_011014232.1	26.769	325	1.94e-28	109
WP_001145439.1	WP_011013442.1	26.154	325	7.73e-23	93.6
WP_001145439.1	WP_003857593.1	25.651	269	1.04e-19	84.7
WP_001145439.1	WP_011014311.1	23.571	280	5.53e-19	82.8
WP_001145439.1	WP_011015259.1	22.619	336	1.90e-13	66.6
WP_001145439.1	WP_011013448.1	25.000	208	2.14e-12	63.5
WP_001145439.1	WP_011014889.1	22.295	305	1.55e-09	54.7
WP_001145439.1	WP_143340968.1	25.000	128	9.27e-08	47.0
WP_001145439.1	WP_080558835.1	51.351	37	6.79e-06	40.8
WP_001148096.1	WP_011014105.1	22.628	137	9.08e-07	45.4
WP_001149111.1	WP_011015108.1	26.677	641	1.14e-46	176
WP_001149111.1	WP_011013579.1	26.347	334	5.42e-18	84.0
WP_001151389.1	WP_011014487.1	35.897	156	4.90e-23	86.7
WP_001151785.1	WP_003855074.1	30.526	95	2.48e-13	57.0
WP_001152899.1	WP_011014319.1	56.540	948	0.0	1078
WP_001152899.1	WP_011014319.1	36.869	198	5.00e-32	130
WP_001152899.1	WP_011014110.1	35.199	679	1.73e-115	369
WP_001152899.1	WP_011014110.1	47.458	118	5.25e-29	120
WP_001152899.1	WP_011014110.1	30.357	168	1.37e-11	64.7
WP_001152899.1	WP_003858826.1	29.752	121	3.25e-11	61.2
WP_001152899.1	WP_003858826.1	29.703	202	1.19e-07	50.4
WP_001152899.1	WP_011013698.1	37.000	100	2.59e-08	52.8
WP_001152899.1	WP_011014450.1	33.673	98	3.07e-07	49.7
WP_001152899.1	WP_011013712.1	30.400	125	3.27e-07	50.4
WP_001152899.1	WP_011013802.1	34.286	105	4.31e-06	45.8
WP_001152899.1	WP_003862124.1	35.065	77	6.29e-06	45.8
WP_001152989.1	WP_208396445.1	48.489	794	0.0	755
WP_001154152.1	WP_011014781.1	29.524	210	1.07e-21	87.0
WP_001154152.1	WP_011014780.1	25.000	180	3.38e-13	63.2
WP_001154152.1	WP_003858824.1	30.000	160	1.28e-11	59.3
WP_001155185.1	WP_011014383.1	33.333	195	6.88e-22	88.6
WP_001156518.1	WP_011014754.1	40.426	329	5.15e-80	244
WP_001156518.1	WP_011013564.1	28.701	331	2.16e-30	114
WP_001156518.1	WP_011013574.1	25.460	326	3.80e-10	56.6
WP_001156518.1	WP_011265533.1	25.668	187	6.16e-08	50.4
WP_001156825.1	WP_011265922.1	28.757	539	2.48e-66	222
WP_001156825.1	WP_011013948.1	22.222	477	1.50e-20	90.1
WP_001156825.1	WP_011014893.1	25.854	205	4.55e-09	55.5
WP_001156825.1	WP_011014215.1	20.673	208	2.30e-08	53.1
WP_001156825.1	WP_020948610.1	32.323	99	1.42e-07	50.4
WP_001160265.1	WP_011265767.1	32.420	219	2.41e-16	77.4
WP_001160819.1	WP_003856488.1	27.817	284	5.35e-23	92.8
WP_001160819.1	WP_011013558.1	30.288	208	1.38e-16	74.7
WP_001160819.1	WP_011015513.1	25.000	276	2.81e-15	71.2
WP_001160819.1	WP_003863777.1	25.000	208	1.82e-07	48.1
WP_001161981.1	WP_370684771.1	28.261	276	3.00e-25	99.8
WP_001162117.1	WP_011014474.1	21.574	394	3.98e-22	98.2
WP_001162117.1	WP_011014290.1	30.952	126	4.90e-09	56.2
WP_001162117.1	WP_020948572.1	33.333	114	1.79e-06	47.8
WP_001162908.1	WP_011013602.1	35.319	470	1.06e-82	263
WP_001162908.1	WP_011014816.1	29.741	464	9.22e-54	186
WP_001162908.1	WP_011013815.1	28.078	463	4.26e-49	173
WP_001162908.1	WP_041625711.1	28.603	451	2.96e-39	145
WP_001162908.1	WP_011015323.1	26.172	256	1.69e-11	62.8
WP_001162908.1	WP_011014958.1	42.857	77	7.72e-10	57.8
WP_001162908.1	WP_011014958.1	42.857	77	7.72e-10	57.8
WP_001162908.1	WP_011014958.1	41.463	82	1.66e-09	57.0
WP_001162908.1	WP_003855300.1	23.006	326	9.78e-09	53.5
WP_001162908.1	WP_011013721.1	23.596	178	4.65e-06	45.4
WP_001166880.1	WP_011013950.1	37.500	272	6.95e-52	168
WP_001167211.1	WP_011013322.1	31.765	85	3.80e-06	40.0
WP_001168885.1	WP_011014245.1	34.862	109	1.30e-14	67.4
WP_001170072.1	WP_011015017.1	30.423	378	4.14e-63	203
WP_001170348.1	WP_011015559.1	38.065	155	3.04e-27	97.4
WP_001173353.1	WP_011013915.1	39.037	187	4.08e-36	131
WP_001173353.1	WP_003863615.1	25.789	190	1.27e-10	58.2
WP_001173353.1	WP_003857874.1	27.660	141	3.24e-09	53.9
WP_001173353.1	WP_011013833.1	29.661	118	5.14e-08	50.1
WP_001174612.1	WP_003856367.1	29.762	84	6.32e-09	45.4
WP_001176227.1	WP_003863635.1	42.308	52	1.67e-07	41.6
WP_001179432.1	WP_011015431.1	28.788	330	2.43e-26	104
WP_001180176.1	WP_011014011.1	33.271	535	5.71e-97	306
WP_001180176.1	WP_011014139.1	29.895	572	4.16e-82	276
WP_001180176.1	WP_011014139.1	29.474	570	5.86e-63	221
WP_001180176.1	WP_011014012.1	29.642	587	1.01e-78	256
WP_001180176.1	WP_011015020.1	26.724	580	4.15e-64	218
WP_001180176.1	WP_011014362.1	26.655	559	5.85e-59	203
WP_001180176.1	WP_011265658.1	26.465	563	7.73e-56	194
WP_001180176.1	WP_011014424.1	25.532	517	6.76e-43	159
WP_001180176.1	WP_011014865.1	27.891	441	1.20e-24	103
WP_001180176.1	WP_011014807.1	30.909	220	3.76e-23	99.8
WP_001180176.1	WP_011014807.1	26.357	258	2.09e-14	72.4
WP_001180176.1	WP_011265694.1	20.518	541	1.64e-22	97.4
WP_001180176.1	WP_011265869.1	31.104	299	8.81e-22	95.5
WP_001180176.1	WP_011013642.1	30.233	215	5.46e-21	91.3
WP_001180176.1	WP_003854632.1	28.692	237	6.56e-21	91.3
WP_001180176.1	WP_003855103.1	29.817	218	1.55e-18	81.6
WP_001180176.1	WP_003858089.1	27.459	244	3.02e-18	80.5
WP_001180176.1	WP_003858826.1	26.939	245	3.88e-17	78.2
WP_001180176.1	WP_011015140.1	24.464	233	1.72e-16	77.8
WP_001180176.1	WP_011013851.1	25.322	233	1.76e-16	77.4
WP_001180176.1	WP_011014327.1	24.878	205	2.32e-16	77.8
WP_001180176.1	WP_011015118.1	28.959	221	2.33e-16	78.6
WP_001180176.1	WP_011015118.1	27.315	216	1.17e-09	57.4
WP_001180176.1	WP_003857431.1	28.704	216	2.37e-16	75.5
WP_001180176.1	WP_011013931.1	30.726	179	3.52e-16	74.3
WP_001180176.1	WP_011014379.1	26.667	210	2.26e-15	73.2
WP_001180176.1	WP_011014000.1	22.249	418	1.54e-14	72.4
WP_001180176.1	WP_011013802.1	24.312	218	1.71e-14	70.5
WP_001180176.1	WP_011013698.1	27.897	233	2.37e-14	70.1
WP_001180176.1	WP_003856445.1	26.160	237	3.34e-14	69.7
WP_001180176.1	WP_011014450.1	27.404	208	1.21e-13	68.9
WP_001180176.1	WP_011014212.1	27.962	211	2.01e-13	66.6
WP_001180176.1	WP_011013985.1	25.991	227	2.40e-13	66.2
WP_001180176.1	WP_011013338.1	25.328	229	4.40e-13	66.2
WP_001180176.1	WP_011014850.1	25.352	213	5.53e-13	66.2
WP_001180176.1	WP_003857536.1	26.601	203	7.64e-13	64.7
WP_001180176.1	WP_011015284.1	26.512	215	1.58e-12	64.7
WP_001180176.1	WP_020948580.1	28.025	157	1.88e-12	66.2
WP_001180176.1	WP_011013622.1	26.180	233	4.99e-12	63.2
WP_001180176.1	WP_003862124.1	28.796	191	9.99e-12	63.5
WP_001180176.1	WP_011265940.1	27.119	236	1.32e-11	61.6
WP_001180176.1	WP_011265986.1	25.581	215	1.41e-11	63.5
WP_001180176.1	WP_003860245.1	25.676	222	1.75e-11	61.6
WP_001180176.1	WP_011013783.1	25.114	219	2.88e-11	60.5
WP_001180176.1	WP_011015345.1	26.027	219	1.00e-10	59.7
WP_001180176.1	WP_011013331.1	29.469	207	1.19e-10	58.2
WP_001180176.1	WP_011014374.1	25.225	222	1.36e-10	58.5
WP_001180176.1	WP_011013333.1	28.218	202	2.27e-10	57.8
WP_001180176.1	WP_011013712.1	24.000	225	2.73e-10	59.3
WP_001180176.1	WP_011013712.1	25.000	220	4.56e-10	58.5
WP_001180176.1	WP_011013996.1	25.463	216	2.91e-10	58.2
WP_001180176.1	WP_011265741.1	29.808	104	5.07e-10	58.2
WP_001180176.1	WP_011015221.1	24.034	233	7.62e-10	56.2
WP_001180176.1	WP_011014492.1	22.667	225	8.23e-10	56.2
WP_001180176.1	WP_011015040.1	23.301	206	1.40e-09	57.0
WP_001180176.1	WP_011015040.1	25.822	213	7.15e-09	54.7
WP_001180176.1	WP_003856990.1	23.810	210	1.42e-09	55.5
WP_001180176.1	WP_004567959.1	22.581	217	3.49e-09	54.7
WP_001180176.1	WP_011013479.1	25.957	235	3.86e-09	54.7
WP_001180176.1	WP_011013968.1	24.623	199	9.82e-09	54.3
WP_001180176.1	WP_011015133.1	25.431	232	1.66e-07	50.4
WP_001180176.1	WP_003856078.1	25.114	219	1.83e-07	48.9
WP_001180176.1	WP_011013807.1	24.887	221	3.80e-07	48.1
WP_001180176.1	WP_011014216.1	26.582	237	4.41e-07	48.1
WP_001180176.1	WP_011013466.1	25.490	204	1.07e-06	47.0
WP_001180176.1	WP_011013984.1	20.982	224	1.17e-06	46.6
WP_001180176.1	WP_011014154.1	27.027	148	1.48e-06	47.4
WP_001180176.1	WP_011014351.1	24.084	191	1.60e-06	47.0
WP_001180176.1	WP_011013906.1	22.535	213	2.19e-06	45.8
WP_001180176.1	WP_011014785.1	24.227	194	3.15e-06	45.1
WP_001180176.1	WP_011014233.1	23.246	228	3.45e-06	46.2
WP_001180176.1	WP_011014233.1	25.620	242	3.76e-06	45.8
WP_001180357.1	WP_011013803.1	40.774	336	5.10e-69	216
WP_001180357.1	WP_003859752.1	28.107	338	9.39e-34	124
WP_001180357.1	WP_011013699.1	28.779	344	1.64e-33	124
WP_001180357.1	WP_011013337.1	29.781	319	9.54e-29	109
WP_001180357.1	WP_011013700.1	28.972	321	2.75e-25	100
WP_001180357.1	WP_172820752.1	26.132	287	1.62e-22	92.8
WP_001180357.1	WP_011014490.1	28.134	359	4.13e-22	92.0
WP_001180357.1	WP_003858297.1	27.719	285	8.34e-12	61.6
WP_001180357.1	WP_003863480.1	25.357	280	5.59e-10	56.2
WP_001180357.1	WP_011013804.1	23.346	257	5.55e-09	53.1
WP_001180425.1	WP_011015552.1	30.995	442	1.30e-39	143
WP_001180425.1	WP_011265965.1	32.824	131	1.93e-12	65.5
WP_001180425.1	WP_011265965.1	29.496	139	1.68e-09	56.2
WP_001180425.1	WP_011013632.1	30.000	130	1.15e-08	53.5
WP_001180425.1	WP_011013632.1	24.667	150	4.01e-08	52.0
WP_001180981.1	WP_011015547.1	25.915	710	1.89e-42	162
WP_001180981.1	WP_011013529.1	30.746	335	2.66e-28	118
WP_001180981.1	WP_011014926.1	24.268	239	1.58e-06	48.1
WP_001186003.1	WP_011013984.1	34.274	248	1.81e-42	141
WP_001186003.1	WP_003854632.1	31.855	248	1.23e-35	127
WP_001186003.1	WP_003858826.1	27.273	253	1.56e-34	121
WP_001186003.1	WP_003857431.1	29.644	253	8.59e-33	116
WP_001186003.1	WP_003857536.1	33.019	212	7.91e-30	108
WP_001186003.1	WP_011014850.1	29.435	248	2.59e-29	108
WP_001186003.1	WP_011014379.1	31.278	227	1.33e-28	106
WP_001186003.1	WP_011014233.1	26.840	231	6.32e-28	108
WP_001186003.1	WP_011014233.1	25.532	235	2.47e-09	53.5
WP_001186003.1	WP_011013479.1	28.629	248	1.87e-27	103
WP_001186003.1	WP_011014450.1	28.512	242	4.19e-27	103
WP_001186003.1	WP_003858089.1	28.980	245	1.05e-26	100
WP_001186003.1	WP_011015040.1	25.630	238	1.30e-25	101
WP_001186003.1	WP_011015040.1	26.971	241	6.39e-17	76.3
WP_001186003.1	WP_003855103.1	27.984	243	1.43e-25	97.4
WP_001186003.1	WP_011013802.1	26.829	246	2.97e-25	97.4
WP_001186003.1	WP_011014492.1	30.364	247	3.70e-25	96.7
WP_001186003.1	WP_011013996.1	29.365	252	9.00e-25	96.7
WP_001186003.1	WP_003856445.1	28.462	260	4.31e-24	94.4
WP_001186003.1	WP_011013333.1	23.622	254	7.76e-23	90.5
WP_001186003.1	WP_011013338.1	28.175	252	1.09e-22	90.1
WP_001186003.1	WP_011015221.1	29.259	270	1.20e-22	90.1
WP_001186003.1	WP_011013851.1	28.163	245	2.49e-22	90.5
WP_001186003.1	WP_011013807.1	28.270	237	3.21e-22	89.0
WP_001186003.1	WP_011013985.1	24.898	245	3.92e-22	88.2
WP_001186003.1	WP_011014807.1	26.693	251	6.02e-22	90.9
WP_001186003.1	WP_011014807.1	25.869	259	1.54e-14	69.3
WP_001186003.1	WP_011015345.1	27.826	230	8.51e-22	89.0
WP_001186003.1	WP_004567959.1	28.879	232	2.52e-21	87.4
WP_001186003.1	WP_011013698.1	30.909	220	2.55e-21	86.7
WP_001186003.1	WP_011013622.1	27.668	253	4.11e-21	86.3
WP_001186003.1	WP_011014327.1	27.755	245	5.65e-21	87.4
WP_001186003.1	WP_011013783.1	29.648	199	1.64e-20	84.0
WP_001186003.1	WP_003861735.1	26.848	257	1.71e-20	84.7
WP_001186003.1	WP_011013642.1	26.141	241	1.80e-20	85.5
WP_001186003.1	WP_003856990.1	27.982	218	5.01e-20	83.2
WP_001186003.1	WP_011265940.1	28.251	223	7.22e-20	82.8
WP_001186003.1	WP_011014212.1	27.459	244	3.18e-19	80.5
WP_001186003.1	WP_011015284.1	27.982	218	8.47e-19	80.1
WP_001186003.1	WP_011013906.1	24.096	249	1.09e-18	79.3
WP_001186003.1	WP_011014374.1	31.651	218	1.21e-18	79.0
WP_001186003.1	WP_011015140.1	24.896	241	7.42e-18	78.6
WP_001186003.1	WP_011013931.1	28.837	215	9.44e-18	76.3
WP_001186003.1	WP_003860245.1	24.434	221	9.96e-18	77.0
WP_001186003.1	WP_011265986.1	25.100	251	4.27e-17	77.0
WP_001186003.1	WP_011015118.1	25.882	255	5.22e-17	76.6
WP_001186003.1	WP_011015118.1	23.755	261	3.16e-11	59.3
WP_001186003.1	WP_011013712.1	25.641	234	2.29e-15	71.6
WP_001186003.1	WP_011013712.1	23.750	240	6.43e-13	64.3
WP_001186003.1	WP_011013466.1	25.957	235	3.17e-15	69.7
WP_001186003.1	WP_011014216.1	26.749	243	1.43e-14	68.6
WP_001186003.1	WP_003862124.1	28.636	220	2.23e-14	68.6
WP_001186003.1	WP_003862124.1	26.636	214	2.93e-12	62.4
WP_001186003.1	WP_011015020.1	23.457	243	2.48e-14	68.6
WP_001186003.1	WP_011014139.1	28.182	220	4.95e-14	68.2
WP_001186003.1	WP_011014139.1	25.641	234	2.27e-10	57.0
WP_001186003.1	WP_011015261.1	25.764	229	9.06e-14	65.5
WP_001186003.1	WP_011013968.1	27.885	208	2.49e-13	65.9
WP_001186003.1	WP_011013968.1	28.571	210	4.39e-13	65.1
WP_001186003.1	WP_011014011.1	24.229	227	9.60e-12	60.8
WP_001186003.1	WP_011014443.1	27.313	227	2.98e-11	59.3
WP_001186003.1	WP_011014443.1	24.790	238	4.71e-09	52.8
WP_001186003.1	WP_011013331.1	25.877	228	4.17e-11	57.8
WP_001186003.1	WP_011015133.1	25.751	233	4.57e-11	58.9
WP_001186003.1	WP_011015133.1	25.103	243	1.92e-08	50.8
WP_001186003.1	WP_011014012.1	23.348	227	8.06e-11	58.2
WP_001186003.1	WP_011014865.1	31.280	211	1.37e-10	57.4
WP_001186003.1	WP_011014540.1	23.982	221	8.08e-10	53.5
WP_001186003.1	WP_003856078.1	26.389	216	2.56e-09	52.8
WP_001186003.1	WP_011265658.1	23.109	238	2.99e-09	53.5
WP_001186003.1	WP_011014362.1	40.000	60	3.22e-09	53.1
WP_001186003.1	WP_011014910.1	25.475	263	9.48e-09	52.0
WP_001186003.1	WP_011014910.1	26.702	191	5.99e-08	49.3
WP_001186003.1	WP_011014089.1	25.234	214	1.34e-08	51.6
WP_001186003.1	WP_011014424.1	24.490	245	4.08e-06	43.9
WP_001186003.1	WP_011014351.1	28.000	75	4.65e-06	43.5
WP_001186003.1	WP_020948580.1	40.351	57	5.36e-06	43.5
WP_001186003.1	WP_011014785.1	23.039	204	8.83e-06	42.0
WP_001188203.1	WP_011015014.1	31.687	243	8.63e-28	103
WP_001192007.1	WP_011014325.1	31.317	281	2.37e-49	161
WP_001192007.1	WP_011013847.1	28.125	256	1.26e-30	112
WP_001192007.1	WP_011015137.1	27.778	270	1.68e-28	107
WP_001192007.1	WP_011265558.1	20.635	189	8.48e-06	43.1
WP_001193674.1	WP_003863478.1	29.938	324	4.21e-41	143
WP_001193674.1	WP_011013700.1	22.936	327	8.13e-11	58.5
WP_001193674.1	WP_003859752.1	24.221	289	1.81e-10	57.8
WP_001193674.1	WP_011013804.1	30.508	118	2.96e-07	47.8
WP_001193674.1	WP_172820752.1	23.588	301	8.37e-06	43.1
WP_001194489.1	WP_011015065.1	36.842	418	9.52e-85	268
WP_001194489.1	WP_011014768.1	30.025	393	7.38e-38	139
WP_001196960.1	WP_003854210.1	60.000	125	3.53e-26	91.7
WP_001201789.1	WP_011015222.1	29.787	282	4.12e-34	122
WP_001201789.1	WP_011265971.1	28.295	258	8.37e-16	73.2
WP_001201789.1	WP_011013477.1	25.543	184	5.15e-09	52.4
WP_001203672.1	WP_003857385.1	43.262	141	7.40e-40	128
WP_001207345.1	WP_011014265.1	26.984	63	3.49e-06	37.4
WP_001207696.1	WP_172769660.1	41.230	439	9.84e-110	330
WP_001207696.1	WP_011015011.1	25.904	166	2.10e-09	55.1
WP_001209570.1	WP_011013602.1	29.451	455	7.27e-60	199
WP_001209570.1	WP_011014816.1	32.244	459	9.62e-59	196
WP_001209570.1	WP_041625711.1	27.152	453	3.33e-41	148
WP_001209570.1	WP_011013815.1	27.609	460	2.95e-38	141
WP_001210007.1	WP_003856488.1	37.168	226	1.98e-38	134
WP_001210007.1	WP_011013558.1	28.378	296	1.89e-21	88.6
WP_001210007.1	WP_011015513.1	26.238	202	4.98e-10	55.8
WP_001210007.1	WP_003863777.1	28.659	164	7.90e-09	52.4
WP_001216179.1	WP_011265558.1	21.597	551	2.53e-13	68.9
WP_001216856.1	WP_011013966.1	35.563	284	2.21e-50	164
WP_001216918.1	WP_003859211.1	37.857	140	2.89e-25	92.0
WP_001218480.1	WP_003856080.1	41.304	138	1.19e-30	104
WP_001218714.1	WP_011014061.1	51.613	372	9.66e-115	335
WP_001218714.1	WP_011015064.1	34.351	131	1.59e-17	80.1
WP_001218714.1	WP_011265844.1	38.710	62	1.42e-06	46.2
WP_001219427.1	WP_011013672.1	23.810	336	1.17e-20	90.1
WP_001219427.1	WP_011013628.1	24.173	393	4.97e-14	69.7
WP_001219427.1	WP_011265689.1	24.309	362	1.67e-10	58.9
WP_001219427.1	WP_011014943.1	21.944	319	1.10e-09	56.2
WP_001219427.1	WP_011015443.1	27.778	144	8.26e-07	47.4
WP_001220357.1	WP_011015574.1	33.735	83	7.13e-15	63.2
WP_001220853.1	WP_011013597.1	30.045	223	4.21e-16	76.3
WP_001220853.1	WP_011013830.1	26.415	371	1.63e-11	63.5
WP_001222228.1	WP_003863777.1	38.655	238	7.41e-51	165
WP_001222592.1	WP_003855552.1	33.735	83	2.67e-10	56.6
WP_001222592.1	WP_011013318.1	29.213	89	4.80e-10	55.8
WP_001222592.1	WP_011013484.1	35.385	65	1.29e-08	51.2
WP_001222592.1	WP_011015253.1	30.769	104	4.72e-08	49.3
WP_001222592.1	WP_011015499.1	31.081	74	1.51e-07	48.1
WP_001222592.1	WP_011013662.1	22.772	202	4.44e-07	47.0
WP_001222592.1	WP_011014757.1	29.730	74	4.58e-07	47.0
WP_001227083.1	WP_011015212.1	37.108	415	1.09e-80	251
WP_001227083.1	WP_011013592.1	32.634	429	1.34e-46	162
WP_001227315.1	WP_003858824.1	32.759	232	6.48e-28	110
WP_001227315.1	WP_011014781.1	33.032	221	1.97e-25	102
WP_001227315.1	WP_011014780.1	28.095	210	1.12e-13	67.0
WP_001229583.1	WP_003857431.1	56.557	244	6.31e-100	288
WP_001229583.1	WP_003858826.1	49.004	251	1.17e-84	249
WP_001229583.1	WP_003854632.1	41.961	255	1.48e-65	204
WP_001229583.1	WP_011015221.1	37.109	256	1.76e-42	142
WP_001229583.1	WP_003858089.1	36.364	220	2.38e-42	140
WP_001229583.1	WP_003855103.1	36.889	225	9.12e-40	134
WP_001229583.1	WP_003860245.1	35.616	219	1.24e-39	135
WP_001229583.1	WP_011014379.1	34.513	226	3.39e-39	134
WP_001229583.1	WP_011013931.1	37.443	219	1.59e-38	130
WP_001229583.1	WP_011013642.1	34.545	220	7.68e-37	129
WP_001229583.1	WP_011014327.1	32.677	254	1.39e-35	127
WP_001229583.1	WP_011013479.1	31.148	244	5.61e-35	124
WP_001229583.1	WP_011015140.1	33.484	221	3.91e-34	123
WP_001229583.1	WP_011013851.1	31.890	254	4.59e-34	122
WP_001229583.1	WP_011014212.1	31.950	241	1.87e-33	118
WP_001229583.1	WP_011015284.1	33.906	233	3.37e-32	115
WP_001229583.1	WP_011014807.1	30.769	260	4.59e-31	117
WP_001229583.1	WP_011014807.1	32.959	267	1.76e-27	107
WP_001229583.1	WP_011014450.1	31.019	216	5.67e-30	111
WP_001229583.1	WP_011015040.1	29.796	245	3.07e-29	111
WP_001229583.1	WP_011015040.1	30.901	233	1.32e-21	89.7
WP_001229583.1	WP_011015118.1	29.487	234	6.17e-29	110
WP_001229583.1	WP_011015118.1	37.104	221	9.13e-27	104
WP_001229583.1	WP_011013807.1	30.837	227	1.63e-28	105
WP_001229583.1	WP_011013783.1	31.963	219	9.97e-28	103
WP_001229583.1	WP_011013333.1	31.111	225	1.41e-27	103
WP_001229583.1	WP_011013985.1	27.778	216	5.91e-27	100
WP_001229583.1	WP_011014374.1	32.444	225	7.47e-27	100
WP_001229583.1	WP_003857536.1	32.857	210	1.01e-26	100
WP_001229583.1	WP_011013906.1	28.679	265	3.35e-26	99.4
WP_001229583.1	WP_011013996.1	27.854	219	3.94e-26	100
WP_001229583.1	WP_011013712.1	32.035	231	1.97e-25	100
WP_001229583.1	WP_011013712.1	31.111	225	3.41e-24	97.4
WP_001229583.1	WP_011014850.1	28.226	248	3.82e-24	94.7
WP_001229583.1	WP_011014233.1	26.364	220	2.18e-23	95.1
WP_001229583.1	WP_011014233.1	25.112	223	4.90e-15	70.5
WP_001229583.1	WP_011013984.1	27.897	233	5.47e-23	90.5
WP_001229583.1	WP_011265986.1	28.175	252	2.39e-22	92.0
WP_001229583.1	WP_011265940.1	31.441	229	3.84e-22	89.0
WP_001229583.1	WP_011013802.1	28.319	226	4.27e-21	86.3
WP_001229583.1	WP_003862124.1	32.579	221	3.89e-20	85.5
WP_001229583.1	WP_003862124.1	28.500	200	2.37e-17	77.4
WP_001229583.1	WP_003856990.1	26.636	214	4.53e-20	83.2
WP_001229583.1	WP_011014492.1	27.459	244	6.30e-20	82.4
WP_001229583.1	WP_011013331.1	29.646	226	1.23e-19	81.3
WP_001229583.1	WP_011014443.1	29.108	213	3.42e-19	82.8
WP_001229583.1	WP_011013338.1	25.652	230	3.48e-19	80.9
WP_001229583.1	WP_011015020.1	32.599	227	5.53e-19	82.4
WP_001229583.1	WP_011015345.1	27.523	218	6.48e-19	80.9
WP_001229583.1	WP_011013622.1	27.004	237	7.72e-19	80.1
WP_001229583.1	WP_011014011.1	30.000	230	1.63e-17	78.2
WP_001229583.1	WP_011014139.1	29.596	223	1.64e-17	78.2
WP_001229583.1	WP_011014139.1	26.977	215	5.90e-17	76.6
WP_001229583.1	WP_011015261.1	30.457	197	2.39e-17	75.1
WP_001229583.1	WP_011013698.1	25.688	218	3.25e-17	75.5
WP_001229583.1	WP_011014785.1	30.769	221	6.42e-17	73.9
WP_001229583.1	WP_003861735.1	22.642	212	8.13e-17	74.7
WP_001229583.1	WP_003856445.1	25.322	233	1.91e-16	73.2
WP_001229583.1	WP_011014012.1	29.515	227	3.07e-16	74.3
WP_001229583.1	WP_011015133.1	27.830	212	3.25e-16	73.9
WP_001229583.1	WP_011015133.1	28.049	246	1.18e-12	63.5
WP_001229583.1	WP_011014216.1	27.174	184	2.02e-14	67.8
WP_001229583.1	WP_011014362.1	27.434	226	2.27e-14	68.6
WP_001229583.1	WP_004567959.1	24.201	219	2.51e-14	67.8
WP_001229583.1	WP_011265694.1	30.097	206	4.46e-12	61.6
WP_001229583.1	WP_011014865.1	31.792	173	4.72e-12	61.6
WP_001229583.1	WP_011013466.1	22.886	201	6.02e-12	60.5
WP_001229583.1	WP_011013968.1	27.895	190	1.11e-11	60.8
WP_001229583.1	WP_011013968.1	27.064	218	4.38e-11	58.9
WP_001229583.1	WP_011014424.1	28.692	237	2.92e-11	59.3
WP_001229583.1	WP_011265869.1	28.713	202	7.70e-11	58.2
WP_001229583.1	WP_020948580.1	48.276	58	3.39e-10	56.2
WP_001229583.1	WP_011014540.1	24.615	195	6.52e-10	53.9
WP_001229583.1	WP_011014910.1	26.339	224	8.13e-10	55.1
WP_001229583.1	WP_011265741.1	40.000	70	1.16e-08	51.6
WP_001229583.1	WP_011014351.1	26.087	230	2.01e-08	50.8
WP_001229583.1	WP_011014351.1	29.121	182	1.07e-06	45.4
WP_001229583.1	WP_011265658.1	24.074	216	1.53e-07	48.1
WP_001229583.1	WP_011014000.1	39.437	71	3.30e-07	47.0
WP_001229583.1	WP_003856078.1	27.439	164	3.95e-07	46.2
WP_001229583.1	WP_011014110.1	32.895	76	9.27e-07	45.8
WP_001231105.1	WP_011014467.1	33.935	277	5.21e-44	150
WP_001231472.1	WP_003858683.1	28.571	140	1.09e-12	58.9
WP_001232766.1	WP_011014885.1	25.279	538	3.35e-25	109
WP_001232766.1	WP_020948610.1	28.194	227	1.98e-14	74.3
WP_001232766.1	WP_011014214.1	25.581	172	5.04e-08	53.5
WP_001232766.1	WP_011265922.1	28.986	138	3.05e-06	47.8
WP_001234899.1	WP_003863777.1	36.975	238	2.22e-36	127
WP_001235014.1	WP_003863777.1	31.915	235	1.96e-22	90.5
WP_001235281.1	WP_003861735.1	31.220	205	1.79e-28	105
WP_001235281.1	WP_011014850.1	33.668	199	2.69e-24	94.0
WP_001235281.1	WP_011013996.1	30.049	203	8.84e-23	90.1
WP_001235281.1	WP_011014327.1	27.869	183	1.12e-20	85.5
WP_001235281.1	WP_011013985.1	28.571	210	6.27e-20	81.3
WP_001235281.1	WP_011014450.1	25.000	204	6.28e-19	80.1
WP_001235281.1	WP_011013642.1	26.667	195	1.67e-18	79.0
WP_001235281.1	WP_011014212.1	29.703	202	6.83e-18	75.9
WP_001235281.1	WP_004567959.1	29.703	202	4.13e-17	74.7
WP_001235281.1	WP_011014374.1	25.792	221	2.45e-16	71.6
WP_001235281.1	WP_011015040.1	30.233	215	1.21e-15	71.2
WP_001235281.1	WP_011015040.1	29.000	200	7.55e-08	48.1
WP_001235281.1	WP_011015140.1	24.631	203	2.14e-15	70.1
WP_001235281.1	WP_011265940.1	26.923	208	2.63e-15	68.9
WP_001235281.1	WP_003857536.1	25.837	209	2.80e-15	68.6
WP_001235281.1	WP_003857431.1	26.455	189	3.81e-15	68.6
WP_001235281.1	WP_011013479.1	24.299	214	4.21e-15	68.9
WP_001235281.1	WP_011013931.1	25.926	189	8.71e-15	67.0
WP_001235281.1	WP_011013851.1	22.388	201	1.45e-14	67.8
WP_001235281.1	WP_011015345.1	21.608	199	3.30e-14	66.6
WP_001235281.1	WP_011013906.1	27.933	179	1.85e-13	63.9
WP_001235281.1	WP_011013466.1	26.667	195	2.58e-13	63.5
WP_001235281.1	WP_011013333.1	27.979	193	3.78e-13	63.2
WP_001235281.1	WP_003860245.1	23.370	184	1.18e-12	62.0
WP_001235281.1	WP_011013331.1	24.868	189	1.35e-12	60.8
WP_001235281.1	WP_003855103.1	22.927	205	1.43e-12	61.2
WP_001235281.1	WP_011014540.1	26.131	199	1.65e-12	60.5
WP_001235281.1	WP_011014233.1	25.592	211	5.38e-12	60.5
WP_001235281.1	WP_011014351.1	22.973	222	6.02e-12	60.5
WP_001235281.1	WP_011014351.1	26.220	164	1.27e-06	44.7
WP_001235281.1	WP_011014139.1	26.190	210	8.05e-12	60.5
WP_001235281.1	WP_003858826.1	23.504	234	2.79e-11	57.8
WP_001235281.1	WP_011013984.1	22.727	220	3.59e-11	57.4
WP_001235281.1	WP_003856445.1	22.772	202	3.94e-11	57.4
WP_001235281.1	WP_011013783.1	26.901	171	5.66e-11	56.6
WP_001235281.1	WP_011013968.1	24.757	206	9.12e-11	57.0
WP_001235281.1	WP_011013968.1	26.966	178	3.72e-09	52.4
WP_001235281.1	WP_003854632.1	22.115	208	1.09e-10	56.6
WP_001235281.1	WP_011014910.1	23.767	223	2.81e-10	55.5
WP_001235281.1	WP_003858089.1	22.660	203	3.22e-10	54.3
WP_001235281.1	WP_011014011.1	22.381	210	1.40e-09	53.5
WP_001235281.1	WP_003856078.1	23.810	210	1.58e-09	52.8
WP_001235281.1	WP_003856990.1	26.728	217	2.66e-09	52.0
WP_001235281.1	WP_011015284.1	27.119	177	6.73e-09	50.8
WP_001235281.1	WP_011014379.1	21.341	164	7.63e-09	50.8
WP_001235281.1	WP_011015261.1	25.616	203	1.28e-08	49.7
WP_001235281.1	WP_011014012.1	22.439	205	1.34e-08	50.4
WP_001235281.1	WP_011015118.1	24.757	206	1.42e-08	50.4
WP_001235281.1	WP_011015118.1	24.885	217	8.98e-07	45.1
WP_001235281.1	WP_011015020.1	23.188	207	1.89e-08	50.1
WP_001235281.1	WP_011013622.1	24.528	159	2.83e-08	49.3
WP_001235281.1	WP_011013802.1	25.767	163	5.48e-08	48.1
WP_001235281.1	WP_011015133.1	26.606	218	1.24e-07	47.8
WP_001235281.1	WP_011014424.1	22.120	217	2.47e-07	47.0
WP_001235281.1	WP_011013807.1	21.429	210	3.22e-07	45.8
WP_001235281.1	WP_011014807.1	24.324	185	4.51e-07	46.2
WP_001235281.1	WP_011013338.1	27.500	160	6.93e-07	45.1
WP_001235281.1	WP_011015221.1	24.500	200	8.95e-07	44.7
WP_001240791.1	WP_004567959.1	31.293	294	1.30e-36	130
WP_001240791.1	WP_011013996.1	33.333	264	7.11e-33	120
WP_001240791.1	WP_011014850.1	35.714	210	8.55e-32	117
WP_001240791.1	WP_011014450.1	33.014	209	3.23e-31	117
WP_001240791.1	WP_003861735.1	29.612	206	4.23e-25	99.0
WP_001240791.1	WP_003854632.1	26.432	227	2.32e-24	98.6
WP_001240791.1	WP_011013851.1	25.681	257	4.64e-24	97.1
WP_001240791.1	WP_011015345.1	32.020	203	4.64e-24	96.7
WP_001240791.1	WP_011014807.1	31.225	253	2.71e-22	94.0
WP_001240791.1	WP_011014807.1	29.358	218	2.55e-13	67.0
WP_001240791.1	WP_011015040.1	28.638	213	8.28e-22	92.0
WP_001240791.1	WP_011015040.1	31.250	208	3.44e-19	84.3
WP_001240791.1	WP_011015140.1	29.648	199	9.48e-22	91.3
WP_001240791.1	WP_011014374.1	28.112	249	1.49e-21	88.6
WP_001240791.1	WP_011013479.1	26.210	248	1.15e-19	84.3
WP_001240791.1	WP_011013642.1	25.500	200	1.39e-19	84.7
WP_001240791.1	WP_011014327.1	26.293	232	8.63e-19	82.8
WP_001240791.1	WP_011013466.1	26.852	216	1.38e-18	80.5
WP_001240791.1	WP_003857431.1	29.353	201	1.78e-18	79.7
WP_001240791.1	WP_011015284.1	27.442	215	3.24e-18	79.7
WP_001240791.1	WP_003857536.1	27.619	210	5.68e-18	78.2
WP_001240791.1	WP_011265986.1	28.571	224	1.34e-17	80.1
WP_001240791.1	WP_003856445.1	26.840	231	2.91e-17	77.0
WP_001240791.1	WP_011013984.1	26.818	220	5.73e-17	75.5
WP_001240791.1	WP_011013333.1	28.340	247	6.88e-17	75.5
WP_001240791.1	WP_003858826.1	25.214	234	9.45e-17	75.1
WP_001240791.1	WP_011014216.1	29.064	203	1.58e-16	75.1
WP_001240791.1	WP_011014212.1	28.922	204	1.90e-16	74.3
WP_001240791.1	WP_011013622.1	26.699	206	2.45e-16	74.3
WP_001240791.1	WP_011013331.1	30.151	199	2.58e-16	73.2
WP_001240791.1	WP_011014379.1	25.000	232	3.79e-16	73.9
WP_001240791.1	WP_011013807.1	23.394	218	4.07e-16	73.6
WP_001240791.1	WP_011014492.1	26.364	220	9.99e-16	72.4
WP_001240791.1	WP_011013712.1	23.697	211	1.38e-15	73.9
WP_001240791.1	WP_011013712.1	25.571	219	2.91e-12	63.5
WP_001240791.1	WP_011013985.1	29.444	180	8.01e-15	69.3
WP_001240791.1	WP_011265940.1	26.271	236	9.00e-15	69.7
WP_001240791.1	WP_011014233.1	27.014	211	1.52e-14	70.5
WP_001240791.1	WP_011014233.1	26.512	215	2.85e-13	66.6
WP_001240791.1	WP_003855103.1	26.904	197	1.65e-14	68.6
WP_001240791.1	WP_011013802.1	23.423	222	1.96e-14	68.9
WP_001240791.1	WP_011015118.1	26.009	223	2.04e-14	70.1
WP_001240791.1	WP_011015118.1	29.956	227	1.03e-13	68.2
WP_001240791.1	WP_011015020.1	25.316	237	2.61e-12	63.9
WP_001240791.1	WP_003860245.1	25.957	235	4.48e-12	62.0
WP_001240791.1	WP_011014139.1	24.107	224	5.26e-12	63.2
WP_001240791.1	WP_011014139.1	26.087	207	1.28e-10	58.9
WP_001240791.1	WP_011015133.1	25.397	189	5.45e-12	62.8
WP_001240791.1	WP_011015133.1	26.484	219	5.40e-08	50.4
WP_001240791.1	WP_011013906.1	23.750	240	7.97e-12	60.8
WP_001240791.1	WP_011013783.1	25.654	191	8.97e-12	60.5
WP_001240791.1	WP_011014351.1	26.012	173	1.14e-11	62.0
WP_001240791.1	WP_011014351.1	26.484	219	8.75e-09	52.8
WP_001240791.1	WP_003862124.1	24.031	258	1.39e-11	61.6
WP_001240791.1	WP_003862124.1	29.688	192	2.56e-10	57.4
WP_001240791.1	WP_011014910.1	24.514	257	1.46e-11	61.6
WP_001240791.1	WP_011014910.1	28.022	182	2.29e-11	60.8
WP_001240791.1	WP_003856990.1	24.498	249	6.20e-11	58.5
WP_001240791.1	WP_003858089.1	24.691	243	6.34e-11	58.2
WP_001240791.1	WP_011015221.1	26.977	215	6.64e-11	58.2
WP_001240791.1	WP_011013338.1	29.148	223	7.28e-11	58.2
WP_001240791.1	WP_011013931.1	26.866	201	1.14e-10	57.0
WP_001240791.1	WP_011014089.1	28.351	194	2.22e-10	57.8
WP_001240791.1	WP_011014443.1	27.354	223	3.19e-10	57.4
WP_001240791.1	WP_011014443.1	24.155	207	2.45e-06	45.4
WP_001240791.1	WP_011014012.1	25.214	234	3.50e-10	57.4
WP_001240791.1	WP_011014540.1	28.649	185	4.54e-10	55.1
WP_001240791.1	WP_011014011.1	24.893	233	5.11e-10	57.0
WP_001240791.1	WP_011013698.1	23.744	219	1.54e-08	51.2
WP_001240791.1	WP_011014785.1	26.776	183	7.35e-08	48.9
WP_001240791.1	WP_011265869.1	23.636	220	1.52e-07	48.9
WP_001240791.1	WP_011265658.1	22.348	264	4.33e-07	47.8
WP_001240791.1	WP_011014362.1	23.695	249	6.87e-07	47.0
WP_001240791.1	WP_011014424.1	23.967	242	1.68e-06	45.8
WP_001244687.1	WP_011013700.1	38.602	329	2.73e-73	227
WP_001244687.1	WP_011013804.1	43.312	314	3.94e-71	221
WP_001244687.1	WP_003859752.1	30.612	343	1.83e-42	147
WP_001244687.1	WP_011014490.1	35.473	296	3.80e-41	144
WP_001244687.1	WP_003858297.1	32.749	342	9.06e-33	121
WP_001244687.1	WP_172820752.1	31.408	277	1.65e-32	120
WP_001244687.1	WP_011013699.1	29.063	320	9.06e-27	105
WP_001244687.1	WP_011013803.1	34.892	278	2.18e-26	103
WP_001244687.1	WP_003863480.1	26.667	285	5.06e-20	85.9
WP_001244687.1	WP_011013337.1	27.329	322	1.03e-18	82.0
WP_001245781.1	WP_011015220.1	22.642	212	2.84e-11	57.8
WP_001246755.1	WP_011015383.1	24.549	277	1.28e-12	63.2
WP_001253803.1	WP_006286979.1	37.179	156	1.34e-31	108
WP_001256250.1	WP_011014025.1	44.444	54	1.02e-09	45.4
WP_001256250.1	WP_011013762.1	36.538	52	8.84e-09	45.8
WP_001262223.1	WP_011014829.1	46.486	185	1.49e-58	178
WP_001265622.1	WP_003858439.1	64.516	31	1.05e-09	44.7
WP_001266083.1	WP_011015448.1	33.333	120	1.99e-18	77.4
WP_001269469.1	WP_011014239.1	30.864	162	1.16e-12	64.3
WP_001269469.1	WP_011013705.1	25.573	262	7.59e-12	60.8
WP_001269469.1	WP_011014076.1	21.887	265	1.47e-10	57.4
WP_001269469.1	WP_003858893.1	23.506	251	6.98e-09	52.4
WP_001269469.1	WP_011014301.1	22.059	272	4.82e-07	46.6
WP_001269474.1	WP_011013698.1	30.043	233	3.01e-32	115
WP_001269474.1	WP_011013802.1	29.108	213	1.96e-29	107
WP_001269474.1	WP_011013338.1	30.374	214	8.47e-27	100
WP_001269474.1	WP_011014379.1	31.100	209	1.74e-26	100
WP_001269474.1	WP_003856445.1	28.194	227	3.70e-24	94.0
WP_001269474.1	WP_011013331.1	28.636	220	4.87e-24	92.4
WP_001269474.1	WP_011013783.1	29.956	227	1.85e-23	91.3
WP_001269474.1	WP_011014850.1	28.643	199	2.70e-23	92.0
WP_001269474.1	WP_011013906.1	31.250	208	1.07e-22	89.7
WP_001269474.1	WP_011014492.1	29.293	198	9.23e-22	87.0
WP_001269474.1	WP_011013642.1	29.730	222	1.62e-21	88.2
WP_001269474.1	WP_011013807.1	25.837	209	2.16e-21	86.3
WP_001269474.1	WP_003854632.1	28.846	208	5.23e-21	86.7
WP_001269474.1	WP_011014450.1	30.415	217	5.25e-21	86.7
WP_001269474.1	WP_011014351.1	28.099	242	1.26e-20	86.7
WP_001269474.1	WP_011014351.1	27.717	184	9.31e-11	57.4
WP_001269474.1	WP_003855103.1	29.902	204	3.24e-20	82.4
WP_001269474.1	WP_003860245.1	26.316	209	5.33e-20	82.8
WP_001269474.1	WP_003857536.1	30.476	210	1.29e-19	80.9
WP_001269474.1	WP_011013996.1	29.717	212	6.51e-19	80.1
WP_001269474.1	WP_011265940.1	30.570	193	7.18e-18	76.6
WP_001269474.1	WP_011014233.1	27.143	210	1.17e-17	77.8
WP_001269474.1	WP_011014233.1	28.986	207	7.62e-17	75.5
WP_001269474.1	WP_003858089.1	27.064	218	1.76e-17	75.1
WP_001269474.1	WP_011014216.1	28.169	213	1.95e-17	75.9
WP_001269474.1	WP_011015140.1	25.463	216	4.10e-17	75.9
WP_001269474.1	WP_011015040.1	29.348	184	4.22e-17	76.3
WP_001269474.1	WP_011015040.1	25.373	201	7.38e-16	72.4
WP_001269474.1	WP_011014212.1	25.121	207	1.82e-16	72.4
WP_001269474.1	WP_011013712.1	26.484	219	3.58e-16	73.6
WP_001269474.1	WP_011013712.1	26.389	216	9.76e-09	51.6
WP_001269474.1	WP_011013851.1	23.288	219	5.68e-16	72.4
WP_001269474.1	WP_011013479.1	27.602	221	5.89e-16	72.0
WP_001269474.1	WP_011013622.1	24.885	217	1.25e-15	70.9
WP_001269474.1	WP_011014443.1	27.941	204	2.88e-15	70.9
WP_001269474.1	WP_011013985.1	25.641	234	5.69e-15	68.2
WP_001269474.1	WP_011014807.1	26.106	226	7.50e-15	69.7
WP_001269474.1	WP_011014807.1	27.404	208	5.03e-11	58.5
WP_001269474.1	WP_003862124.1	28.205	195	8.64e-15	69.3
WP_001269474.1	WP_003862124.1	23.762	202	1.77e-11	59.7
WP_001269474.1	WP_003857431.1	25.373	201	1.24e-14	67.4
WP_001269474.1	WP_011014910.1	23.810	231	1.44e-14	68.9
WP_001269474.1	WP_011015261.1	29.524	210	2.18e-14	66.6
WP_001269474.1	WP_011013984.1	28.837	215	4.20e-14	65.9
WP_001269474.1	WP_003861735.1	24.880	209	4.61e-14	66.2
WP_001269474.1	WP_011015345.1	26.126	222	1.58e-13	65.1
WP_001269474.1	WP_004567959.1	26.087	207	1.99e-13	64.7
WP_001269474.1	WP_011014327.1	21.811	243	3.06e-13	64.7
WP_001269474.1	WP_011013931.1	26.364	220	3.49e-13	63.2
WP_001269474.1	WP_011015284.1	25.871	201	4.47e-13	63.5
WP_001269474.1	WP_011015020.1	26.961	204	4.61e-13	64.3
WP_001269474.1	WP_011265986.1	25.000	192	1.12e-12	63.2
WP_001269474.1	WP_011014374.1	25.854	205	2.37e-12	61.2
WP_001269474.1	WP_011013333.1	28.846	208	3.11e-12	60.8
WP_001269474.1	WP_020948580.1	39.535	86	4.10e-12	61.6
WP_001269474.1	WP_011013968.1	27.041	196	4.58e-12	61.6
WP_001269474.1	WP_011013968.1	23.556	225	2.72e-11	59.3
WP_001269474.1	WP_011015118.1	28.947	228	3.44e-11	58.9
WP_001269474.1	WP_011015118.1	26.126	222	1.88e-10	56.6
WP_001269474.1	WP_003858826.1	23.789	227	3.78e-11	57.8
WP_001269474.1	WP_003856990.1	26.368	201	8.15e-11	57.0
WP_001269474.1	WP_011265869.1	24.757	206	1.05e-10	57.4
WP_001269474.1	WP_011014139.1	24.432	176	2.46e-10	56.6
WP_001269474.1	WP_011014139.1	26.087	207	2.74e-10	56.2
WP_001269474.1	WP_011015133.1	25.126	199	9.00e-10	54.7
WP_001269474.1	WP_011015133.1	26.415	212	1.74e-07	47.8
WP_001269474.1	WP_011014089.1	25.773	194	9.21e-10	54.7
WP_001269474.1	WP_011014011.1	23.558	208	1.53e-09	53.9
WP_001269474.1	WP_011014424.1	24.123	228	1.64e-09	53.9
WP_001269474.1	WP_011014012.1	23.265	245	2.36e-09	53.5
WP_001269474.1	WP_011265741.1	37.705	61	3.15e-09	52.8
WP_001269474.1	WP_011265658.1	28.814	177	3.72e-09	52.8
WP_001269474.1	WP_011014362.1	23.111	225	6.60e-09	52.0
WP_001269474.1	WP_011015221.1	23.077	221	7.85e-07	45.1
WP_001269474.1	WP_011014785.1	23.223	211	2.17e-06	43.5
WP_001269474.1	WP_011014110.1	38.710	62	4.04e-06	43.5
WP_001269474.1	WP_011014865.1	27.692	195	7.13e-06	42.7
WP_001269860.1	WP_020948590.1	45.088	397	5.62e-101	302
WP_001272941.1	WP_003856004.1	28.906	128	4.15e-10	53.1
WP_001272941.1	WP_003862894.1	28.994	169	1.16e-09	52.4
WP_001273594.1	WP_003861694.1	30.973	113	2.07e-12	56.6
WP_001274002.1	WP_003859343.1	42.500	80	4.68e-12	52.8
WP_001274091.1	WP_011013871.1	47.533	831	0.0	723
WP_001274091.1	WP_011014367.1	35.584	711	7.44e-122	382
WP_001278301.1	WP_011015240.1	33.582	134	3.52e-16	67.0
WP_001278301.1	WP_003859881.1	27.174	92	8.80e-08	45.8
WP_001279139.1	WP_011013968.1	35.229	633	1.21e-108	337
WP_001279139.1	WP_011015133.1	35.727	543	1.08e-95	301
WP_001279139.1	WP_011015133.1	31.071	280	4.99e-26	108
WP_001279139.1	WP_011015133.1	30.566	265	7.72e-21	92.8
WP_001279139.1	WP_011014910.1	28.164	561	3.05e-57	199
WP_001279139.1	WP_011014910.1	29.787	282	9.84e-26	108
WP_001279139.1	WP_011014910.1	27.727	220	2.03e-12	66.2
WP_001279139.1	WP_011014443.1	32.394	497	5.91e-52	184
WP_001279139.1	WP_011014443.1	26.199	271	1.90e-16	79.0
WP_001279139.1	WP_011014443.1	28.169	213	1.87e-13	69.3
WP_001279139.1	WP_011014089.1	30.389	566	7.23e-45	164
WP_001279139.1	WP_011014089.1	39.080	174	1.40e-20	92.0
WP_001279139.1	WP_011014351.1	25.845	503	3.06e-31	124
WP_001279139.1	WP_011014351.1	25.606	289	2.56e-19	87.8
WP_001279139.1	WP_011015040.1	24.952	525	5.37e-31	123
WP_001279139.1	WP_011015040.1	23.305	236	1.25e-10	60.5
WP_001279139.1	WP_011014807.1	23.852	566	4.64e-24	102
WP_001279139.1	WP_011014807.1	24.153	236	3.27e-07	49.7
WP_001279139.1	WP_011014233.1	23.218	547	1.97e-17	82.0
WP_001279139.1	WP_011014233.1	24.082	245	1.47e-06	47.4
WP_001279139.1	WP_011013698.1	28.571	224	9.55e-17	77.0
WP_001279139.1	WP_011013698.1	29.091	220	1.56e-09	55.5
WP_001279139.1	WP_003857536.1	28.807	243	1.02e-14	70.5
WP_001279139.1	WP_003857536.1	27.442	215	2.81e-07	48.5
WP_001279139.1	WP_011013466.1	30.366	191	1.57e-14	70.5
WP_001279139.1	WP_011013642.1	27.149	221	3.08e-14	70.9
WP_001279139.1	WP_011013642.1	26.609	233	3.98e-06	45.8
WP_001279139.1	WP_011014492.1	29.437	231	4.41e-14	68.9
WP_001279139.1	WP_011014492.1	22.581	217	7.07e-12	62.4
WP_001279139.1	WP_011015020.1	30.808	198	6.09e-14	71.2
WP_001279139.1	WP_011013338.1	25.221	226	1.48e-13	67.8
WP_001279139.1	WP_011013338.1	28.629	248	1.64e-10	58.5
WP_001279139.1	WP_003854632.1	26.641	259	2.47e-13	68.2
WP_001279139.1	WP_003854632.1	23.549	293	4.42e-08	52.0
WP_001279139.1	WP_011014212.1	31.933	238	3.81e-13	66.2
WP_001279139.1	WP_011014212.1	27.511	229	8.77e-12	62.0
WP_001279139.1	WP_011014139.1	26.275	255	4.96e-13	68.9
WP_001279139.1	WP_011014139.1	23.237	241	3.70e-06	46.6
WP_001279139.1	WP_011013802.1	28.251	223	7.62e-13	65.5
WP_001279139.1	WP_011013802.1	25.296	253	6.25e-11	60.1
WP_001279139.1	WP_003858089.1	26.389	216	1.50e-12	63.9
WP_001279139.1	WP_003858089.1	24.887	221	2.85e-06	45.4
WP_001279139.1	WP_003856445.1	24.123	228	1.53e-12	64.7
WP_001279139.1	WP_011014011.1	27.706	231	2.47e-12	66.2
WP_001279139.1	WP_003856078.1	28.571	217	2.80e-12	63.5
WP_001279139.1	WP_011013622.1	25.000	224	4.90e-12	63.2
WP_001279139.1	WP_011013622.1	27.179	195	4.96e-08	51.2
WP_001279139.1	WP_011013712.1	22.797	522	5.35e-12	65.1
WP_001279139.1	WP_011013712.1	25.871	201	1.44e-07	50.8
WP_001279139.1	WP_011013996.1	29.480	173	7.06e-12	63.2
WP_001279139.1	WP_011013996.1	30.769	208	1.69e-11	62.0
WP_001279139.1	WP_011015284.1	26.961	204	8.38e-12	62.4
WP_001279139.1	WP_011015284.1	25.847	236	3.13e-07	48.5
WP_001279139.1	WP_011014374.1	28.249	177	1.82e-11	61.2
WP_001279139.1	WP_011014374.1	28.662	157	1.61e-06	46.2
WP_001279139.1	WP_011013906.1	26.636	214	1.82e-11	61.2
WP_001279139.1	WP_011013906.1	27.523	218	6.88e-07	47.4
WP_001279139.1	WP_011013985.1	29.412	170	2.89e-11	60.5
WP_001279139.1	WP_003861735.1	24.889	225	7.21e-11	60.1
WP_001279139.1	WP_011014424.1	29.596	223	1.06e-10	60.8
WP_001279139.1	WP_011013479.1	26.383	235	2.01e-10	58.9
WP_001279139.1	WP_011013479.1	26.887	212	9.68e-10	56.6
WP_001279139.1	WP_011015140.1	24.201	219	2.53e-10	58.9
WP_001279139.1	WP_011265986.1	25.217	230	2.86e-10	59.7
WP_001279139.1	WP_011265986.1	25.837	209	6.44e-08	52.0
WP_001279139.1	WP_011013783.1	23.237	241	3.76e-10	57.0
WP_001279139.1	WP_011013783.1	25.521	192	4.65e-08	50.8
WP_001279139.1	WP_011265658.1	27.953	254	4.05e-10	58.9
WP_001279139.1	WP_011014850.1	26.380	163	2.88e-09	55.1
WP_001279139.1	WP_011265940.1	25.991	227	3.68e-09	54.3
WP_001279139.1	WP_011013333.1	25.896	251	4.93e-09	53.9
WP_001279139.1	WP_011013333.1	27.273	176	2.54e-08	52.0
WP_001279139.1	WP_003855103.1	23.767	223	5.22e-09	53.5
WP_001279139.1	WP_003855103.1	24.020	204	2.91e-07	48.1
WP_001279139.1	WP_011015345.1	27.650	217	1.94e-08	52.8
WP_001279139.1	WP_011015345.1	30.769	182	5.29e-08	51.2
WP_001279139.1	WP_011014379.1	27.155	232	3.32e-08	51.6
WP_001279139.1	WP_011013807.1	21.145	227	3.77e-08	51.2
WP_001279139.1	WP_011015261.1	27.650	217	5.82e-08	50.4
WP_001279139.1	WP_011015261.1	28.873	142	3.77e-07	48.1
WP_001279139.1	WP_003862124.1	29.651	172	8.62e-08	51.2
WP_001279139.1	WP_011015118.1	21.995	391	9.75e-08	51.2
WP_001279139.1	WP_011015118.1	24.681	235	6.35e-07	48.5
WP_001279139.1	WP_011013331.1	27.442	215	1.17e-07	49.3
WP_001279139.1	WP_011013984.1	27.461	193	1.33e-07	49.7
WP_001279139.1	WP_011014450.1	26.389	144	4.14e-07	48.5
WP_001279139.1	WP_011014450.1	25.000	212	7.54e-07	47.8
WP_001279139.1	WP_003858826.1	23.894	226	6.91e-07	47.4
WP_001279139.1	WP_011014216.1	27.957	186	7.47e-07	47.8
WP_001279139.1	WP_003860245.1	26.000	200	7.53e-07	47.8
WP_001279139.1	WP_003860245.1	26.178	191	3.26e-06	45.4
WP_001279139.1	WP_011014785.1	27.727	220	7.92e-07	47.0
WP_001279139.1	WP_004567959.1	23.392	171	1.21e-06	47.0
WP_001279139.1	WP_003857431.1	23.478	230	1.38e-06	46.6
WP_001279139.1	WP_003857431.1	31.646	79	3.27e-06	45.4
WP_001279139.1	WP_003856990.1	24.885	217	1.50e-06	46.6
WP_001279139.1	WP_011014362.1	23.529	170	4.06e-06	46.2
WP_001280753.1	WP_003858828.1	33.784	148	2.39e-25	92.0
WP_001281507.1	WP_011015276.1	27.273	242	7.26e-21	87.4
WP_001281507.1	WP_011014792.1	25.993	277	7.64e-18	78.6
WP_001282969.1	WP_003861382.1	35.262	363	1.39e-64	206
WP_001283813.1	WP_003860060.1	36.190	315	2.11e-72	223
WP_001284098.1	WP_011014471.1	28.493	365	1.75e-40	142
WP_001284128.1	WP_011014475.1	35.882	170	9.32e-31	112
WP_001284513.1	WP_003854291.1	68.317	101	1.87e-51	154
WP_001284589.1	WP_003863129.1	46.547	333	1.04e-96	287
WP_001285241.1	WP_011013490.1	41.013	395	2.75e-101	303
WP_001287230.1	WP_011014886.1	33.858	254	4.58e-36	125
WP_001287230.1	WP_011014302.1	38.095	105	5.96e-10	54.7
WP_001287278.1	WP_011013688.1	37.903	124	7.63e-24	88.6
WP_001289686.1	WP_011013851.1	47.826	230	7.40e-78	239
WP_001289686.1	WP_011014327.1	40.850	306	2.49e-75	235
WP_001289686.1	WP_011015140.1	37.462	331	1.27e-74	232
WP_001289686.1	WP_011013642.1	38.298	235	2.64e-53	176
WP_001289686.1	WP_011013479.1	36.905	252	3.16e-52	172
WP_001289686.1	WP_003857431.1	34.454	238	2.40e-44	149
WP_001289686.1	WP_003858826.1	32.143	252	9.38e-41	140
WP_001289686.1	WP_003854632.1	35.088	228	1.20e-40	143
WP_001289686.1	WP_011014212.1	32.195	205	4.13e-30	112
WP_001289686.1	WP_011015118.1	30.942	223	6.73e-30	116
WP_001289686.1	WP_011015118.1	25.523	239	8.45e-16	75.1
WP_001289686.1	WP_003858089.1	35.676	185	8.92e-29	108
WP_001289686.1	WP_011013698.1	31.507	219	9.39e-29	109
WP_001289686.1	WP_011015221.1	34.694	245	2.82e-28	107
WP_001289686.1	WP_011015040.1	29.614	233	2.94e-28	111
WP_001289686.1	WP_011015040.1	24.658	219	1.13e-12	65.1
WP_001289686.1	WP_011015284.1	29.204	226	6.75e-28	107
WP_001289686.1	WP_011014374.1	35.211	213	7.43e-28	106
WP_001289686.1	WP_003855103.1	27.803	223	2.87e-27	104
WP_001289686.1	WP_011014850.1	27.928	222	2.80e-26	103
WP_001289686.1	WP_011013906.1	31.390	223	5.95e-26	101
WP_001289686.1	WP_003860245.1	26.754	228	3.82e-25	99.8
WP_001289686.1	WP_003856445.1	27.727	220	6.36e-24	95.9
WP_001289686.1	WP_011013996.1	28.194	227	6.70e-24	96.7
WP_001289686.1	WP_011013931.1	32.243	214	8.82e-24	94.7
WP_001289686.1	WP_011014807.1	25.600	250	8.83e-24	99.0
WP_001289686.1	WP_011014807.1	24.681	235	1.30e-14	71.2
WP_001289686.1	WP_011013802.1	29.435	248	1.20e-23	95.5
WP_001289686.1	WP_011013783.1	29.808	208	1.49e-23	94.4
WP_001289686.1	WP_003861735.1	27.700	213	2.53e-23	94.7
WP_001289686.1	WP_011014450.1	26.339	224	4.36e-23	95.1
WP_001289686.1	WP_003862124.1	29.545	308	1.32e-21	92.0
WP_001289686.1	WP_003862124.1	29.255	188	6.32e-14	68.9
WP_001289686.1	WP_011265986.1	25.197	254	1.39e-21	92.8
WP_001289686.1	WP_003857536.1	30.526	190	7.12e-21	86.7
WP_001289686.1	WP_011013985.1	27.602	221	3.03e-20	85.1
WP_001289686.1	WP_003856990.1	30.144	209	3.34e-20	85.5
WP_001289686.1	WP_011014233.1	28.155	206	3.52e-20	88.2
WP_001289686.1	WP_011014233.1	24.215	223	3.50e-13	67.0
WP_001289686.1	WP_011265940.1	27.803	223	7.39e-20	84.7
WP_001289686.1	WP_011014492.1	27.074	229	1.19e-19	84.0
WP_001289686.1	WP_011013712.1	27.650	217	1.94e-19	85.9
WP_001289686.1	WP_011013712.1	25.101	247	6.43e-11	60.1
WP_001289686.1	WP_011014011.1	28.821	229	2.99e-19	85.5
WP_001289686.1	WP_011013338.1	27.189	217	3.24e-19	82.8
WP_001289686.1	WP_011013807.1	28.241	216	1.55e-18	80.9
WP_001289686.1	WP_011013331.1	29.680	219	3.25e-18	79.0
WP_001289686.1	WP_011015020.1	27.103	214	3.47e-18	82.4
WP_001289686.1	WP_011014785.1	29.949	197	3.73e-18	79.3
WP_001289686.1	WP_011014379.1	26.906	223	8.51e-18	79.0
WP_001289686.1	WP_011014139.1	26.244	221	1.44e-17	80.9
WP_001289686.1	WP_011014139.1	25.822	213	6.92e-13	66.6
WP_001289686.1	WP_011015261.1	29.864	221	2.66e-16	73.9
WP_001289686.1	WP_011015345.1	24.046	262	6.92e-16	73.9
WP_001289686.1	WP_011013333.1	26.126	222	1.18e-15	72.4
WP_001289686.1	WP_011013984.1	24.786	234	3.62e-15	70.9
WP_001289686.1	WP_011014012.1	26.695	236	7.99e-15	72.0
WP_001289686.1	WP_011014443.1	29.245	212	2.81e-13	67.4
WP_001289686.1	WP_011014540.1	24.868	189	3.87e-13	64.3
WP_001289686.1	WP_011015133.1	24.870	193	1.08e-12	65.5
WP_001289686.1	WP_011015133.1	26.364	220	3.38e-10	57.8
WP_001289686.1	WP_011014362.1	25.877	228	1.35e-12	65.1
WP_001289686.1	WP_011013622.1	25.123	203	6.66e-12	61.6
WP_001289686.1	WP_011013968.1	26.087	207	1.97e-10	58.5
WP_001289686.1	WP_011013968.1	24.286	210	2.19e-07	48.9
WP_001289686.1	WP_004567959.1	21.256	207	1.39e-09	55.1
WP_001289686.1	WP_011265869.1	22.176	239	2.45e-09	55.1
WP_001289686.1	WP_011014424.1	25.688	218	2.67e-09	55.1
WP_001289686.1	WP_011014216.1	24.336	226	2.71e-09	53.9
WP_001289686.1	WP_011265658.1	33.721	86	2.45e-08	52.0
WP_001289686.1	WP_011014865.1	27.545	167	3.06e-08	51.6
WP_001289686.1	WP_011013466.1	18.812	202	9.01e-08	49.3
WP_001289686.1	WP_003856078.1	23.784	185	3.53e-07	47.4
WP_001289686.1	WP_020948580.1	44.615	65	1.53e-06	46.2
WP_001289686.1	WP_011266014.1	29.114	79	2.94e-06	45.1
WP_001291293.1	WP_011015284.1	46.983	232	5.00e-68	210
WP_001291293.1	WP_011014807.1	41.538	260	5.13e-65	211
WP_001291293.1	WP_011014807.1	39.382	259	9.55e-54	181
WP_001291293.1	WP_011015118.1	46.581	234	3.42e-64	208
WP_001291293.1	WP_011015118.1	39.080	261	1.28e-49	169
WP_001291293.1	WP_011015040.1	41.057	246	4.74e-57	187
WP_001291293.1	WP_011015040.1	39.407	236	5.86e-47	161
WP_001291293.1	WP_011265986.1	37.402	254	4.15e-47	164
WP_001291293.1	WP_003854632.1	37.168	226	9.17e-41	142
WP_001291293.1	WP_011013851.1	33.188	229	4.55e-33	121
WP_001291293.1	WP_003858826.1	28.244	262	8.55e-33	118
WP_001291293.1	WP_011015140.1	31.746	252	3.74e-32	119
WP_001291293.1	WP_003857431.1	31.092	238	1.32e-30	112
WP_001291293.1	WP_011014327.1	30.736	231	1.68e-29	112
WP_001291293.1	WP_011013642.1	30.962	239	2.23e-27	105
WP_001291293.1	WP_003855103.1	28.947	228	5.38e-27	102
WP_001291293.1	WP_011013783.1	29.661	236	9.22e-27	102
WP_001291293.1	WP_011013931.1	29.825	228	1.55e-25	98.2
WP_001291293.1	WP_011014379.1	30.078	256	8.03e-25	97.4
WP_001291293.1	WP_011013479.1	30.804	224	1.05e-24	97.8
WP_001291293.1	WP_011013807.1	28.727	275	3.36e-24	95.5
WP_001291293.1	WP_011014850.1	27.907	301	1.86e-23	94.4
WP_001291293.1	WP_011014212.1	29.675	246	4.02e-23	92.4
WP_001291293.1	WP_003860245.1	27.602	221	2.06e-22	91.3
WP_001291293.1	WP_003858089.1	31.455	213	1.05e-21	88.2
WP_001291293.1	WP_011013802.1	29.680	219	6.67e-21	86.7
WP_001291293.1	WP_003856445.1	27.511	229	9.49e-21	86.3
WP_001291293.1	WP_011015221.1	28.137	263	2.40e-20	85.1
WP_001291293.1	WP_011013338.1	27.953	254	3.85e-20	84.3
WP_001291293.1	WP_011014492.1	28.151	238	6.47e-20	83.6
WP_001291293.1	WP_011013996.1	27.039	233	2.15e-19	83.2
WP_001291293.1	WP_003857536.1	25.676	222	3.38e-19	81.3
WP_001291293.1	WP_011013333.1	24.664	223	1.44e-17	77.4
WP_001291293.1	WP_011013712.1	25.306	245	2.23e-17	79.0
WP_001291293.1	WP_011013712.1	25.397	252	2.96e-09	54.3
WP_001291293.1	WP_011014012.1	28.821	229	2.16e-16	75.9
WP_001291293.1	WP_011013698.1	25.896	251	3.82e-16	73.6
WP_001291293.1	WP_011013906.1	26.244	221	4.31e-16	73.2
WP_001291293.1	WP_011013984.1	27.500	240	6.78e-16	72.4
WP_001291293.1	WP_011014450.1	25.339	221	8.41e-16	73.2
WP_001291293.1	WP_003856990.1	28.241	216	1.10e-15	72.0
WP_001291293.1	WP_004567959.1	25.969	258	3.38e-15	71.2
WP_001291293.1	WP_011015020.1	27.935	247	1.33e-14	70.5
WP_001291293.1	WP_003862124.1	28.251	223	2.66e-14	69.3
WP_001291293.1	WP_003862124.1	23.529	204	2.77e-11	60.1
WP_001291293.1	WP_011014139.1	26.957	230	3.65e-14	69.7
WP_001291293.1	WP_011014139.1	25.833	240	1.30e-12	64.7
WP_001291293.1	WP_011014785.1	28.488	172	5.23e-14	66.6
WP_001291293.1	WP_011013985.1	21.702	235	5.29e-14	66.6
WP_001291293.1	WP_011015345.1	26.316	228	1.28e-13	66.6
WP_001291293.1	WP_011014374.1	26.316	190	5.49e-13	63.9
WP_001291293.1	WP_011014362.1	25.506	247	1.30e-12	64.3
WP_001291293.1	WP_011014011.1	27.347	245	1.50e-12	64.3
WP_001291293.1	WP_003861735.1	25.751	233	1.52e-12	63.2
WP_001291293.1	WP_011265940.1	25.561	223	3.38e-12	62.0
WP_001291293.1	WP_011013622.1	23.237	241	1.41e-11	60.1
WP_001291293.1	WP_011015261.1	25.551	227	1.58e-11	59.7
WP_001291293.1	WP_003856078.1	26.106	226	3.36e-11	58.9
WP_001291293.1	WP_011014233.1	24.153	236	3.88e-11	60.1
WP_001291293.1	WP_011014233.1	25.664	226	1.54e-08	52.0
WP_001291293.1	WP_011013331.1	25.217	230	1.40e-10	56.6
WP_001291293.1	WP_011015133.1	23.830	235	1.67e-10	58.2
WP_001291293.1	WP_011015133.1	24.820	278	1.66e-07	48.9
WP_001291293.1	WP_011013466.1	23.118	186	4.36e-10	55.8
WP_001291293.1	WP_011013968.1	25.243	206	1.11e-09	55.5
WP_001291293.1	WP_011013968.1	21.891	201	2.56e-07	48.1
WP_001291293.1	WP_011266014.1	32.143	112	1.14e-09	55.1
WP_001291293.1	WP_011014216.1	26.432	227	2.18e-08	50.8
WP_001291293.1	WP_011265869.1	26.882	186	1.35e-07	48.9
WP_001291293.1	WP_011014865.1	30.508	177	4.70e-07	47.4
WP_001291293.1	WP_011014089.1	25.140	179	6.10e-07	47.0
WP_001291293.1	WP_020948580.1	41.667	48	3.51e-06	44.7
WP_001291370.1	WP_011013952.1	28.037	535	1.80e-50	182
WP_001291370.1	WP_011015573.1	28.448	116	1.26e-07	51.2
WP_001291370.1	WP_011014916.1	22.381	420	1.41e-07	51.2
WP_001291370.1	WP_011015075.1	41.379	58	3.66e-07	49.7
WP_001291370.1	WP_011015075.1	26.238	202	1.15e-06	48.1
WP_001291663.1	WP_011014494.1	25.595	336	1.04e-17	81.6
WP_001292326.1	WP_011013594.1	36.496	137	8.18e-13	64.3
WP_001292326.1	WP_011013781.1	29.915	117	7.68e-12	60.8
WP_001292326.1	WP_011013600.1	27.000	100	1.02e-09	54.7
WP_001292326.1	WP_003856192.1	29.915	117	7.19e-09	52.0
WP_001293838.1	WP_003862210.1	39.432	317	1.94e-72	223
WP_001293838.1	WP_011014335.1	24.233	326	4.36e-14	68.2
WP_001808398.1	WP_003855284.1	38.819	237	4.88e-39	142
WP_001808442.1	WP_003855899.1	56.269	327	6.69e-129	369
WP_001808442.1	WP_003855936.1	35.593	118	3.24e-09	54.3
WP_001808444.1	WP_011014431.1	24.138	232	4.73e-11	59.3
WP_001808482.1	WP_003860289.1	44.762	105	3.52e-21	84.0
WP_001808562.1	WP_003857431.1	36.967	211	3.81e-33	119
WP_001808562.1	WP_003854632.1	32.751	229	2.40e-27	105
WP_001808562.1	WP_003858089.1	29.717	212	4.48e-27	102
WP_001808562.1	WP_011013807.1	26.695	236	1.98e-25	99.0
WP_001808562.1	WP_003858826.1	28.632	234	2.85e-25	98.2
WP_001808562.1	WP_011014379.1	29.437	231	1.46e-24	96.7
WP_001808562.1	WP_011015040.1	26.160	237	5.64e-23	94.7
WP_001808562.1	WP_011015040.1	25.871	201	1.13e-17	79.3
WP_001808562.1	WP_011014850.1	32.338	201	5.94e-23	92.8
WP_001808562.1	WP_011015284.1	32.227	211	9.64e-23	91.7
WP_001808562.1	WP_011014450.1	29.858	211	1.88e-22	92.0
WP_001808562.1	WP_011013642.1	30.476	210	2.42e-22	92.0
WP_001808562.1	WP_011013338.1	28.780	205	5.03e-22	89.4
WP_001808562.1	WP_011014374.1	29.126	206	9.92e-22	88.6
WP_001808562.1	WP_011015261.1	30.244	205	2.35e-21	87.0
WP_001808562.1	WP_011013996.1	25.172	290	2.94e-21	88.2
WP_001808562.1	WP_011013931.1	30.093	216	6.16e-21	85.9
WP_001808562.1	WP_004567959.1	26.923	208	6.90e-21	87.0
WP_001808562.1	WP_011014212.1	30.457	197	7.68e-21	85.9
WP_001808562.1	WP_011014492.1	29.268	246	2.21e-20	84.7
WP_001808562.1	WP_011013698.1	26.360	239	3.34e-20	84.7
WP_001808562.1	WP_003855103.1	27.805	205	8.94e-20	82.8
WP_001808562.1	WP_003856445.1	27.313	227	1.32e-19	83.2
WP_001808562.1	WP_003860245.1	29.064	203	3.38e-19	82.0
WP_001808562.1	WP_011013622.1	25.957	235	3.41e-19	82.0
WP_001808562.1	WP_011015140.1	28.571	210	3.88e-19	83.2
WP_001808562.1	WP_011013331.1	30.275	218	1.47e-18	79.3
WP_001808562.1	WP_011013906.1	26.609	233	1.61e-18	79.7
WP_001808562.1	WP_011013802.1	25.207	242	5.59e-18	78.6
WP_001808562.1	WP_011015345.1	22.074	299	5.99e-18	79.0
WP_001808562.1	WP_011013479.1	27.556	225	1.30e-17	78.2
WP_001808562.1	WP_011013333.1	31.633	196	1.85e-17	76.6
WP_001808562.1	WP_011265940.1	23.828	256	2.18e-17	76.6
WP_001808562.1	WP_011013783.1	27.700	213	2.26e-17	76.3
WP_001808562.1	WP_011013984.1	25.532	235	4.00e-17	75.5
WP_001808562.1	WP_011013851.1	25.339	221	3.18e-16	74.3
WP_001808562.1	WP_011013968.1	29.268	205	5.00e-16	74.7
WP_001808562.1	WP_011013968.1	25.000	276	7.46e-15	71.2
WP_001808562.1	WP_003857536.1	29.442	197	7.13e-16	72.0
WP_001808562.1	WP_003861735.1	26.267	217	1.43e-15	72.0
WP_001808562.1	WP_011015020.1	26.577	222	2.66e-15	72.4
WP_001808562.1	WP_011014807.1	24.797	246	3.54e-15	72.0
WP_001808562.1	WP_011014807.1	24.413	213	4.09e-11	59.7
WP_001808562.1	WP_011015133.1	27.778	234	6.92e-15	71.2
WP_001808562.1	WP_011015133.1	24.615	260	8.61e-09	52.8
WP_001808562.1	WP_011013985.1	27.320	194	1.06e-14	68.6
WP_001808562.1	WP_011014910.1	28.205	234	1.25e-14	70.5
WP_001808562.1	WP_011014910.1	28.421	190	2.71e-09	54.3
WP_001808562.1	WP_011014233.1	25.403	248	1.26e-14	70.5
WP_001808562.1	WP_011014233.1	22.596	208	3.69e-11	59.7
WP_001808562.1	WP_011265986.1	26.267	217	1.76e-14	70.1
WP_001808562.1	WP_003862124.1	30.412	194	5.91e-14	68.2
WP_001808562.1	WP_003862124.1	26.738	187	2.43e-09	54.3
WP_001808562.1	WP_011015221.1	28.507	221	1.07e-13	66.2
WP_001808562.1	WP_011014139.1	27.907	215	6.09e-13	65.5
WP_001808562.1	WP_011014139.1	23.789	227	1.99e-12	63.9
WP_001808562.1	WP_011015118.1	24.590	244	1.02e-12	64.7
WP_001808562.1	WP_011015118.1	27.586	232	1.04e-12	64.7
WP_001808562.1	WP_011013712.1	24.880	209	1.37e-12	64.3
WP_001808562.1	WP_011013712.1	22.791	215	3.18e-10	57.0
WP_001808562.1	WP_011014011.1	26.432	227	2.01e-12	63.9
WP_001808562.1	WP_011014327.1	30.000	150	7.73e-12	61.6
WP_001808562.1	WP_011013466.1	26.923	208	1.51e-11	60.1
WP_001808562.1	WP_011014216.1	25.346	217	1.63e-11	60.1
WP_001808562.1	WP_003856990.1	27.149	221	4.38e-11	58.5
WP_001808562.1	WP_011014012.1	25.877	228	5.32e-11	59.3
WP_001808562.1	WP_011014443.1	27.273	231	5.56e-11	59.3
WP_001808562.1	WP_011014443.1	25.728	206	5.54e-09	53.1
WP_001808562.1	WP_011014089.1	29.897	194	1.57e-10	58.2
WP_001808562.1	WP_011014089.1	28.947	114	8.68e-06	43.1
WP_001808562.1	WP_011014540.1	27.907	215	3.22e-10	55.1
WP_001808562.1	WP_011265869.1	27.907	215	3.59e-09	53.9
WP_001808562.1	WP_011014362.1	25.214	234	4.05e-09	53.5
WP_001808562.1	WP_011014319.1	36.765	68	4.19e-08	50.8
WP_001808562.1	WP_011014319.1	32.353	68	3.20e-06	44.7
WP_001808562.1	WP_020948580.1	41.379	58	7.44e-08	49.7
WP_001808562.1	WP_011014785.1	26.872	227	7.71e-08	48.5
WP_001808562.1	WP_011014110.1	28.346	127	1.93e-07	48.5
WP_001808562.1	WP_011014154.1	34.375	128	1.08e-06	46.2
WP_001808562.1	WP_011265741.1	54.545	33	4.99e-06	43.9
WP_001808562.1	WP_011014424.1	22.807	228	9.09e-06	43.1
WP_001808618.1	WP_020447892.1	38.889	54	5.91e-08	42.4
WP_001808618.1	WP_011015377.1	30.769	65	2.48e-06	40.0
WP_001808726.1	WP_011013873.1	25.653	421	8.52e-22	93.6
WP_001808750.1	WP_011014298.1	46.283	417	1.64e-105	343
WP_001808750.1	WP_011014298.1	38.989	277	2.34e-53	196
WP_001808830.1	WP_011014495.1	32.653	147	1.29e-13	61.2
WP_001809104.1	WP_003858439.1	36.735	49	6.33e-06	35.4
WP_001809263.1	WP_003853851.1	20.792	101	7.22e-06	40.8
WP_001809622.1	WP_011013327.1	65.385	26	2.88e-07	41.6
WP_001809884.1	WP_011014751.1	24.138	116	3.75e-06	43.1
WP_001809911.1	WP_011265456.1	37.624	101	2.60e-22	80.1
WP_001813450.1	WP_011014768.1	34.867	413	8.40e-61	200
WP_001813450.1	WP_011015065.1	26.786	448	3.04e-25	104
WP_001813866.1	WP_011014211.1	26.160	237	1.24e-26	100
WP_001814363.1	WP_011265767.1	27.902	448	4.02e-39	144
WP_001818763.1	WP_011897202.1	42.330	352	2.56e-87	263
WP_001820908.1	WP_011014836.1	27.703	148	6.63e-08	47.8
WP_001821797.1	WP_011013781.1	33.028	109	9.90e-09	51.6
WP_001821805.1	WP_011265737.1	31.301	246	4.49e-36	127
WP_001821805.1	WP_004567523.1	29.388	245	1.02e-21	89.0
WP_001821805.1	WP_011013848.1	25.500	200	1.02e-11	60.8
WP_001821805.1	WP_011014325.1	25.926	108	2.42e-06	44.3
WP_001827240.1	WP_011014796.1	41.909	723	1.26e-164	489
WP_001827240.1	WP_011014303.1	30.088	113	1.12e-08	54.3
WP_001827240.1	WP_011014303.1	40.260	77	4.05e-07	49.3
WP_001829432.1	WP_011014926.1	24.168	691	2.48e-21	95.1
WP_001833285.1	WP_011015020.1	40.359	223	9.56e-51	171
WP_001833285.1	WP_011014139.1	38.696	230	1.16e-46	162
WP_001833285.1	WP_011014139.1	32.353	238	1.05e-34	127
WP_001833285.1	WP_011014012.1	36.709	237	1.81e-46	159
WP_001833285.1	WP_011014011.1	34.498	229	1.63e-43	152
WP_001833285.1	WP_011014362.1	34.764	233	2.44e-35	128
WP_001833285.1	WP_011265658.1	34.101	217	1.50e-31	118
WP_001833285.1	WP_011014424.1	29.707	239	9.72e-30	113
WP_001833285.1	WP_011265869.1	31.858	226	1.37e-25	100
WP_001833285.1	WP_003854632.1	28.444	225	1.97e-23	93.6
WP_001833285.1	WP_003858089.1	29.956	227	1.95e-20	83.2
WP_001833285.1	WP_011015118.1	28.889	225	5.58e-19	82.0
WP_001833285.1	WP_011015118.1	26.957	230	6.26e-11	58.2
WP_001833285.1	WP_011014865.1	34.857	175	2.00e-18	80.1
WP_001833285.1	WP_003857431.1	28.700	223	7.62e-18	76.6
WP_001833285.1	WP_011013642.1	29.487	234	1.22e-17	77.4
WP_001833285.1	WP_011014379.1	25.600	250	1.51e-17	76.3
WP_001833285.1	WP_011013931.1	28.293	205	1.70e-17	75.1
WP_001833285.1	WP_003855103.1	29.302	215	2.05e-17	75.1
WP_001833285.1	WP_011014807.1	28.139	231	3.86e-17	76.6
WP_001833285.1	WP_011014807.1	28.216	241	1.20e-11	60.5
WP_001833285.1	WP_003860245.1	28.959	221	1.06e-16	73.9
WP_001833285.1	WP_003858826.1	26.522	230	1.22e-16	73.6
WP_001833285.1	WP_011013802.1	26.695	236	1.46e-16	73.6
WP_001833285.1	WP_011014374.1	27.004	237	1.64e-16	72.8
WP_001833285.1	WP_011014450.1	29.333	225	2.23e-16	73.6
WP_001833285.1	WP_011013698.1	26.068	234	4.77e-16	72.0
WP_001833285.1	WP_011013783.1	27.619	210	6.45e-16	71.2
WP_001833285.1	WP_011015221.1	28.689	244	8.64e-16	71.2
WP_001833285.1	WP_011014492.1	28.571	217	9.42e-16	70.9
WP_001833285.1	WP_011013479.1	28.870	239	1.18e-14	68.6
WP_001833285.1	WP_011014212.1	29.384	211	2.42e-14	67.0
WP_001833285.1	WP_011015284.1	27.660	235	1.75e-13	64.7
WP_001833285.1	WP_011013807.1	24.569	232	2.59e-13	64.3
WP_001833285.1	WP_011015140.1	27.027	222	2.91e-13	64.7
WP_001833285.1	WP_011014327.1	29.592	196	2.95e-13	64.7
WP_001833285.1	WP_003862124.1	27.451	204	4.04e-13	64.7
WP_001833285.1	WP_003862124.1	25.253	198	2.07e-06	44.3
WP_001833285.1	WP_003857536.1	25.214	234	5.00e-13	62.8
WP_001833285.1	WP_011014233.1	28.972	214	7.17e-13	63.9
WP_001833285.1	WP_011014233.1	24.545	220	2.25e-07	47.4
WP_001833285.1	WP_011013338.1	27.805	205	7.35e-13	62.8
WP_001833285.1	WP_011014850.1	26.733	202	2.11e-12	62.0
WP_001833285.1	WP_003856445.1	27.948	229	4.60e-12	60.5
WP_001833285.1	WP_011014154.1	29.000	200	8.70e-12	60.8
WP_001833285.1	WP_011265940.1	26.009	223	1.11e-11	59.7
WP_001833285.1	WP_011013851.1	26.638	229	1.45e-11	59.7
WP_001833285.1	WP_011015345.1	26.577	222	1.89e-11	59.3
WP_001833285.1	WP_011015040.1	25.854	205	3.43e-11	58.9
WP_001833285.1	WP_011015040.1	25.455	220	1.31e-06	45.1
WP_001833285.1	WP_011013968.1	28.311	219	5.16e-11	58.5
WP_001833285.1	WP_011013968.1	25.789	190	3.99e-08	49.7
WP_001833285.1	WP_011013712.1	24.390	246	1.35e-10	57.4
WP_001833285.1	WP_011013906.1	22.831	219	2.15e-10	55.8
WP_001833285.1	WP_011014216.1	24.419	258	4.59e-10	55.1
WP_001833285.1	WP_011013333.1	29.630	162	4.92e-10	54.7
WP_001833285.1	WP_011265986.1	27.542	236	1.21e-09	54.3
WP_001833285.1	WP_011013985.1	22.689	238	1.55e-09	53.1
WP_001833285.1	WP_003856078.1	26.027	219	3.73e-09	52.0
WP_001833285.1	WP_011014000.1	30.275	109	1.37e-08	51.2
WP_001833285.1	WP_011013331.1	28.638	213	1.78e-08	49.7
WP_001833285.1	WP_011013466.1	24.074	216	3.02e-08	49.7
WP_001833285.1	WP_004567959.1	22.927	205	3.23e-08	49.7
WP_001833285.1	WP_011014785.1	22.703	185	3.30e-08	49.3
WP_001833285.1	WP_003861735.1	25.822	213	8.32e-08	48.1
WP_001833285.1	WP_011014351.1	24.878	205	1.69e-07	47.8
WP_001833285.1	WP_011266014.1	24.242	165	2.09e-07	47.4
WP_001833285.1	WP_020948580.1	53.488	43	2.50e-07	47.4
WP_001833285.1	WP_011265741.1	36.986	73	4.95e-07	46.6
WP_001833285.1	WP_011015133.1	26.286	175	1.67e-06	44.7
WP_001833285.1	WP_011013996.1	25.110	227	2.33e-06	43.9
WP_001835921.1	WP_003856016.1	47.103	397	8.44e-132	382
WP_001849729.1	WP_011265722.1	26.606	109	1.34e-07	45.8
WP_001850342.1	WP_011015463.1	33.333	114	1.63e-10	54.3
WP_001855317.1	WP_011014584.1	23.735	573	3.00e-25	107
WP_010963212.1	WP_011013589.1	40.212	189	1.31e-39	131
WP_010963246.1	WP_003863507.1	39.886	351	1.13e-93	281
WP_010963246.1	WP_003854866.1	35.366	328	1.37e-55	182
WP_010963255.1	WP_208396445.1	36.902	794	1.45e-156	474
WP_029645249.1	WP_011014780.1	26.512	215	5.96e-21	84.0
WP_029645249.1	WP_011014781.1	28.141	199	8.99e-16	70.9
WP_029645249.1	WP_003858824.1	30.667	150	5.86e-11	57.4
WP_061631657.1	WP_011014833.1	33.721	86	7.84e-07	43.5
WP_061631657.1	WP_011014350.1	29.885	87	4.20e-06	41.6
WP_074017595.1	WP_011015292.1	46.154	468	7.69e-143	413
WP_075270813.1	WP_011013628.1	25.824	182	7.88e-12	59.3
WP_075270813.1	WP_011014943.1	23.944	142	7.18e-07	44.7
WP_075270813.1	WP_101677576.1	25.882	85	8.52e-07	44.3
WP_075270813.1	WP_011265689.1	26.786	112	1.18e-06	43.9
WP_078064020.1	WP_011015020.1	36.279	215	1.62e-42	147
WP_078064020.1	WP_011014139.1	37.037	216	4.23e-39	139
WP_078064020.1	WP_011014139.1	35.514	214	9.67e-35	127
WP_078064020.1	WP_011014011.1	34.685	222	1.20e-38	137
WP_078064020.1	WP_011014012.1	30.841	214	1.02e-36	131
WP_078064020.1	WP_011265658.1	33.790	219	4.52e-32	118
WP_078064020.1	WP_011014424.1	31.839	223	3.80e-29	110
WP_078064020.1	WP_011014362.1	29.167	216	2.24e-28	108
WP_078064020.1	WP_011014807.1	33.040	227	3.01e-27	105
WP_078064020.1	WP_011014807.1	30.222	225	3.97e-21	87.4
WP_078064020.1	WP_011014865.1	35.417	192	2.35e-26	102
WP_078064020.1	WP_003854632.1	31.336	217	6.19e-24	94.4
WP_078064020.1	WP_011013642.1	32.258	217	1.16e-22	90.5
WP_078064020.1	WP_011265869.1	29.048	210	5.04e-22	90.1
WP_078064020.1	WP_011013802.1	28.311	219	2.07e-21	85.9
WP_078064020.1	WP_011015118.1	30.047	213	1.84e-20	85.5
WP_078064020.1	WP_011015118.1	29.358	218	3.34e-13	64.3
WP_078064020.1	WP_011014374.1	29.167	216	2.62e-20	82.4
WP_078064020.1	WP_011013338.1	30.542	203	3.85e-20	82.4
WP_078064020.1	WP_003855103.1	30.476	210	4.30e-20	81.6
WP_078064020.1	WP_011014492.1	30.435	207	5.51e-20	81.6
WP_078064020.1	WP_011015040.1	30.693	202	1.46e-19	82.8
WP_078064020.1	WP_011015040.1	28.070	228	1.09e-15	71.6
WP_078064020.1	WP_011013783.1	30.288	208	1.63e-19	80.5
WP_078064020.1	WP_011014850.1	26.829	205	2.32e-17	75.1
WP_078064020.1	WP_011013985.1	27.041	196	4.05e-17	73.6
WP_078064020.1	WP_011014379.1	29.630	216	6.70e-17	73.6
WP_078064020.1	WP_011013698.1	25.688	218	8.99e-17	73.2
WP_078064020.1	WP_011265986.1	31.364	220	1.65e-16	73.9
WP_078064020.1	WP_011265940.1	27.189	217	1.98e-16	72.4
WP_078064020.1	WP_011013479.1	27.103	214	1.98e-16	72.8
WP_078064020.1	WP_003857431.1	30.693	202	4.02e-16	71.2
WP_078064020.1	WP_011014212.1	30.000	200	5.52e-16	70.9
WP_078064020.1	WP_011014450.1	28.155	206	1.60e-15	70.5
WP_078064020.1	WP_011013931.1	29.557	203	1.68e-15	69.3
WP_078064020.1	WP_003856445.1	25.561	223	1.71e-15	69.7
WP_078064020.1	WP_011013996.1	26.214	206	7.74e-15	68.6
WP_078064020.1	WP_003860245.1	28.218	202	1.39e-14	67.4
WP_078064020.1	WP_003858826.1	24.201	219	2.11e-14	66.6
WP_078064020.1	WP_011015140.1	28.899	218	2.12e-14	67.4
WP_078064020.1	WP_011014233.1	26.066	211	1.20e-13	65.5
WP_078064020.1	WP_011014233.1	24.299	214	1.27e-07	47.8
WP_078064020.1	WP_011013466.1	26.190	210	1.91e-13	63.9
WP_078064020.1	WP_011013906.1	26.887	212	7.35e-13	62.4
WP_078064020.1	WP_011015284.1	25.664	226	7.46e-13	62.4
WP_078064020.1	WP_011014327.1	26.887	212	7.68e-13	63.2
WP_078064020.1	WP_003858089.1	26.540	211	9.78e-13	61.6
WP_078064020.1	WP_011013333.1	30.387	181	3.15e-12	60.5
WP_078064020.1	WP_011014216.1	25.571	219	7.45e-12	59.7
WP_078064020.1	WP_003857536.1	27.363	201	7.91e-12	58.9
WP_078064020.1	WP_011013712.1	26.009	223	1.22e-11	59.7
WP_078064020.1	WP_011013712.1	26.027	219	1.68e-08	50.4
WP_078064020.1	WP_003856990.1	29.858	211	1.23e-11	58.9
WP_078064020.1	WP_011013968.1	26.486	185	1.78e-11	59.3
WP_078064020.1	WP_011013968.1	25.974	154	1.80e-09	53.1
WP_078064020.1	WP_011014443.1	29.268	205	2.46e-11	58.9
WP_078064020.1	WP_004567959.1	25.359	209	3.25e-11	58.2
WP_078064020.1	WP_011013851.1	26.168	214	6.70e-11	57.4
WP_078064020.1	WP_011014910.1	28.085	235	9.27e-11	57.0
WP_078064020.1	WP_020948580.1	32.414	145	1.63e-10	56.2
WP_078064020.1	WP_011015345.1	25.000	200	6.13e-10	54.3
WP_078064020.1	WP_011013807.1	22.273	220	1.45e-09	52.8
WP_078064020.1	WP_011014154.1	33.333	165	2.13e-09	53.1
WP_078064020.1	WP_011014000.1	33.077	130	2.49e-09	52.8
WP_078064020.1	WP_011014110.1	31.452	124	3.76e-09	52.4
WP_078064020.1	WP_003861735.1	24.762	210	4.09e-09	51.6
WP_078064020.1	WP_011013622.1	22.010	209	1.10e-08	50.4
WP_078064020.1	WP_011015221.1	25.455	220	1.55e-08	50.1
WP_078064020.1	WP_011265741.1	33.654	104	2.62e-08	49.7
WP_078064020.1	WP_003856078.1	26.027	219	5.24e-08	48.5
WP_078064020.1	WP_003862124.1	26.519	181	1.35e-07	47.8
WP_078064020.1	WP_003862124.1	23.118	186	3.91e-06	43.1
WP_078064020.1	WP_011013331.1	25.654	191	2.39e-07	46.2
WP_078064020.1	WP_011014351.1	29.167	168	5.10e-07	45.8
WP_078064020.1	WP_011013984.1	26.531	196	5.18e-07	45.4
WP_078064020.1	WP_011014785.1	25.683	183	1.52e-06	43.9
WP_078064020.1	WP_011014089.1	23.223	211	2.17e-06	43.9
WP_078064020.1	WP_011266014.1	25.000	164	3.16e-06	43.5
WP_078064020.1	WP_011014540.1	22.564	195	5.82e-06	42.0
WP_078064025.1	WP_011014840.1	34.286	105	3.89e-14	67.0
WP_078064025.1	WP_011013472.1	34.177	79	6.86e-07	45.8
WP_186004740.1	WP_003860289.1	52.778	36	8.72e-07	40.4
WP_223200759.1	WP_011015348.1	25.604	207	1.44e-14	67.8
WP_223200759.1	WP_011014779.1	25.888	197	3.17e-11	57.8
WP_225532538.1	WP_011015522.1	37.037	216	5.24e-28	103
WP_225532538.1	WP_011015009.1	28.017	232	6.56e-16	72.0
WP_277592615.1	WP_011014790.1	46.973	479	4.41e-136	422
WP_277592615.1	WP_011265582.1	26.667	285	2.17e-21	96.3
WP_307772067.1	WP_011014139.1	22.112	303	3.89e-14	70.1
WP_307772067.1	WP_011014139.1	21.453	289	2.31e-12	64.3
WP_307772067.1	WP_011265658.1	17.193	285	2.87e-10	57.8
WP_307772067.1	WP_011014012.1	21.854	302	6.84e-09	53.5
WP_307772067.1	WP_011014011.1	22.034	295	1.12e-08	52.8
WP_371258104.1	WP_011015172.1	43.878	196	2.40e-41	140
WP_409202193.1	WP_011014093.1	22.927	410	8.94e-16	75.1
WP_409202193.1	WP_011015071.1	22.683	410	3.88e-15	73.2
